request type,LIC,
41o2d6,1,
h7NW4x,1,
5Qdt45,1,
87QP02,1,
6t5j4E,1,
V2e271,1,
OP8171,1,
lAf2M2,1,
4XO508,1,
U3P2xF,1,
x6VKhv,1,
02QaX1,1,
3OabrH,1,
dLF1n8,1,
4K6851,1,
344frY,1,
60EsA5,1,
K4aoM6,1,
45rJv6,1,
e0Pr52,1,
36Y821,1,
7Sm6e2,1,
7c3623,1,
U7I43b,1,
n16E8U,1,
NF5Kbu,1,
je3gTH,1,
y182q0,1,
vxCQk7,1,
31656Y,1,
4V4054,1,
r35Wi4,1,
57ea36,1,
2Cc562,1,
42TffQ,1,
qF2s2P,1,
AgA527,1,
32NG01,1,
0e234p,1,
shk603,1,
7kBMDG,1,
5NRRy7,1,
17C82M,1,
cW0Osg,1,
2flenI,1,
22BN85,1,
H6w4XT,1,
Q6h75a,1,
U1XqAK,1,
8W05KW,1,
0r2302,1,
0IcDs6,1,
jR6vbg,1,
5y1OC3,1,
43ANOQ,1,
1YQw4q,1,
6Pmj1h,1,
6Q30Wb,1,
0jP674,1,
V6tR3A,1,
358Xpd,1,
g84Ua8,1,
e72YhA,1,
51j8j7,1,
2tJ7y5,1,
E3a31q,1,
rI7065,1,
8uruv6,1,
h6N1YC,1,
E8804N,1,
AgpWXR,1,
Yn4Oe8,1,
73456X,1,
35F4m7,1,
C5fal4,1,
Nx7i2C,1,
3q61v3,1,
Y4Y466,1,
i05m73,1,
2tRJ7q,1,
5i1Gf2,1,
aP718i,1,
8x304C,1,
0GXnww,1,
0IH6I1,1,
TL38h1,1,
vpf82Q,1,
2n383i,1,
86K36w,1,
3g0N6k,1,
0846bI,1,
N31nj0,1,
N5Kby1,1,
G50K3p,1,
c246O4,1,
sI0487,1,
LM6a84,1,
ol20E8,1,
v1cb52,1,
DP4O71,1,
7cpve5,1,
f5Ni6l,1,
5B0l13,1,
U0Nmg2,1,
dHl46X,1,
a57832,1,
n1N3C5,1,
tFa85C,1,
y51yuo,1,
62jN63,1,
uir874,1,
437143,1,
y6kW5p,1,
2a2K61,1,
Rs37js,1,
L4d8u0,1,
5o16J8,1,
47U07m,1,
FW402T,1,
YD61xR,1,
317f5q,1,
O38Nw4,1,
iUHYq1,1,
7SHkUI,1,
O55648,1,
U35Fnp,1,
5E0277,1,
65bD8s,1,
jnsH5S,1,
856mo1,1,
6rK74e,1,
H8MGhj,1,
Pl657m,1,
Y4Qw11,1,
83RI0q,1,
8aYRxv,1,
m0w27x,1,
yU781D,1,
GT6205,1,
746l51,1,
d66dL0,1,
5K1Hx5,1,
561lg8,1,
5MAA5F,1,
jb0VE8,1,
UQkN2N,1,
pafVW5,1,
6reTP1,1,
4aA5Y8,1,
4B4UmP,1,
wS36kR,1,
83D2U1,1,
47Mk8m,1,
7jT7Ow,1,
Ss234J,1,
4U7A4o,1,
01ss4L,1,
Q1c4e0,1,
d2Em0i,1,
e8d24C,1,
2710V7,1,
gLeg55,1,
6QL763,1,
atVU47,1,
LmVr67,1,
0484aX,1,
26s86C,1,
57CH8O,1,
01f4y0,1,
mis8iK,1,
XmG2b3,1,
W70410,1,
N6B3MH,1,
65hS5Y,1,
qk2Qj6,1,
o66g53,1,
k0lx48,1,
vsetws,1,
8YK551,1,
8M64m1,1,
A51026,1,
8D2lL7,1,
eMKrN8,1,
E17c2W,1,
L88778,1,
X0s60X,1,
0G0e2P,1,
0S53j3,1,
07cWq2,1,
58mW4S,1,
212M46,1,
cIwYNY,1,
8337t3,1,
FB4B17,1,
mXuA7P,1,
O4e405,1,
cwm8C5,1,
VFpJFo,1,
peE6rh,1,
xKDp7A,1,
A5FNGe,1,
603f84,1,
11h301,1,
3baH42,1,
yA0003,1,
631d4C,1,
A7tR08,1,
615cN4,1,
lSC50v,1,
4720U3,1,
21C8Ia,1,
4c6VJ2,1,
r432A4,1,
r2o2l2,1,
G0b7He,1,
M3n1wj,1,
P6LE8P,1,
p1mn3n,1,
wO833v,1,
2P5EaX,1,
wf06Om,1,
B60337,1,
ixa385,1,
53SUky,1,
00C16T,1,
6l1q1C,1,
W4u4gJ,1,
r4N3gj,1,
867CJ5,1,
0EC0f1,1,
T61C27,1,
b028i4,1,
45T48u,1,
00t6HV,1,
0b580V,1,
58um4r,1,
73s306,1,
1eD7di,1,
24r727,1,
vNPm64,1,
27efu4,1,
4Dm644,1,
B8X0E7,1,
qSY70c,1,
x25HXN,1,
5Ho5V5,1,
603877,1,
kc8045,1,
7Yr71F,1,
pgOL57,1,
Jm2Jr6,1,
kfYub2,1,
5ciPyI,1,
m33B8p,1,
JHVo4i,1,
cDg45k,1,
eE6y5f,1,
5O1G63,1,
8uPl72,1,
4cK48w,1,
8Ra505,1,
cf6850,1,
171JI5,1,
6DE4C1,1,
375DR1,1,
6Ra2L2,1,
3e7S10,1,
8Um135,1,
40ef85,1,
52I0D7,1,
Sj76eA,1,
G2m4LD,1,
u0s27D,1,
bqI80b,1,
WVbC02,1,
36535J,1,
56FhV7,1,
dB16pm,1,
s144j1,1,
V1L4EM,1,
3uUPB4,1,
0TFwB8,1,
2vi081,1,
64e2cP,1,
7QL2G4,1,
0bu53b,1,
R833rr,1,
5g4gWU,1,
0cEm0N,1,
PuOx62,1,
n6bQ8a,1,
2cVS76,1,
621b43,1,
M37228,1,
Sh4070,1,
G258o7,1,
k8t75o,1,
El4fKa,1,
26T173,1,
hO1M13,1,
3533i0,1,
Qf4hUr,1,
014V7s,1,
1eIS8R,1,
D8deio,1,
0Jyj3N,1,
d3d3EY,1,
k6DB8D,1,
0De0gw,1,
1m83L8,1,
21FPC6,1,
6805CP,1,
3chV31,1,
45764g,1,
Y05YQ7,1,
tj6F33,1,
030312,1,
02jm8t,1,
dTL832,1,
211320,1,
m38ei4,1,
1eDd2Y,1,
Hmjh24,1,
41N623,1,
QU1457,1,
pi2xa5,1,
m30KU0,1,
F85PSU,1,
7ifN4X,1,
J6E60n,1,
3B88WJ,1,
55U74G,1,
P7dvKy,1,
774Vw0,1,
X218G6,1,
HTduT2,1,
1vl4Jb,1,
170X57,1,
e63A6Q,1,
3285wj,1,
U38I3E,1,
8I8q8h,1,
iM8f0P,1,
4u815W,1,
348V8U,1,
U36wQ7,1,
bx76w6,1,
A54At7,1,
70n0h8,1,
2HUeea,1,
q0B68k,1,
pnK10j,1,
JswG22,1,
w5P6ya,1,
m85n31,1,
24e1Ev,1,
U5SO7p,1,
40370h,1,
fR5PED,1,
NCgg03,1,
jW357q,1,
5Y84c4,1,
T82j8j,1,
L2i5Cp,1,
847L13,1,
342268,1,
01EtRc,1,
67B8iA,1,
U7e63W,1,
711u13,1,
HS0861,1,
L8wW84,1,
5vT852,1,
4j74t8,1,
D558n2,1,
7g78Xq,1,
88L47e,1,
6483ha,1,
CuPjmk,1,
CF7fw2,1,
N75V2s,1,
8AL36c,1,
3Sy651,1,
1U6627,1,
21JKqP,1,
558q18,1,
00E37c,1,
88pQA4,1,
0gU26S,1,
fRV1S5,1,
7646s6,1,
kH7Xsm,1,
13ws45,1,
5Q15s4,1,
3nWr8w,1,
I8Y4W4,1,
57fghg,1,
JOdeu3,1,
173153,1,
4n1UVR,1,
577XnD,1,
23TAw1,1,
H85D28,1,
X3kYqD,1,
Mu833J,1,
130TD3,1,
6H0tq8,1,
2s7K82,1,
84cx3E,1,
nDR5aH,1,
0c87ay,1,
G3L37S,1,
a52aon,1,
W6s1A5,1,
0VD83Y,1,
mv66la,1,
66p8C6,1,
U6R0pT,1,
170241,1,
8214o8,1,
40265L,1,
fw4075,1,
h486rO,1,
2Fx734,1,
07Nm10,1,
17oM3o,1,
3h2j05,1,
WOAbd6,1,
6W6x11,1,
LH6aU8,1,
4OcO85,1,
047x85,1,
8261fw,1,
nNCNPy,1,
10MA66,1,
f43832,1,
432ICv,1,
2Oss55,1,
0g5h07,1,
4KlCje,1,
3aO2P2,1,
2x8sd3,1,
0dWA0V,1,
Ks3R8e,1,
2Wi244,1,
686QA8,1,
7X82u0,1,
7l0L47,1,
024Std,1,
FwT6l4,1,
2j4c5A,1,
27BJQ1,1,
153iT0,1,
374E64,1,
T4uFo8,1,
Dpx2X7,1,
8RWi2p,1,
Xa2y8a,1,
i8uIKp,1,
VT7m25,1,
553367,1,
EA75bJ,1,
7rq3k7,1,
SNx80T,1,
34gK2H,1,
Y2h24l,1,
QA7cT4,1,
78Sm44,1,
70kvWM,1,
pgi8eB,1,
K5480e,1,
87MD20,1,
5U4wRs,1,
1P156H,1,
UvSni7,1,
X28611,1,
WD7m8p,1,
265NqT,1,
K3fsP2,1,
6C5p1x,1,
L2L76D,1,
hDBY57,1,
68Tt12,1,
008XwF,1,
R8T53G,1,
4u6655,1,
3OJkau,1,
nJntY3,1,
6h4u46,1,
T0b377,1,
Qd2575,1,
144ogP,1,
7xO3f3,1,
jdRlGh,1,
53162d,1,
VGT13Y,1,
28g8PU,1,
7146AI,1,
2Y0w7G,1,
45tHm6,1,
O2J3i6,1,
o34u52,1,
3C2XEY,1,
n66Nu1,1,
7jbv0C,1,
L1ba16,1,
DL22qr,1,
Bt3Rg2,1,
A547Ch,1,
2XUB86,1,
0U4bpe,1,
4BB3YJ,1,
Bs23U3,1,
0e87K1,1,
U3t00c,1,
UGABHw,1,
68704N,1,
Y2fK6y,1,
A335DJ,1,
s183N6,1,
k0y1ef,1,
n0a6GI,1,
U74l0S,1,
3Qd6U5,1,
6pW73T,1,
LuPHS7,1,
rcp0FI,1,
q5Rym2,1,
3T5CU3,1,
2xx8X6,1,
OxX205,1,
jWVI78,1,
4O77ME,1,
aT81P4,1,
O0DH3Y,1,
70Ta14,1,
MPMP67,1,
1460H3,1,
ug3Q7w,1,
684O23,1,
5t0103,1,
6i7x86,1,
LcNbDb,1,
hvj6u4,1,
Eq1gg2,1,
0G043q,1,
3h13B6,1,
oU23L4,1,
f5Fg0h,1,
6fa22Y,1,
3TLU3F,1,
O0ty3A,1,
xlIy5O,1,
6441yj,1,
5W6Lu8,1,
8a23f0,1,
2Ul12K,1,
W8XrD8,1,
5He6o5,1,
iXmXy1,1,
sJJN58,1,
fYbGmP,1,
skx86f,1,
1V1A60,1,
28p213,1,
1S3Y6N,1,
m7h2y6,1,
c1l1Nr,1,
k6l0K8,1,
37Kb7v,1,
nc466V,1,
78Nw44,1,
d5m2ri,1,
Rb25Sr,1,
D4xC16,1,
le8Ju1,1,
11x3m4,1,
q6w66q,1,
f0s848,1,
lS56gY,1,
N0Vl71,1,
V24y35,1,
yp21e3,1,
uI6g75,1,
A26V04,1,
3BNvtC,1,
tVDS55,1,
m8M1r5,1,
7C5Wlr,1,
kW0I41,1,
36h36o,1,
3N56u2,1,
7s4YF0,1,
305mo0,1,
Q82r02,1,
534V17,1,
SqD2aO,1,
TiXxa7,1,
NA3ae7,1,
w5hB15,1,
6EXGHT,1,
7a6k01,1,
7L748N,1,
45Mk3g,1,
08jYC1,1,
BMgX3m,1,
47c76J,1,
70I15y,1,
776170,1,
8gm84x,1,
041K8r,1,
2pbvDC,1,
2Ya013,1,
u4gX06,1,
td06y4,1,
3ef8qI,1,
7741mu,1,
TtHG46,1,
45p664,1,
S707j8,1,
jLh388,1,
07hL23,1,
vNAU0i,1,
5dEFu4,1,
857v15,1,
xJ3L44,1,
38vv76,1,
7EVh4q,1,
iv201C,1,
8Y52L0,1,
183DX2,1,
0e55hc,1,
6848p5,1,
YyBa70,1,
xgv4P3,1,
3h8lt5,1,
17Arh3,1,
6N87YS,1,
3vs1K2,1,
75357u,1,
181805,1,
H6Kvb4,1,
5w2y30,1,
081Kc0,1,
2587J6,1,
m45Ar4,1,
7d0kYL,1,
05t1Ro,1,
271432,1,
5XQ40o,1,
VS43KU,1,
db25DW,1,
gqPf15,1,
8Pqat5,1,
g1xw88,1,
3Drmf2,1,
7N3xra,1,
1H215p,1,
h8nN47,1,
E3Jcje,1,
Iewo4y,1,
2R1Xa0,1,
Gc3vih,1,
Hr8E82,1,
802kJu,1,
6Jrod7,1,
5g645V,1,
56k5x6,1,
HldpRK,1,
ijl7f3,1,
vP2axA,1,
3tpi4f,1,
L64p2L,1,
6qY6jX,1,
34B127,1,
26lW31,1,
856kV8,1,
1x71s5,1,
5mB6Po,1,
382C48,1,
Lw182D,1,
6BswO1,1,
28t654,1,
608q0W,1,
70660e,1,
CxVnHm,1,
Wm8F8d,1,
0e648f,1,
eXQbV1,1,
5408x7,1,
jHN882,1,
232S63,1,
o012Q4,1,
t2377A,1,
75T2k2,1,
703Dx1,1,
1gHK17,1,
Kb0232,1,
X8YDec,1,
872XUY,1,
158612,1,
DM46f1,1,
353Gyq,1,
0IjT44,1,
1664GR,1,
B3K64L,1,
q03BAK,1,
f3Vx23,1,
c34W8G,1,
EHV134,1,
s8sv5L,1,
66760E,1,
Y35223,1,
4okj05,1,
22vn45,1,
1M2pQ1,1,
g2L4S2,1,
32d1U3,1,
0Jun0G,1,
T67y47,1,
7468jg,1,
aW0gD8,1,
O4g2f2,1,
4TCBFT,1,
QTYF11,1,
58rv15,1,
05825U,1,
g4CaI1,1,
K5y7H0,1,
vf6116,1,
832478,1,
07W7S8,1,
A11b6C,1,
42fbjp,1,
Ws37mq,1,
a143vK,1,
V3Cgxa,1,
v76oS2,1,
4IU2EC,1,
31Y5rA,1,
D50K3d,1,
n513pv,1,
aL5Yi0,1,
k6lHOy,1,
04H2j0,1,
54Q5At,1,
704560,1,
AT2sHV,1,
7xLP51,1,
6S6G2W,1,
CIaD6L,1,
k3408c,1,
1k6W5e,1,
N66o4x,1,
3j722l,1,
i30uhm,1,
458D54,1,
8Lfr22,1,
7445x4,1,
0xQ235,1,
A46785,1,
Aj1FAI,1,
A3i158,1,
m20G5L,1,
uBKh8q,1,
4224gg,1,
0wXgfL,1,
cU44k0,1,
UbedCP,1,
7aBC0V,1,
r1752X,1,
HOK35d,1,
3a466U,1,
Pc7155,1,
Pv13kv,1,
b1i1gH,1,
34t801,1,
yG46r1,1,
23GbRW,1,
Vt7h36,1,
s0l18m,1,
tW2227,1,
I7341T,1,
SE0k42,1,
u10my2,1,
63Ye83,1,
nHRf41,1,
kDEX3U,1,
T82PQQ,1,
4dLBXr,1,
nA30Wr,1,
6W84B7,1,
b8l0F6,1,
0xvAO5,1,
Hl6246,1,
a2806S,1,
EN426E,1,
5hB4Y3,1,
o7t0rr,1,
4tg1Qa,1,
4h17iY,1,
3i3082,1,
dA325q,1,
6Sm5CF,1,
12T1V1,1,
b61006,1,
5Gg16Y,1,
a3516U,1,
F32255,1,
veO316,1,
jGTw4L,1,
CXU811,1,
YOyO78,1,
U875nn,1,
j13Aw5,1,
7m2yNc,1,
m70pg1,1,
8a8sc2,1,
aT11Hl,1,
2kQ4IT,1,
2C446x,1,
83CQ2o,1,
2CyL4B,1,
t48Qlf,1,
0S101e,1,
37lur0,1,
8gQ1k8,1,
K5HlA2,1,
AAd2sV,1,
JF6su3,1,
LDlyy2,1,
G6a7qv,1,
lvV32X,1,
rc7ll8,1,
Ru3ivt,1,
4NsK85,1,
4124j0,1,
5O761O,1,
4Ii783,1,
Xj12Kq,1,
jx6L13,1,
31h86j,1,
8F1fH3,1,
Xaiy60,1,
265mxE,1,
M2666X,1,
oeWxoy,1,
T6AK0B,1,
ySs488,1,
jy0YKL,1,
1FL164,1,
30254G,1,
08717x,1,
qq2175,1,
584834,1,
44sC3h,1,
Kk2Tx0,1,
5n8Ian,1,
50nj5N,1,
Lh11X6,1,
n2r33U,1,
R3h584,1,
7Ym8C2,1,
08m68M,1,
118043,1,
r681R7,1,
f77nW6,1,
H7vn3y,1,
1oA6P6,1,
y28HBA,1,
8PAC28,1,
hdP68e,1,
I45Q47,1,
1833Uu,1,
42FGdB,1,
R03007,1,
4O5du7,1,
40177G,1,
8aXQgO,1,
o740G3,1,
Q5UD36,1,
5G82I5,1,
T83XIS,1,
03x0B0,1,
5Krj46,1,
w5b4Kg,1,
n7K416,1,
QfUpcc,1,
Qf65q2,1,
3t68Gf,1,
7R76qY,1,
Mr1o85,1,
8I31Up,1,
6wsxg0,1,
K0S13J,1,
84402V,1,
X6266X,1,
3s3i73,1,
7551f5,1,
7uuR50,1,
6YAlW0,1,
6m2MGN,1,
IfNhev,1,
C55f70,1,
6L2aIV,1,
6O0052,1,
auq5vY,1,
16Vssv,1,
76e8P7,1,
2NbVd5,1,
c74N0v,1,
8A100M,1,
I8jl8t,1,
Cr0770,1,
J13F76,1,
s5P146,1,
3OJ54e,1,
ur454g,1,
7MN14F,1,
QM43X1,1,
D67RSV,1,
58Hi8N,1,
2c7h7r,1,
1tTS5O,1,
FMY480,1,
J084F2,1,
0H5O65,1,
N78573,1,
43LVSk,1,
Q0hDx1,1,
Q5U8i3,1,
rye5C1,1,
w82818,1,
J36G4f,1,
n8qj3L,1,
57pjHH,1,
8311tT,1,
10Ni67,1,
g3qlCS,1,
248563,1,
iN1R7D,1,
1170aU,1,
s7R4i6,1,
G82Sp4,1,
XMUNbo,1,
2n70jL,1,
54QAG2,1,
8c5807,1,
0U2I42,1,
86aVB4,1,
WQKM8t,1,
6Tf111,1,
K0v225,1,
76Y0m4,1,
54UhO5,1,
S00j11,1,
78y74N,1,
113r31,1,
3PQ8d1,1,
i2ji7i,1,
V6g5iw,1,
1L2NT2,1,
jY3eXN,1,
VH7886,1,
I522dH,1,
HlIpYL,1,
B66q88,1,
pOg8o7,1,
488h0s,1,
kK7861,1,
6x4821,1,
wG0bhy,1,
5gqRVr,1,
2d83c1,1,
8rr38X,1,
K52OoG,1,
8D12Fe,1,
3N83PT,1,
FN75q5,1,
qwe88u,1,
Go0XEg,1,
K0u22M,1,
J18872,1,
87Df34,1,
0o6e02,1,
8I5wK7,1,
62A183,1,
oa6CF4,1,
a0Nb1i,1,
ft24n6,1,
uR5yuN,1,
Rno6fm,1,
A0fxrN,1,
52700A,1,
U8J04m,1,
x6I0jL,1,
02731e,1,
5XT471,1,
636Ej0,1,
m2DH77,1,
6HV7TI,1,
2pKXhX,1,
Ma6yg2,1,
6jO5Hf,1,
wKBpt0,1,
8Rr00m,1,
E01rRf,1,
3M8722,1,
fp63A2,1,
757l14,1,
j52uDn,1,
1o4U74,1,
RE8y63,1,
34q1M4,1,
DLN53c,1,
083t44,1,
gQ3R31,1,
4S78Da,1,
7Sluxf,1,
nEvFDF,1,
n6e13r,1,
31V8e6,1,
54DYOA,1,
2FQ6c4,1,
468400,1,
hIcr1u,1,
w76heQ,1,
86Nu4o,1,
Jw2343,1,
WM3607,1,
5TSu17,1,
8Q3R1a,1,
x6yp48,1,
0RQGng,1,
03nB75,1,
M81a13,1,
p67G8f,1,
t0w77m,1,
yx8760,1,
8cr5qM,1,
5d2OPE,1,
Q40M72,1,
4C623H,1,
LW40qb,1,
YcECB6,1,
58uOcO,1,
55Rq3h,1,
n58478,1,
25007Y,1,
1c4N21,1,
FjEOT2,1,
h58741,1,
1gO8Q5,1,
N0Yu3l,1,
5w6pq0,1,
2UNcw1,1,
442vS5,1,
E535by,1,
MRrM7X,1,
4H1mi3,1,
A2sR7F,1,
k3w3V0,1,
t7he2F,1,
F0818V,1,
33V3e1,1,
q6GI04,1,
8Xrk74,1,
88ns2U,1,
554YCq,1,
7P1q50,1,
33EV20,1,
3SG671,1,
82q465,1,
K50u1N,1,
YvjH27,1,
T6Wk04,1,
k5mjFk,1,
6oua23,1,
BJ6Awi,1,
rTMq22,1,
48272a,1,
PIu8CN,1,
7IC4D2,1,
8D5866,1,
iVBo1q,1,
gx2K7M,1,
dn2F27,1,
mt88g3,1,
4V161t,1,
R223k3,1,
8AnAW7,1,
4G17r7,1,
N7U566,1,
uiRQ3G,1,
dq103S,1,
paG502,1,
tU43d0,1,
15M120,1,
2M5UgE,1,
f828HQ,1,
f4Pwi8,1,
220fyh,1,
658L0v,1,
036DmN,1,
5pl287,1,
h4Kj3E,1,
e41yf0,1,
67oIJp,1,
86jQE7,1,
CVu812,1,
3CCx52,1,
V865q7,1,
6gD5II,1,
WsfW04,1,
U5360l,1,
76wTCU,1,
071686,1,
pv174Y,1,
84Tv7p,1,
30e8b7,1,
Ni3I7G,1,
4Ikmf0,1,
hWo8j2,1,
0X2oEp,1,
ShI8PK,1,
8p1LYD,1,
T8cx0f,1,
4qb10N,1,
37uYAT,1,
67j6WJ,1,
083J2R,1,
Vit27u,1,
J00A00,1,
y0s105,1,
24fr0t,1,
44ydi0,1,
16OJI7,1,
W70rOQ,1,
g632KP,1,
b567A8,1,
C6mt52,1,
5520dD,1,
3GTa1F,1,
2ku14J,1,
0H26Vs,1,
7rYW1j,1,
7gYV85,1,
486h0Y,1,
0772rx,1,
Yy0n6e,1,
6V02C6,1,
4131N6,1,
Urs1bP,1,
75mj34,1,
Ie5taL,1,
u0665E,1,
V35626,1,
45hqBc,1,
8LP6PU,1,
0q7uFU,1,
6542Km,1,
3Rb03m,1,
7572V4,1,
W70RQW,1,
62E0G3,1,
3U7J26,1,
4aXN7A,1,
046V5D,1,
Vbr8jH,1,
3Gp3q6,1,
5VMTM5,1,
8cX640,1,
el4Hod,1,
7h6764,1,
0808FS,1,
0E3V43,1,
J5L081,1,
f331uh,1,
53801J,1,
068mE2,1,
ysL8py,1,
T0A446,1,
uy8P0f,1,
qxPN62,1,
It7617,1,
V43jJ0,1,
A14eW5,1,
D848V1,1,
b7CQ6j,1,
AJ0Jsk,1,
qsg43O,1,
8YT8Hm,1,
Jp84q3,1,
8m82x0,1,
O3xyHh,1,
1pX031,1,
T6x68O,1,
4LX6uK,1,
3I6ly1,1,
S5150y,1,
65U340,1,
u81672,1,
6tKa0i,1,
8alPP8,1,
61eM4j,1,
R6KEou,1,
r304Q1,1,
fYiU62,1,
302pna,1,
04G2O0,1,
f1b642,1,
iS4y3Y,1,
eGC27m,1,
Hx888X,1,
Tm25kk,1,
7801m6,1,
2IHq40,1,
115415,1,
o27YiT,1,
738VDV,1,
54bbl2,1,
1a43aG,1,
j336I7,1,
1i1je0,1,
8G075I,1,
1g1n77,1,
65PO75,1,
70QEbL,1,
C6w74d,1,
FMN5qr,1,
0P0t10,1,
1l3BY8,1,
d48X6H,1,
766h04,1,
v17131,1,
36620r,1,
432hT6,1,
k5V7yh,1,
h8Tm67,1,
H85536,1,
Od67wI,1,
1I60ll,1,
1618C8,1,
IO0iG1,1,
705fDr,1,
7gR5s5,1,
5xU7f0,1,
rc0HW5,1,
Bi12C0,1,
k87842,1,
C53V04,1,
Ot7SpG,1,
03P70Y,1,
yU5Nsv,1,
O3013o,1,
P02817,1,
BF16eR,1,
177I73,1,
qVF1c4,1,
3l5384,1,
04iYh6,1,
BU64D8,1,
2lH6O4,1,
L35V16,1,
26kb6o,1,
163j50,1,
TN66X8,1,
m6120s,1,
78sugl,1,
6JfP1c,1,
F77CgR,1,
D878Cf,1,
766oi0,1,
m5K6Q6,1,
43R6tI,1,
ho880G,1,
k0olOx,1,
4W2F4h,1,
xV6f4T,1,
B6g4O6,1,
j52ret,1,
867r4d,1,
10w8Q5,1,
3b7o36,1,
Nmp6rM,1,
7CSF84,1,
s50p8D,1,
uVr31q,1,
652gc6,1,
2FIdF5,1,
n6X20F,1,
6MFF48,1,
Ge6g5d,1,
X6v7a0,1,
f76Q1L,1,
D6o046,1,
6322NK,1,
SK4XPN,1,
Off0Sa,1,
3dG7a3,1,
8x7jvx,1,
7RJu08,1,
Xvug8w,1,
6w0HUQ,1,
16suF7,1,
B2e4Tg,1,
M42Vmj,1,
O32L4c,1,
5EM82G,1,
5opoH6,1,
560eyJ,1,
5xEHsL,1,
5KTvbi,1,
28i142,1,
6bx3k2,1,
a4703B,1,
HfF3Rw,1,
O0f3Ea,1,
q1VG5m,1,
220l27,1,
508pM3,1,
D613HC,1,
nd1Yg3,1,
2350UL,1,
r2vh00,1,
J82f65,1,
6B67m5,1,
Vi2G6g,1,
87x3U2,1,
38qXQ5,1,
234prx,1,
m2Dq42,1,
1v2wc5,1,
yqw2e6,1,
68hbTM,1,
kjp213,1,
1LA3n7,1,
XcLRJ1,1,
73J5mb,1,
Qr4pRA,1,
a6TP02,1,
501883,1,
LG563T,1,
J56P2K,1,
048IC1,1,
1hoNqt,1,
Uy740A,1,
l68E5i,1,
nR14t4,1,
q32T60,1,
17lm20,1,
7b2eS7,1,
NiG841,1,
d57Bq7,1,
76GT33,1,
0p4404,1,
FgCwXl,1,
Y0t683,1,
lN5o64,1,
C4wg46,1,
q03U41,1,
gMu8AP,1,
yrTxYe,1,
28lNLW,1,
joq30A,1,
3520b1,1,
lX0Gj0,1,
Jx6k52,1,
36O77D,1,
tOA288,1,
G388C5,1,
L6AM43,1,
O6725M,1,
106573,1,
Xo28PA,1,
3t3V71,1,
8GgSfY,1,
suW6P2,1,
37sdXj,1,
b3K322,1,
KWPY4a,1,
c6716D,1,
QO2To0,1,
O0NL11,1,
128Gy4,1,
D306sO,1,
7MOSSV,1,
88mebQ,1,
bs581U,1,
eJg6OW,1,
3edy07,1,
EJML6W,1,
m31i3k,1,
eDIl27,1,
1i372s,1,
63XN1A,1,
W4S7m4,1,
5gvL0M,1,
415BuV,1,
F110h7,1,
655456,1,
018O55,1,
O78K4T,1,
Od43Ac,1,
Dthpy1,1,
Y3FY52,1,
c4Ym25,1,
d30hVG,1,
7622d1,1,
6501x5,1,
OJ1x02,1,
cA56ht,1,
A58046,1,
qj322T,1,
3H33w7,1,
1m07Gw,1,
EGN4E0,1,
QGd164,1,
5285OM,1,
6So171,1,
he8wTK,1,
6sJ272,1,
OL785b,1,
775V7m,1,
HAp842,1,
410X08,1,
r6373h,1,
82830T,1,
3d46h3,1,
WC01A2,1,
BD2083,1,
1SYjsx,1,
s3B3S1,1,
DxmD6y,1,
t7rR3p,1,
e0c5BW,1,
748ENu,1,
1P1N4d,1,
e5ivm8,1,
048Q7P,1,
jrI7K5,1,
G27mxu,1,
T60Vsi,1,
M5dysd,1,
m578GK,1,
pLvjdj,1,
UvKvQ2,1,
12SN23,1,
UhhT5y,1,
4u0746,1,
8U77dr,1,
Bew8oS,1,
327wJS,1,
707nq3,1,
WSCLCs,1,
k5m4h6,1,
kt4841,1,
jNY3rl,1,
872502,1,
124f02,1,
g36Hn1,1,
LG5I5Y,1,
mgy3er,1,
V526q8,1,
8DKKj6,1,
25388u,1,
cF7542,1,
424qj6,1,
Mc6g4G,1,
85601K,1,
GvIn2p,1,
JRIe42,1,
Y04IS1,1,
66Nf5n,1,
6OG14E,1,
A6B4lE,1,
UN2a8V,1,
6Sx7Ft,1,
4s06DC,1,
56Nb8S,1,
2mBn55,1,
oXO47L,1,
384OWe,1,
aX7R5v,1,
5wX285,1,
8enLL8,1,
6nXC7b,1,
1u207X,1,
ce1i87,1,
686w4b,1,
13K37w,1,
nlGN25,1,
7s4s1O,1,
q6782H,1,
ly48g5,1,
p7CUOl,1,
x51opo,1,
1x1b85,1,
EeXqmb,1,
62AdDX,1,
00Aq10,1,
6087M4,1,
p5y7E8,1,
18KW01,1,
Idv4bb,1,
jU83ak,1,
1cI3q7,1,
Q1QK2j,1,
H246M8,1,
IQ7f23,1,
DHI73v,1,
281G04,1,
56q71Y,1,
163JOi,1,
4thgIH,1,
jDtqfj,1,
k0e01W,1,
ib808l,1,
7QLUI8,1,
7C8RXB,1,
386168,1,
aeP7yE,1,
5JT2Q4,1,
1o654Q,1,
883s56,1,
l2QgCv,1,
574T0o,1,
M1fkN3,1,
0j17Qv,1,
w5c3i3,1,
34W5I1,1,
4QFa8r,1,
kt55h0,1,
02P6V0,1,
nmr00e,1,
0H377Y,1,
4E5i5i,1,
8H4hUe,1,
7y1I1r,1,
R35wnC,1,
NIj08g,1,
d2p076,1,
161A56,1,
Y34u25,1,
JW61tN,1,
LO7R4p,1,
Pl8lBI,1,
4041Ip,1,
2QJBuL,1,
532B50,1,
y536t1,1,
58XI63,1,
x448Ow,1,
qeP66O,1,
781U4y,1,
6o7Lhd,1,
60oXq4,1,
674pgw,1,
p10nhe,1,
Fw82fA,1,
1Y15RB,1,
L5WCfj,1,
34jy37,1,
4Ys3x0,1,
G34AJq,1,
50R5tF,1,
CP6R7N,1,
L4n805,1,
Agb6Q3,1,
s63eB8,1,
511YTH,1,
6831LC,1,
g82KiY,1,
30A6GG,1,
405l25,1,
8L3t65,1,
S74w06,1,
N2Lweq,1,
0B26qx,1,
811eKQ,1,
7Ly4hx,1,
KV7b7T,1,
2K5LQv,1,
Ob70w7,1,
C2w582,1,
t7jPq8,1,
20F17a,1,
65nI65,1,
160NxI,1,
2272lg,1,
7sln8L,1,
274722,1,
06n203,1,
W1AC03,1,
yS5E0I,1,
8e54Di,1,
4713iW,1,
c6i5g8,1,
M2vYQV,1,
fK54qD,1,
4HJYTE,1,
4130dD,1,
K35Eg4,1,
B4Yy40,1,
5iM2a8,1,
7ilK73,1,
NGy036,1,
2M11m8,1,
SPL2tc,1,
58p45P,1,
5dg16A,1,
V2JJf6,1,
QO7a60,1,
q55x6i,1,
5Ig41x,1,
lxx5OJ,1,
U36tW0,1,
2l6575,1,
2Y6a70,1,
l4a75D,1,
j664l6,1,
6787If,1,
jLo4RK,1,
6J8L02,1,
ANwY0n,1,
B8y5u1,1,
06U40w,1,
eNTyca,1,
qi14t4,1,
xtM85P,1,
74773l,1,
o7FV46,1,
401Rct,1,
625wDE,1,
72SgKg,1,
1dW385,1,
6iE4Ho,1,
nEo5s1,1,
8S58wc,1,
24jIP3,1,
PY0wCp,1,
Iy2c12,1,
Hw1X0x,1,
80W65l,1,
73Q686,1,
78gMn7,1,
YS3WgR,1,
Rb872r,1,
5A7nx4,1,
78X8mg,1,
fjlV0M,1,
QiOT6v,1,
yKO5fb,1,
0R05Aq,1,
EQ1073,1,
7Kg108,1,
3D3tl6,1,
4srw2u,1,
75xcJ8,1,
8560Lj,1,
mHO513,1,
0G4h24,1,
6WWVqX,1,
VBQroN,1,
t7GlB1,1,
H50s43,1,
R7HdV2,1,
8r2381,1,
31x2ks,1,
843CDj,1,
d5p520,1,
55l11N,1,
0NYxE2,1,
4513X6,1,
IIi2v2,1,
rOeYTH,1,
uo7Gk3,1,
27aCq4,1,
IrKgbY,1,
x5l71J,1,
7R43Xh,1,
2ss78i,1,
hw48ii,1,
804c66,1,
404316,1,
820ew5,1,
x0D128,1,
0272BT,1,
S4u0V8,1,
qB7322,1,
X55eqa,1,
dU62EA,1,
6h7k8D,1,
5h654B,1,
451A1d,1,
Tt3tp6,1,
228Fk7,1,
8430Tl,1,
Jy7268,1,
w478C2,1,
6NBm5s,1,
nap876,1,
33vp74,1,
275165,1,
406Iv7,1,
SnX51h,1,
Dl337S,1,
Q3oOW4,1,
vxc83i,1,
44KF15,1,
Ip14m1,1,
Q2h54t,1,
f7n71A,1,
25erK0,1,
7aT4Wg,1,
26G156,1,
GFw6T7,1,
uy053A,1,
r8WH88,1,
Ui4040,1,
7JLVo2,1,
lbCAH5,1,
7vr5a3,1,
8B3Jgt,1,
3eUA7p,1,
4jwIH5,1,
ioma0N,1,
4d3s62,1,
7fEr35,1,
cd116B,1,
31362d,1,
b3Yg1n,1,
Ngv315,1,
uFfM00,1,
8136v2,1,
J23cHe,1,
482CB1,1,
oYB3S7,1,
y2Ck2y,1,
c08I17,1,
uj236r,1,
55886T,1,
I34815,1,
0Qqu41,1,
54116t,1,
44r3bI,1,
5KG43c,1,
eISV82,1,
OuNFPM,1,
H42p15,1,
5lcG76,1,
hLJ084,1,
6s672t,1,
0Oel5g,1,
3e6430,1,
7FbU8x,1,
62852S,1,
8O8i26,1,
14S8d8,1,
36E6rK,1,
136c7D,1,
d62JuY,1,
4xGAJ0,1,
ai44d3,1,
0N7L4a,1,
34cW6h,1,
86t3Dw,1,
g5s3p6,1,
174rwP,1,
m08oMy,1,
4W6702,1,
04ne6U,1,
1V03e0,1,
QJ453A,1,
vC0007,1,
J17181,1,
o6i4i4,1,
7op7v8,1,
D7n45O,1,
n1qY23,1,
lB5W67,1,
K3F8Pm,1,
r2ip2I,1,
6N1tVW,1,
5ATT3Y,1,
Y0K4g2,1,
oBArr2,1,
F0B7xb,1,
Ur3BSX,1,
VAH6yh,1,
48sJs0,1,
6C6pb3,1,
t68d55,1,
v6x6i6,1,
SCA27G,1,
p1Xb0h,1,
Nr3Wl3,1,
11801W,1,
072X8b,1,
2536Fn,1,
g8N4m2,1,
6034w1,1,
H0b45T,1,
DO51d7,1,
Y0a8b2,1,
6yR1Y7,1,
DiCL6o,1,
611P17,1,
N7F263,1,
tt4Wlr,1,
Lj6uD8,1,
KF654A,1,
0v4SXt,1,
8TMFc5,1,
A2agE3,1,
Xy58D3,1,
344Y63,1,
01m12V,1,
0rg8Ku,1,
D1826f,1,
M8k0V8,1,
RF8681,1,
776Y05,1,
22O1d4,1,
w8o30A,1,
7MCKa1,1,
7vjVy8,1,
7O36jJ,1,
8F1427,1,
f6Te04,1,
47M5ha,1,
7Lt227,1,
6481o1,1,
x2445Q,1,
020240,1,
b0GlCt,1,
N41135,1,
l8k18P,1,
I846Au,1,
7Ge17K,1,
43k154,1,
11030B,1,
vsb865,1,
dQc5S7,1,
E3o41D,1,
I8L153,1,
T2iT7h,1,
33A6Yd,1,
4Gf0A1,1,
W11602,1,
HP00S6,1,
45C662,1,
2iW071,1,
3H34fs,1,
x52G30,1,
FcP80B,1,
V7DJ2w,1,
4PI8Gb,1,
8K4LdF,1,
60l372,1,
tl4v2g,1,
726ebH,1,
G43u16,1,
F836Q0,1,
lTt2hs,1,
o37TO4,1,
3X8G47,1,
6Avo4j,1,
V6qE04,1,
667Q5b,1,
L0y7Q0,1,
Ts1235,1,
B285NR,1,
8H25h7,1,
4O0OB8,1,
3ATlY6,1,
46457p,1,
dKG774,1,
fj0T13,1,
B8K10d,1,
e63a25,1,
v6676a,1,
61ol2l,1,
26voGw,1,
8N8ry7,1,
4Yw1mw,1,
Yugt8C,1,
T8xDm6,1,
10T434,1,
3qut30,1,
5y55d6,1,
13O0A3,1,
s6323f,1,
1W3104,1,
1bavOa,1,
2D716O,1,
dEDERv,1,
C0E6qL,1,
070eop,1,
2o6716,1,
7kx71J,1,
occg74,1,
M45LX0,1,
0g5wO3,1,
iBa308,1,
3P4tov,1,
82121C,1,
R0U681,  ,1
8j3807,1,
52qy5T,1,
0nlu71,1,
R20643,1,
ia7687,1,
oL2714,1,
u73jF7,1,
1XcCp0,1,
E0a7fI,1,
5ymi0F,1,
bkphY6,1,
3Bpl56,1,
uf3eT1,1,
r0X277,1,
1jw41L,1,
b73j0i,1,
x32fl7,1,
807k0P,1,
YY170V,1,
JOFnyu,1,
OK8qTT,1,
ice1jo,1,
J0l7r7,1,
1e3e8P,1,
05b4e6,1,
0v8KvP,1,
3s4CI6,1,
n0o8Ar,1,
Oi733W,1,
5xec6r,1,
jL0442,1,
M8x765,1,
RQXh32,1,
yxh73M,1,
Ds35SR,1,
21MlA6,1,
vT0U4J,1,
Wqj271,1,
6U6h5O,1,
m17262,1,
U0L0Dl,1,
t8Vj2x,1,
Akn706,1,
Q7w431,1,
dB48ci,1,
T0y4Il,1,
83c5Lh,1,
4TSc0K,1,
qkK2y3,1,
6xT35s,1,
6r4uQ0,1,
7BHGoS,1,
7T5L62,1,
s3tjO5,1,
026605,1,
D4pY16,1,
45CB62,1,
7A7mk6,1,
y04885,1,
5dy5NP,1,
I4LmB2,1,
08Ac81,1,
T87G7J,1,
3wq8r0,1,
lylea1,1,
5hI8Ji,1,
Bd11Q8,1,
vv0601,1,
846twt,1,
y560n1,1,
06T04K,1,
6tP3Ga,1,
q1BRMR,1,
71Q3g6,1,
C288T1,1,
W5p14C,1,
0e58oi,1,
A6OmB1,1,
3K20yS,1,
1rf5aV,1,
5caD01,1,
8FoT72,1,
vax764,1,
K6FHg2,1,
418641,1,
r0k7i8,1,
Lta4Kt,1,
4xA638,1,
31A7XV,1,
35jN7F,1,
NMxe43,1,
37374V,1,
y15Qr3,1,
06qKWr,1,
Q56C80,1,
m18pye,2,
2Uq678,2,
X76700,2,
7e8XAT,2,
767681,2,
Yr8h6x,2,
aJ4ykd,2,
Ew06l6,2,
JpbYU3,2,
kx7g4b,2,
2032m0,2,
4D2J22,2,
0Jeh00,2,
DL8K8D,2,
6qS2yy,2,
45p716,2,
1DjCR4,2,
FY0VmS,2,
a2Kjd7,2,
7xH2F0,2,
7821A4,2,
WXf78B,2,
H0D468,2,
pSNYnU,2,
5Nt8O3,2,
aP45bd,2,
V6WG4v,2,
1Xi8M0,2,
d4lTH6,2,
c5sNc4,2,
3Il534,2,
864c0H,2,
tUAkxB,2,
4IFWVe,2,
P7R50v,2,
W2kjq4,2,
F6PLK3,2,
D3n7j8,2,
4100u5,2,
60APtB,2,
i5pXJF,2,
R7q0fT,2,
8M5lqE,2,
46GT3X,2,
p6Vj63,2,
MF8HFy,2,
nmcq5V,2,
30DLNS,2,
ajr3i6,2,
o4YYvP,2,
ht12QX,2,
0u0745,2,
7h5fGJ,2,
21f0W6,2,
anYl01,2,
1eS576,2,
43lXoG,2,
4bb183,2,
0yVvI8,2,
4in137,2,
B22O5Y,2,
fXmv8i,2,
OrnU30,2,
yM78D5,2,
88p8s3,2,
42al5F,2,
247jJ1,2,
u7gKu4,2,
G1H41m,2,
40MP8p,2,
pTI61j,2,
uPkGwB,2,
B86K12,2,
6wrPT7,2,
B378R3,2,
64lERH,2,
a320ou,2,
46Dy61,2,
5m6663,2,
70K630,2,
6G1S0u,2,
AcI378,2,
50uLsm,2,
s1E0E6,2,
45fRVl,2,
u2x1wt,2,
p8VBk4,2,
c2y132,2,
855q4k,2,
F66RnR,2,
p7cdH2,2,
KsfI5u,2,
77B650,2,
uS11Gn,2,
555D0X,2,
2tUr85,2,
gF7wp8,2,
7136D1,2,
GHWthJ,2,
2o0qP5,2,
eA866f,2,
cOn34Y,2,
8SqLJ2,2,
QIJj1I,2,
aEo863,2,
d13fF5,2,
08F38B,2,
q535tv,2,
N53p1u,2,
HnB2J4,2,
8b5O4s,2,
Co0ml1,2,
10rm0r,2,
c0jKq6,2,
5b4702,2,
b2228L,2,
eX5Xr1,2,
pNHc4Q,2,
Ldph0l,2,
4PU235,2,
01577X,2,
S21o54,2,
c54U7l,2,
132jC2,2,
8oO506,2,
48LKo3,2,
4073Rm,2,
66Xua3,2,
8N0TV2,2,
i05XVr,2,
7K73Xq,2,
vW8m6y,2,
yc1Xe6,2,
5nxiQc,2,
61l645,2,
6DJ7wp,2,
x463Ok,2,
32A5S3,2,
n4B246,2,
Mvw141,2,
n20Cb1,2,
a2546m,2,
42FaR8,2,
o76y67,2,
31JVtY,2,
2U8k14,2,
6lVqHg,2,
TsB2L1,2,
F8EDJ8,2,
158e76,2,
E077cO,2,
56HQ0j,2,
56V408,2,
WcVXin,2,
4LPN00,2,
3q14X8,2,
2b35J5,2,
2sX03u,2,
35PbG0,2,
6v5kC5,2,
LoPR3b,2,
6JWN6f,2,
h24f11,2,
PkR184,2,
l87D8M,2,
6BVP35,2,
R2i08C,2,
557r3B,2,
34T6N8,2,
B1cdq5,2,
50160J,2,
vi83mt,2,
Gb4V5j,2,
7f4K1b,2,
4KEDd1,2,
Bo3OKb,2,
55F3f8,2,
5d2327,2,
WE5RKv,2,
cj1n46,2,
4MaC56,2,
p3a100,2,
D8kS54,2,
5728c5,2,
NJ5386,2,
Sps33W,2,
c57655,2,
xUj5uh,2,
e03k01,2,
Y20S4e,2,
Wa48Sp,2,
wu1s7V,2,
7SH2p4,2,
7m6umr,2,
lo26Lx,2,
75N7k3,2,
mP0U7X,2,
p4t5sV,2,
Qm3138,2,
358jsc,2,
x4kD14,2,
3Qh070,2,
uFq448,2,
C2256U,2,
8W501L,2,
435u44,2,
77MWi2,2,
WR4eyn,2,
11Qgj7,2,
27c7I6,2,
4X5665,2,
4dT145,2,
uo00Hj,2,
865e5V,2,
7nNk5B,2,
5qBO13,2,
5UQrPY,2,
Bh0oK0,2,
11yI85,2,
8M503B,2,
06my63,2,
AH8n34,2,
07i50b,2,
F8yb0l,2,
0263Q1,2,
PI5d04,2,
4O1414,2,
P830A1,2,
5wcV60,2,
c64X10,2,
420jF1,2,
qIxL37,2,
IHV356,2,
1G2uiQ,2,
5t3E3X,2,
600YI4,2,
bX40CL,2,
J871Po,2,
8mIsrt,2,
2u1b2S,2,
K166fl,2,
jsD481,2,
22W7HI,2,
O82888,2,
4cJvsM,2,
lrX0GU,2,
R1AT04,2,
E473Ss,2,
05w731,2,
43w2CH,2,
0wt5IJ,2,
624xCU,2,
7TdS45,2,
3I2E36,2,
Jj3b47,2,
18g27n,2,
3STVOu,2,
Y60213,2,
pf1Jn2,2,
wCH3uv,2,
n1sH2s,2,
f0nvQn,2,
44anDG,2,
8W3U2m,2,
7x1itv,2,
778610,2,
Ga3851,2,
LV1670,2,
xoYNC0,2,
F2ngLE,2,
b4RL7f,2,
2wX27C,2,
613W7Y,2,
1m6l8p,2,
T32287,2,
LM6255,2,
R2Nv83,2,
Ay7W62,2,
ruLP20,2,
xH7ce6,2,
6myV57,2,
8De77f,2,
Ve4867,2,
07WtR3,2,
0kWDef,2,
a100s1,2,
68K8xs,2,
08cKd5,2,
503qO4,2,
Q0mc2h,2,
sr64Y5,2,
l666N2,2,
jJ3GAi,2,
QP127w,2,
njMTco,2,
02A32y,2,
34KQpR,2,
7C48a7,2,
A37nqj,2,
g4U230,2,
3hl61M,2,
4CrdO8,2,
26X044,2,
3d1kd0,2,
455t4B,2,
6478H5,2,
67k61j,2,
6L73M2,2,
f3l115,2,
Ts3q2u,2,
138v15,2,
DP2jr5,2,
1EycX8,2,
TrL611,2,
OS316o,2,
k0p1he,2,
4363u2,2,
3ch0JD,2,
7tiA07,2,
Rx6ds6,2,
838767,2,
ET2121,2,
4660Xy,2,
106a17,2,
507Dm8,2,
666LM3,2,
2X0660,2,
4qgFj3,2,
T5638U,2,
382p33,2,
6EQ26o,2,
7a4u8D,2,
U64141,2,
SDvVro,2,
C6gTY5,2,
713eL0,2,
2xWESa,2,
87H3ms,2,
52775b,2,
U4d27a,2,
V4Cq37,2,
N73577,2,
AVhvNt,2,
4wbr7i,2,
80s567,2,
D00w8c,2,
Ny0Lif,2,
18T614,2,
5v846r,2,
U7a03I,2,
4Bju01,2,
n3ka27,2,
2Ay6EP,2,
PCs7U7,2,
FU810Y,2,
idU6J1,2,
3jaBH2,2,
E0LH8L,2,
45UWkN,2,
55W3r1,2,
748nP3,2,
ns4n8u,2,
x5If66,2,
2A24TY,2,
6HhvfM,2,
871467,2,
Ef5G77,2,
2U5823,2,
306664,2,
50rKs5,2,
yF8380,2,
y27q4i,2,
1H7375,2,
38E878,2,
82DPvY,2,
18wDh2,2,
5syHo7,2,
K6N3aR,2,
32o63W,2,
03RQl8,2,
1Ymy71,2,
1w48c1,2,
6B0y5N,2,
HuV37A,2,
pE5C8Q,2,
C6F88L,2,
87BX4X,2,
RSwm44,2,
3bEvA0,2,
71Unm0,2,
Ou445W,2,
341aW1,2,
U0168L,2,
3FP5Ie,2,
w8P8pB,2,
631v71,2,
822430,2,
E154l5,2,
4X3H4C,2,
E60kw1,2,
0E4V3n,2,
b74yH0,2,
360334,2,
uu1XNW,2,
63426P,2,
m0b546,2,
k7x3W1,2,
6TOQ68,2,
lp5KNx,2,
sa54Q2,2,
o5eV03,2,
1065g3,2,
r8Y108,2,
61a7e7,2,
7LeeNj,2,
h547nC,2,
E0u5L8,2,
20n41J,2,
X3mOq7,2,
o0mH74,2,
0t5On3,2,
R1p7r8,2,
03v68t,2,
s24725,2,
r6U1v4,2,
5kl0m7,2,
8Gh3H2,2,
8m0284,2,
78wAkg,2,
6w2bHn,2,
5E3p6d,2,
17f0Q2,2,
838j87,2,
1TD4IV,2,
6aSPwg,2,
fA10vs,2,
xNs2eO,2,
75oA2A,2,
kL4k75,2,
5j67aF,2,
560ifp,2,
4w64Ah,2,
601LuQ,2,
3d83r6,2,
EwMq5B,2,
7p6A14,2,
I4XSt6,2,
71M8pU,2,
H1Xj00,2,
5rnU23,2,
A805y3,2,
KlDewI,2,
2PP32C,2,
77G0e5,2,
h5aW0f,2,
nsXJO0,2,
72542b,2,
71SjWu,2,
50fg8X,2,
q43iC7,2,
1fg075,2,
354ip3,2,
E5O1f7,2,
7KqEgS,2,
4CEnlq,2,
7f73dM,2,
1q5nM0,2,
qysAHF,2,
ND01d4,2,
23vl0q,2,
fue250,2,
L37NW5,2,
4c6478,2,
88273L,2,
Q5144L,2,
n1Sbf3,2,
053nm7,2,
53F1LL,2,
yEq4p6,2,
NI5o6G,2,
02B4BY,2,
5Q6G5s,2,
264T74,2,
652o72,2,
3sI5mS,2,
2S87gv,2,
yB27Cx,2,
wATB80,2,
t10tTA,2,
2567M7,2,
Q7hwIo,2,
kn308M,2,
nu5B8i,2,
j8t37P,2,
113120,2,
xt8JFd,2,
1826DO,2,
15o2N8,2,
020n57,2,
3Wm2Ln,2,
04cuM6,3,
PSLDHH,3,
61605I,3,
h5eT2D,3,
03gO10,3,
g1675A,3,
s08370,3,
5wp721,3,
6Px580,3,
CR4hRq,3,
02V6Pn,3,
JfW40d,3,
31UF40,3,
6S4643,3,
v2s7x8,3,
75DF61,3,
MC4e2C,3,
5Cv05m,3,
34605b,3,
2O18YL,3,
u7gs0E,3,
83l7N6,3,
852Dt7,3,
52PE8A,3,
et30oy,3,
R8g1I7,3,
EvUu2G,3,
7b3mrR,3,
36Sr0R,3,
S146sj,3,
e22YN7,3,
VM87UQ,3,
PB3iMR,3,
PI3722,3,
30D4eM,3,
rs2KW0,3,
f18222,3,
ET68Q7,3,
645i7g,3,
d0EP06,3,
270QES,3,
7tu708,3,
0mUe22,3,
sQvC1J,3,
856gK6,3,
WdLspE,3,
b1H72P,3,
74P0E7,3,
V73106,3,
1T7102,3,
Gp356i,3,
AD4321,3,
SrAwbi,3,
2fK42r,3,
416116,3,
Krha02,3,
4200iQ,3,
8Ac62N,3,
0xIY55,3,
aJld78,3,
mwKDqT,3,
Cjc28N,3,
c01Ix7,3,
5MY4W7,3,
Lw5w72,3,
32o1fY,3,
W1lDu2,3,
V4aNAf,3,
0e3e52,3,
18KY61,3,
L6s7u3,3,
Sh670P,3,
ppNL77,3,
1254k4,3,
bLx336,3,
81Wh82,3,
e3160l,3,
3U8111,3,
0bjGD8,3,
KIowyC,3,
8Nu07x,3,
3sns01,3,
4T346p,3,
0O4J03,3,
mwC3Kh,3,
6D7SKJ,3,
06UO65,3,
X2dSOi,3,
35OFX1,3,
76775f,3,
Er0Cy5,3,
1m4E5Q,3,
h641vj,3,
k100Oe,3,
Lh3na6,3,
1s52hp,3,
v4fX0U,3,
8q6L17,3,
nCIIbd,3,
2JhEo3,3,
8w10Dj,3,
o0m8n3,3,
2I5d88,3,
HmhkVO,3,
061dH7,3,
122550,3,
OR3TI5,3,
80O0n1,3,
B0t2V8,3,
0bqQr2,3,
J2x2m4,3,
W2UCA6,3,
1g6eF8,3,
EE35Aq,3,
8R744g,3,
603Oc6,3,
aa3Dt8,3,
324E3Y,3,
50573M,3,
4s1171,3,
51456N,3,
ml7j11,3,
10606r,3,
o312l8,3,
b12t05,3,
0B0m6a,3,
8P6m11,3,
sy0b10,3,
3a62ge,3,
D8Y31B,3,
83M485,3,
3jj0lV,3,
dM2im1,3,
34736w,3,
664Hwy,3,
NU7yDK,3,
tu0DD0,3,
3Ufmx6,3,
LdB46s,3,
YT01r2,3,
866cOr,3,
A3N75s,3,
Ia5I73,3,
Se13eF,3,
b4lEcx,3,
7kk7pI,3,
8iT7Ur,3,
b2368u,3,
N5R58H,3,
Fs0h14,3,
5Qdt14,3,
F5hKu1,3,
225Fmh,3,
71u6Gr,3,
48DHhg,3,
56RUNv,3,
478213,3,
588M1s,3,
7VO4F8,3,
p75Q40,3,
OA5u0d,3,
OhR186,3,
7o8qOi,3,
lt65P8,3,
rNnEty,3,
22v046,3,
Yo7346,3,
63QDmG,3,
1j3W85,3,
IXqG21,3,
NPu6b4,3,
5Gv30d,3,
IC305E,3,
Y566nn,3,
n70825,3,
CT7381,3,
71S7nh,3,
042umU,3,
i26d75,3,
VDEE4E,3,
8uHPvm,3,
2s5w67,3,
NC0s1C,3,
Tr01I4,3,
76MDbS,3,
vj3HE3,3,
Bb8uCY,3,
2S73d5,3,
FV43N4,3,
061o1e,3,
8x71dt,3,
uXv3tX,3,
W44K7R,3,
072IGc,3,
55uNf7,3,
v108PJ,3,
7836ET,3,
v3idgT,3,
c2pK2C,3,
2017it,3,
D247mQ,3,
G3O13I,3,
x28Bd0,3,
5Y20a4,3,
2W3WGT,3,
R88D83,3,
5DyXH6,3,
5CPtjT,3,
3Du406,3,
Q1w382,3,
5cwM76,3,
531vS0,3,
6Y062v,3,
Uh036B,3,
n1e8v0,3,
20B26v,3,
12R448,3,
dE3352,3,
3XUxf4,3,
D6S7Sk,3,
768316,3,
e8dQ7c,3,
dS323M,3,
76JVjP,3,
7726xO,3,
576pc7,3,
P2N6A3,3,
6N6754,3,
G7L822,3,
UbRD7q,3,
TB36j4,3,
008dqr,3,
OR316E,3,
1H4Q8C,3,
qj8707,3,
pT43y8,3,
T26682,3,
OH1D1L,3,
2Ui3B0,3,
yg5wSA,3,
s445uy,3,
n7V4iO,3,
5vfL45,3,
75N4Gb,3,
2rGSmH,3,
y51g5B,3,
2W03d7,3,
Rg14do,3,
1727Qm,3,
8I405T,3,
0130Bu,3,
1ud331,3,
M35107,3,
y45jV8,3,
4038ub,3,
2wS741,3,
cm403f,3,
irW1iv,3,
ve6s6P,3,
o53024,3,
833q11,3,
6138qD,3,
7368f4,3,
3d4wQ8,3,
2x2jGD,3,
6CpvQt,3,
8od147,3,
0Y66b1,3,
qW5IHN,3,
4584H8,3,
c8G6iG,3,
0RvL6w,3,
A6vwG1,3,
1Vi322,3,
Rlb774,3,
fsk4Q3,3,
VOQ530,3,
058lQD,3,
rGC01s,3,
p052f7,3,
pLXwN0,3,
R603c6,3,
L17G4r,3,
3DNay7,3,
O6vaL5,3,
28u340,3,
m5K705,3,
K2U3ST,3,
B7B4v4,3,
57F21a,3,
1u15g7,3,
cRyScG,3,
00Ncds,3,
d24U23,3,
vY1277,3,
3eCO4R,3,
J0527v,3,
V73YM2,3,
2783Op,3,
k76713,3,
T66181,3,
XWv5b0,3,
ccD06w,3,
u07bYW,3,
627Ve0,3,
m1v2a0,3,
m8PH5e,3,
08Iy13,3,
HmHX26,3,
6L3R64,3,
l11N7m,3,
AO0538,3,
036uB4,3,
XFFY00,3,
0FtP0r,3,
xd6vUD,3,
y26Jsu,3,
f8331y,3,
TGi4x6,3,
M2FE31,3,
4GbD4p,3,
3wP40y,3,
S2yX68,3,
5UHtBn,3,
nA8EG1,3,
00C683,3,
0nvs74,3,
ab1pC4,3,
bG83J8,3,
tn53p8,3,
2IYjSi,3,
0AcBy3,3,
7v04W4,3,
70J503,3,
8740C4,3,
1360G0,3,
fLHE8w,3,
xEGW03,3,
35Sl0a,3,
ghovQV,3,
l5Lypd,3,
107Bi0,3,
VW7434,3,
5B452u,3,
WUC1jb,3,
uOhs87,3,
8p6L30,3,
t6D26c,3,
1hc56q,3,
Ilt3EY,3,
410k50,3,
3DQ61J,3,
M3110x,3,
3F1b42,3,
8473GU,3,
15WXj6,3,
c5j2LN,3,
8WCMB6,3,
t361i1,3,
46cgo8,3,
bxCS6J,3,
108131,3,
j4X1wd,3,
565e7W,3,
7x31A4,3,
Yc3205,3,
jQ6618,3,
0731o3,3,
A774w2,3,
685550,3,
gR03b1,3,
37qd58,3,
1w8n5I,3,
548fE7,3,
HSU8DR,3,
PDQ2dQ,3,
bFC4vT,3,
8jIe15,3,
4C70Qn,3,
3730k1,3,
NK6f01,3,
gd2153,3,
clI5h2,3,
4r150J,3,
7QK7t1,3,
003305,3,
uCQY4k,3,
62j2v2,3,
gN28c5,3,
A75WB0,3,
7JaD1B,3,
57p2dm,3,
mffXPl,3,
t1153x,3,
0u425P,3,
iT7e0o,3,
og32S3,3,
8FwB55,3,
8C12C3,3,
umhf6K,3,
jvP48m,3,
1xe2m1,3,
R5W3cX,3,
33r15M,3,
TQ54S6,3,
f7200d,3,
20S7qk,3,
BC5736,3,
x4X7MN,3,
qNpE05,3,
q58lMh,3,
45UQ66,3,
YX7ByK,3,
BKEX64,3,
n02582,3,
3m8408,3,
453xgt,3,
a88602,3,
54846A,3,
Fx2382,3,
WoF126,3,
7G603v,3,
f4l6d7,3,
26IR5s,3,
4G02t0,3,
335sN1,3,
Cc2AM7,3,
6XD0q8,3,
6Su8VE,3,
8PVIOF,3,
hxp825,3,
L0Mm52,3,
eC66Ra,3,
qRx078,3,
6R3173,3,
n64DT6,3,
333Qs5,3,
7b8n04,3,
TM4To5,3,
00qDXu,3,
Fj50u1,3,
3ok2b0,3,
8N13Ik,3,
cK70yo,3,
bV3743,3,
21c8m0,3,
pDvWwa,3,
yn2gAi,3,
73Gp00,3,
7vP5YM,3,
y6p2fu,3,
Q2308i,3,
W204Eb,3,
843244,3,
j3M868,3,
nIL21t,3,
5U0537,3,
11Y1Aa,3,
0B416x,3,
pouB3R,3,
hC5442,3,
5hkBj0,3,
8W3L4L,3,
oSF6q8,3,
8k0e70,3,
1vrjx2,3,
67Nh0i,3,
Wvsq07,3,
n7oE30,3,
OLO8um,3,
04Tx53,3,
nK8e6o,3,
8Tu855,3,
8Ow3NS,3,
S01558,3,
6MS8S2,3,
0Wj7n3,3,
GtDpb0,3,
54G7P5,3,
g7u22p,3,
U6Ya60,3,
hxeV82,3,
q8y4qb,3,
34F8KL,3,
p67Xn1,3,
ihgh3m,3,
43C817,3,
76r61N,3,
G02r6Q,3,
24B116,3,
X70m0D,3,
WV6S8w,3,
xN0n01,3,
DalyX0,3,
XB6n4y,3,
j1yB57,3,
s6E1Ke,4,
WiL6gM,4,
23506h,4,
d64KUG,4,
lf724V,4,
CU6I7M,4,
v356SR,4,
2nv314,4,
4h7E6l,4,
4q84rm,4,
04204X,4,
nVr3tl,4,
06vkc5,4,
1f3S6H,4,
86kU80,4,
Xy3A1C,4,
7378jA,4,
L7fh1U,4,
73Hdkr,4,
j3L2HQ,4,
X70F6c,4,
3TUWwe,4,
P68H1h,4,
h6F1F6,4,
7PNN3j,4,
x6Fved,4,
C8aq76,4,
8352s8,4,
1S6R16,4,
30s7y5,4,
1f58tk,4,
W37Y7D,4,
M1A67p,4,
4c77Lx,4,
24S771,4,
Y52if4,4,
0Q8X6D,4,
Xbd2U2,4,
Mhgj00,4,
26Elq6,4,
8X6011,4,
Rd674L,4,
Uk57T8,4,
nb83PA,4,
6pe331,4,
wrYi8u,4,
W0430w,4,
465ujv,4,
2RkR23,4,
f5F08W,4,
4X8Ho8,4,
1qG1V0,4,
p1S5qK,4,
887HS5,4,
iiQB5g,4,
sKx5SG,4,
s80t17,4,
Ls1J18,4,
o8j0tN,4,
382RL0,4,
K64i58,4,
On58DQ,4,
bx0r3u,4,
t07Uau,4,
p32p35,4,
281uH4,4,
as60kd,4,
74MCH0,4,
1626AT,4,
H7c2i5,4,
8KF4kl,4,
67Dk5s,4,
02002H,4,
H15HRT,4,
TC140O,4,
32ug6t,4,
11Gb85,4,
Q56N27,4,
6S75L0,4,
333b14,4,
cFi823,4,
Md72g8,4,
iS4742,4,
46XE3s,4,
Nj37o4,4,
4u4w0l,4,
BEn8Rj,4,
80IE80,4,
873H86,4,
KnH410,4,
415q2f,4,
M012SI,4,
K302Fb,4,
Ax5J4S,4,
b8TSj6,4,
Xe3g43,4,
0de1I3,4,
268V3n,4,
15113D,4,
72461O,4,
2jbN4O,4,
MvDaM4,4,
S1V6c5,4,
57v8GY,4,
W4H102,4,
6TMU1R,4,
Gu12w5,4,
rcdo8B,4,
w404Tg,4,
e7R42M,4,
33PLVq,4,
4i2L5V,4,
WrTIPF,4,
7dgc54,4,
86blEA,4,
T6Y485,4,
xwT5n2,4,
Nm3G6y,4,
524DKQ,4,
DRM152,4,
e5Jm06,4,
J647O3,4,
2i21HS,4,
K01pv0,4,
H3J7uC,4,
c51JF5,4,
3q8WPu,4,
O77Wo1,4,
Tf060Q,4,
UB21eA,4,
anxa05,4,
1E4jQ5,4,
Ii2D8H,4,
jruI87,4,
lm3332,4,
4602l4,4,
5o1q5u,4,
18KCN0,4,
pI3Fs1,4,
n2qQlq,4,
8f7Cl2,4,
C074Ve,4,
35Tp6h,4,
m2G2k3,4,
86Nb3V,4,
5Ya56D,4,
8CChWQ,4,
2xG74Y,4,
Id8vMO,4,
70Y6oF,4,
7M5k1O,4,
t0e52m,4,
rg8L14,4,
65J0xD,4,
RwOc1p,4,
q5788y,4,
C2Emgx,4,
3Tf5Fy,4,
614K41,4,
50IS02,4,
17es25,4,
Y6FWig,4,
80cWC8,4,
3JEi45,4,
j2j0EP,4,
D4p136,4,
Ar1G61,4,
RJIM66,4,
D2qT2q,4,
1Ha05S,4,
7t720B,4,
61X61W,4,
E30uJU,4,
4jmd3X,4,
4537OG,4,
E76BT2,4,
5N0CWM,4,
5R4333,4,
5i883q,4,
OY68tV,4,
pl8yb7,4,
k65Ec6,4,
F62sP5,4,
j237xx,4,
hJ0305,4,
cu01x2,4,
4GO4wP,4,
Y4v8pF,4,
G52DR2,4,
1SP0Dy,4,
7o7eL5,4,
k0j3NO,4,
jWoE6Y,4,
87L858,4,
1uU805,4,
yvTv74,4,
7701u7,4,
302F38,4,
JOXYTE,4,
V8x020,4,
IteXNs,4,
eh2gid,4,
Ygr728,4,
03UR1U,4,
uFU716,4,
22pKkq,4,
rD3D56,4,
2I11Ke,4,
8R71R0,4,
O8441p,4,
76hH02,4,
8fXj8Q,4,
271ny5,4,
286DE8,4,
Rcw1k6,4,
E3wpOS,4,
e1G30v,4,
b702Vv,4,
d0j611,4,
87Q5F2,4,
05C2iF,4,
A34D11,4,
7UKM1x,4,
51pfMH,4,
bB2k37,4,
U0X782,4,
AUkh8n,4,
5tTD15,4,
x5K5i3,4,
4Ej2HR,4,
0cR43q,4,
834V7M,4,
61u55R,4,
h4c33R,4,
FB3734,4,
36oL1h,4,
2237D0,4,
Bc2tU8,4,
f578XB,4,
s3W412,4,
G15bXR,4,
403220,4,
dT8yvT,4,
Wq6B80,4,
j075M3,4,
c81No5,4,
X88rT8,4,
25l85D,4,
Wp4R6g,4,
7Xc7Cp,4,
OV4j15,4,
a738SX,4,
88A13u,4,
l8bjgt,4,
i6cicv,4,
372F06,4,
O577a7,4,
ug5TLL,4,
7P8508,4,
8TOU7l,4,
3S7Ia3,4,
dLaa0T,4,
YKD285,4,
0ANRO4,4,
857dwf,4,
6f3655,4,
x4T1ai,4,
8b1aX3,4,
dpOn2M,4,
q7H05n,4,
w184qj,4,
3X6DK6,4,
g7WY8E,4,
cqcjE4,4,
Ah4k33,4,
tSd5n1,4,
5m71I3,4,
11o8mn,4,
g4y6wR,4,
06ucuO,4,
5w142O,4,
8HbHNe,4,
67873O,4,
oI0AMo,4,
12D71M,4,
Q0v32j,4,
vgm5Q0,4,
fW67r7,4,
4878R8,4,
h5f36c,4,
3GT526,4,
H3072D,4,
401Eoa,4,
0T7WOx,4,
QFb8g1,4,
6fw36i,4,
3S73wG,4,
Hov711,4,
Pow36l,4,
r8P03w,4,
Ym465P,4,
85Y03t,4,
07yY75,4,
R1X8gB,4,
nA605u,4,
7783B2,4,
GHBv48,4,
3j8557,4,
7qv0Tx,4,
6ab783,4,
AB6Ql7,4,
24fi8o,4,
D73jm6,4,
WlQX5j,4,
GGk55S,4,
M0603g,4,
w33o14,4,
n0135O,4,
1LGI4S,4,
Vsl2F4,4,
E5SPk2,4,
i403hM,4,
jH445O,4,
rQ2w4E,4,
8WrUuq,4,
l4iio3,4,
34OOd4,4,
moL142,4,
U5k43V,4,
Xkhf73,4,
UPE1oT,4,
yFeJ7m,4,
S3b855,4,
n38y01,4,
677uI6,4,
7181Ei,4,
5be627,4,
M0W8k0,4,
w63p38,4,
5106N3,4,
WT3Y3E,4,
J6I21g,4,
61Hjq7,4,
40455F,4,
2L67v4,4,
oD763D,4,
45t0tV,4,
46586j,5,
5s0SBx,5,
6pEQ0H,5,
t848a6,5,
8021jL,5,
1610Wj,5,
1ka33k,5,
Tj37cM,5,
0H4X60,5,
476V2p,5,
v08mbP,5,
TaABq5,5,
37v8O7,5,
s3E668,5,
75508s,5,
075L57,5,
4Vb5jq,5,
tsj8d4,5,
H3UMQ4,5,
8VNefY,5,
7MK437,5,
p04jxh,5,
82bOIt,5,
8E7dYA,5,
327Mu7,5,
4JfGSI,5,
4MDn71,5,
10o7g1,5,
w7Def3,5,
052sXC,5,
4A667G,5,
7C644T,5,
o708a4,5,
8667t2,5,
iIMk72,5,
nPqNfD,5,
Phbhfs,5,
Mi3557,5,
851554,5,
27ytU1,5,
583b8y,5,
6Xp2G7,5,
8gH4q4,5,
4M377r,5,
345D47,5,
N3Bv2b,5,
OY1Q44,5,
t150l0,5,
Ix645a,5,
60uqyI,5,
213Tq7,5,
2B3V51,5,
V528OG,5,
56330u,5,
27B621,5,
K661Lm,5,
MT6150,5,
5p4aq5,5,
o12r7v,5,
4r70gJ,5,
167Cv7,5,
iK7Q8u,5,
2VF626,5,
nR3FX2,5,
41b210,5,
k2a0sv,5,
Vp443y,5,
p6u32o,5,
52101X,5,
Se2cY2,5,
es8p3m,5,
83txwo,5,
H8Hj32,5,
A61TO1,5,
F10100,5,
83c85B,5,
OC2877,5,
y08646,5,
42t14x,5,
20jyf1,5,
278r33,5,
8v2eNw,5,
1160n2,5,
b1ef57,5,
Km1aFY,5,
vx7373,5,
fC16o6,5,
2V60B4,5,
L77nM3,5,
50N400,5,
65TN50,5,
2X8RQ0,5,
m53m73,5,
g7S81V,5,
406x5k,5,
Du34Oa,5,
60v030,5,
R0P7P0,5,
xES07y,5,
7nXNGH,5,
Xp7Y82,5,
gO3v11,5,
P687d3,5,
00D2qi,5,
XNj0Y4,5,
T1HH0C,5,
608jn7,5,
Iw1328,5,
1EK84R,5,
y83HIR,5,
e5h364,5,
86X1y6,5,
7HYq15,5,
ev24L4,5,
k12645,5,
20OA1c,5,
3w1404,5,
357W51,5,
qsB3g1,5,
ttlI2y,5,
GBE681,5,
14KIBS,5,
ok053l,5,
u2pIq8,5,
fU5e2v,5,
U7Q2U7,5,
608oE4,5,
4008Iv,5,
t48MJl,5,
788803,5,
b4K2f3,5,
0V86jj,5,
88r80D,5,
55BD7S,5,
eC1U1C,5,
2x00BS,5,
35X6RM,5,
mMUg0E,5,
T3vf48,5,
78632B,5,
67b10w,5,
4FD85s,5,
36Xq0P,5,
U3V25Y,5,
X7624M,5,
13AHAI,5,
71wS73,5,
e667n0,5,
JP547S,5,
I283VE,5,
P05M8H,5,
RAhmq7,5,
n3T0e8,5,
6EN5FS,5,
si7x5I,5,
73725w,5,
ur87dc,5,
10h5rm,5,
BW0Q1X,5,
860eIK,5,
17c6Xd,5,
7xhr2w,5,
OI1JgK,5,
3Y43FB,5,
6vq6t1,5,
c4350q,5,
22dK40,5,
5gL5h7,5,
116Mn1,5,
O0VTU1,5,
ALRt55,5,
L140AQ,5,
GI61n4,5,
53358h,5,
6d71i7,5,
o10d27,5,
26AJ4F,5,
12k0wL,5,
5lG0bc,5,
asw43G,5,
1d0Jw1,5,
6072P0,5,
v0Fe67,5,
213u40,5,
u71b30,5,
567vg4,5,
HA0805,5,
H8855E,5,
niA8oW,5,
1GdE03,5,
yu21WC,5,
Lg78i8,5,
0Di7H1,5,
300E60,5,
LRG2D4,5,
44085G,5,
8xfv73,5,
N10IHY,5,
yb84g1,5,
25xW08,5,
2wQ207,5,
WCr5Hf,5,
6060i7,5,
V3Xbqy,5,
5EC6uW,5,
1Y5602,5,
15xs73,5,
101445,5,
4iM6C0,5,
1mJ334,5,
Xtw1cb,5,
812455,5,
Q5W7ct,5,
RkYIi2,5,
3y1NfQ,5,
18xO6D,5,
7v2LA5,5,
403111,5,
1V03U3,5,
xc65hb,5,
C7JCi5,5,
tmI4fJ,5,
HM4Yp3,5,
Y15l42,5,
BSIB51,5,
516H33,5,
1u1xhg,5,
M4R72f,5,
a1Yktp,5,
BbgRM2,5,
I2Usk2,5,
L7G11C,5,
qhM085,5,
Mrg386,5,
iv64d6,5,
uAT3RU,5,
748xHx,5,
hyN8L3,5,
2U4T1Y,5,
N7de13,5,
GQ88Ag,5,
Db6857,5,
1ttn18,5,
2pF7f0,5,
6E80w5,5,
37Y852,5,
8mP758,5,
6C8R18,5,
yx6GiA,5,
1mnj57,5,
7Y7TC8,5,
u42565,5,
676sd7,5,
k4P33k,5,
250212,5,
ab53bV,5,
74R2Mc,5,
0255qf,5,
1Fr2Mv,5,
22Ye71,5,
2I3l7D,5,
etG21l,5,
L5JsI8,5,
0D1076,5,
j1S32R,5,
7t7p33,5,
78CB81,5,
I28sKu,5,
7575dU,5,
rq0n21,5,
7mkp6t,5,
42GL1s,5,
8416o6,5,
v0R8s3,5,
ge63X5,5,
SI0N70,5,
qe44h7,5,
2A04ab,5,
NLqA1Q,5,
0y1O51,5,
U07pNx,5,
QIDF57,5,
0TCafR,5,
25SFg2,5,
TxnKSi,5,
208YhH,5,
7Y67t1,5,
J3W435,5,
7qyM6v,5,
5B7Vi3,5,
wFVB08,5,
5IB708,5,
v0CUS6,5,
73V35x,5,
040818,5,
vlUnA7,5,
1Xf5P6,5,
073LPG,5,
Uv541n,5,
255Fs4,5,
U41g5B,5,
7buE12,5,
281VY0,5,
420XbR,5,
H6xD26,5,
i35137,5,
2q1mF3,5,
574di7,5,
8d5611,5,
u37K84,5,
Ag52uX,5,
52T53L,5,
402HR8,5,
MT2101,5,
P4iVpD,5,
XDDBmG,5,
GBttJY,5,
W6N8xf,5,
573604,5,
83D6jA,5,
32foN0,5,
1g8U0O,5,
610E7n,5,
q5R880,5,
d61L2r,5,
840Pa1,5,
m3617F,5,
XvsU4q,5,
5Wr6b2,5,
5U7kM3,5,
g16758,5,
w1F73D,5,
WR78U0,5,
geH02M,5,
37Ho2D,5,
ppa68a,5,
267a6M,5,
3u16qk,5,
217h38,5,
466r1t,5,
l5U5JA,5,
wY22g5,5,
1ko0i0,5,
VYj15a,5,
41N751,5,
713764,5,
TbfgyL,6,
1T55jR,6,
y2JVVF,6,
t520C6,6,
64h873,6,
66r836,6,
543m08,6,
10TXD4,6,
cs2402,6,
MD2P71,6,
xrn0pl,6,
h6O48q,6,
Lp6343,6,
nF68E3,6,
QH0143,6,
1K84b0,6,
E38675,6,
2ay3EQ,6,
2Ox86l,6,
1Bj4jX,6,
X68Q54,6,
7e1R7N,6,
jMAj10,6,
7Uk3J7,6,
85bpn0,6,
00K1l2,6,
86YkRX,6,
1y5M50,6,
wGI87c,6,
746uvR,6,
rj2L4i,6,
S86125,6,
O301qv,6,
4610L1,6,
f773S2,6,
8gAG0t,6,
6oXGG0,6,
642r5O,6,
Slm5k5,6,
eTp1cG,6,
s4j515,6,
iB1317,6,
7668SH,6,
k2217x,6,
5ooQ78,6,
c7d43r,6,
4e08K1,6,
2236Ho,6,
f0Y2V3,6,
P13p65,6,
tP1j61,6,
L68733,6,
74rC70,6,
8P5T27,6,
I4J0K6,6,
Y6k121,6,
o0rKny,6,
C7040C,6,
c7q782,6,
0w54b6,6,
Yp85B2,6,
56O002,6,
8aD8Jw,6,
fDu48N,6,
pk1S1s,6,
YwIg56,6,
2211D4,6,
5kp81q,6,
5su0AN,6,
L75v7Q,6,
4fA862,6,
7a8FN8,6,
6m87N7,6,
LWn74K,6,
eOA5g5,6,
77f320,6,
U7dJd6,6,
W31ryo,6,
0fW2G1,6,
424013,6,
75267D,6,
364OG2,6,
5J6U15,6,
f2kr47,6,
83l5Sr,6,
4f4V76,6,
4u45H3,6,
6510xR,6,
mC8m6L,6,
ksB50m,6,
57F33X,6,
kkd288,6,
28JG01,6,
1t2F03,6,
6b6FCb,6,
4QW4dJ,6,
LFfF2Y,6,
872b5E,6,
4F41Dy,6,
0R160c,6,
46Cg0P,6,
PnoJK0,6,
167mq7,6,
tvR0Gh,6,
N4Y7Q7,6,
43E0H4,6,
KH8633,6,
yRk322,6,
42d3Y0,6,
e8P66w,6,
Q34YUv,6,
Q6pQSu,6,
6cJN5Q,6,
Hyd1wn,6,
83h376,6,
IEfnbt,6,
716p5y,6,
45P666,6,
3M0Hk5,6,
01M125,6,
56Ii1T,6,
7yflEn,6,
25U5YN,6,
q8550K,6,
725A7R,6,
6527C3,6,
V80hPM,6,
7M8e2G,6,
UL253j,6,
Ge28b5,6,
saUN4D,6,
130e20,6,
0bi823,6,
U0437E,6,
DBpQ0u,6,
h4h0v2,6,
BI2743,6,
Lx382u,6,
2k2310,6,
3F3T12,6,
4nN67r,6,
Bxbm67,6,
ffd2Ui,6,
7Dgq5v,6,
83s0B3,6,
AU0514,6,
03a6Yt,6,
QtRcpm,6,
nh15p0,6,
8YlcRk,6,
02QeQ4,6,
38y83x,6,
76576O,6,
W41845,6,
575QRa,6,
3pF33g,6,
Mg36j5,6,
8qRr47,6,
48WlC0,6,
yfk5Gh,6,
Je5Lb0,6,
2306v2,6,
Vc7aN4,6,
VWlKBG,6,
84I30g,6,
4u2rl1,6,
k25QC6,6,
J6mDvp,6,
40c5B5,6,
8D705h,6,
2013w5,6,
bu30kJ,6,
1a56P6,6,
Y878YV,6,
3J3285,6,
84LF6C,6,
N5jl0e,6,
36GK46,6,
hD2N6U,6,
RM263D,6,
1a6a52,6,
535h74,6,
31QW4X,6,
N283x4,6,
272fbi,6,
LFv363,6,
7isk4K,6,
CxMy28,6,
773D3c,6,
w8SP06,6,
V4O21q,6,
136t18,6,
1xxr10,6,
Le7Dq6,6,
Ta80tu,6,
R73wP1,6,
Xjmx6h,6,
Oe87Q2,6,
31H0tk,6,
7F13df,6,
8804DX,6,
5vLrHY,6,
v8842M,6,
s2u17M,6,
2u7rGe,6,
4d4gU2,6,
R42xQ3,6,
D52144,6,
GN4S74,6,
Spn715,6,
7n0ipH,6,
7AAL0O,6,
66X4oP,6,
naNv4Y,6,
3817Ay,6,
5io24W,6,
Mq7267,6,
Fd8714,6,
dQSwF3,6,
7sv31m,6,
Ed77vU,6,
y63kh2,6,
722Gvo,6,
WItOL4,6,
Ug7xs4,6,
Rm025I,6,
R20Kc0,6,
7E8QEd,6,
i3g3n3,6,
7pOS1i,6,
oQ81SS,7,
so0768,7,
4KGp6l,7,
6Rnn0D,7,
5fNJ8k,7,
3dY732,7,
I2t4NV,7,
2U3b70,7,
oKxXy7,7,
65C2Ev,7,
F6x03A,7,
8H2y26,7,
fn7AOV,7,
J50378,7,
34v136,7,
506lrJ,7,
8RC20d,7,
EO5M3l,7,
6V70ix,7,
4rf1r0,7,
88k255,7,
401N8l,7,
6mL7i6,7,
2ILuL6,7,
4dD7Fn,7,
N2tOkW,7,
B14Ew2,7,
741j2v,7,
OBE10b,7,
h1DL54,7,
734ln3,7,
6Dv5X7,7,
7467AR,7,
PxAbma,7,
4K80Tm,7,
O23P46,7,
Y65Em2,7,
l53a62,7,
C20kSb,7,
m537Wk,7,
Q3EaPb,7,
3M1l53,7,
2432i5,7,
B5qj3b,7,
J10433,7,
eoej6q,7,
yMDJ5g,7,
TTvIJ4,7,
1g23qj,7,
vgE5aE,7,
3u6dk2,7,
48h750,7,
5H4428,7,
538q17,7,
217t2M,7,
mw51x0,7,
26UdF3,7,
4Ih1ep,7,
hC52Ga,7,
U78N8d,7,
3f15w3,7,
lnf7v8,7,
v1H6vs,7,
13G1cS,7,
idOe22,7,
qr3052,7,
3EO5Vw,7,
D7e11r,7,
dC148h,7,
1y6hQO,7,
1Wp806,7,
H4l3A4,7,
hacr7f,7,
Bx14H1,7,
0fC058,7,
3G35it,7,
eW0kK1,7,
320147,7,
M031vv,7,
412c60,7,
68L1k0,7,
h3j7nQ,7,
r0I680,7,
2IE6A2,7,
226L71,7,
8TG3hc,7,
v0aR8a,7,
2N55jd,7,
8BD718,7,
07Grw1,7,
p0O8h7,7,
48FFDO,7,
d3gC23,7,
E06q64,7,
2et7k1,7,
8876s3,7,
00yqPm,7,
u14376,7,
5wBp87,7,
C4sn62,7,
8aGMso,7,
xTw15V,7,
83t46D,7,
05h726,7,
G3d2HK,7,
Vk4dm1,7,
111023,7,
Cl1DN7,7,
N5W2NE,7,
cPj404,7,
63o5B7,7,
5dXqo5,7,
g7T47h,7,
2m3g7G,7,
8EA5cO,7,
703wcp,7,
2877g4,7,
60x80u,7,
Ca7h4L,7,
0O67Ma,7,
eK32ar,7,
sn6131,7,
7y3606,7,
Q2L565,7,
GS014e,7,
10d042,7,
240BB2,7,
OkXLW4,7,
08rK0a,7,
s44bK1,7,
lMG4bS,7,
427v18,7,
Wfn6SD,7,
fK0L7J,7,
1x0360,7,
k8t8Vj,7,
KASJ11,7,
r32h3W,7,
8k3s3c,7,
sl4746,7,
06284H,7,
QN7mtV,7,
qCI35W,7,
6r0c12,7,
6R2yW0,7,
640477,7,
3lJM1n,7,
430T70,7,
1QCnvJ,7,
53636e,7,
O8rvn6,7,
41geGK,7,
u8863L,7,
0yJ2dT,7,
r000j5,7,
46pD46,7,
d7vj7M,7,
6Y5E8C,7,
53664n,7,
oGTcbx,7,
6W3DYm,7,
0ftKv4,7,
02IkR0,7,
608L0F,7,
2jTh7h,7,
x17e1F,7,
l2sV8C,7,
003cLG,7,
05M45W,7,
Jv8328,7,
y53847,7,
e3M3P7,7,
0622P8,7,
0SCDO8,7,
00dv34,7,
3iq0tU,7,
5nJi70,7,
7pl6Gb,7,
2b2257,7,
1452t0,7,
0ejqh8,7,
80q02l,7,
Af4G3p,7,
qXQilh,7,
2rg62k,7,
e68H22,7,
02A3V8,7,
P1AAVG,7,
3SP560,7,
0265it,7,
3fs03G,8,
65X702,8,
3p4Gdp,8,
1t7n01,8,
3Ep436,8,
O2daQr,8,
F6Xc6d,8,
Sc5R8R,8,
DwO1wi,8,
O2R8Rs,8,
x5367i,8,
J67500,8,
14s08K,8,
5o78J1,8,
40WC7P,8,
X0b32I,8,
6k1GFu,8,
620c1e,8,
14BD68,8,
J35u68,8,
0Q6y62,8,
3pv01j,8,
1H640D,8,
sV5Xp5,8,
37L2PA,8,
Y07232,8,
21362v,8,
WCyna6,8,
f470oX,8,
N5NX35,8,
2S0kBf,8,
7W7P37,8,
KU312k,8,
8p3KuF,8,
Fw2f46,8,
d84UjM,8,
pl8540,8,
1mho8D,8,
1O6015,8,
p4843x,8,
0kn8O7,8,
47p45Q,8,
og8d5D,8,
7R4H8K,8,
6R03j8,8,
382pQL,8,
EHxW3A,8,
X112PE,8,
6p8ec1,8,
1LK48s,8,
E62V6a,8,
22PIw2,8,
E1bH48,8,
2C3116,8,
45CMp2,8,
QFX0i2,8,
re3XJi,8,
CilupB,8,
Ta0437,8,
sx4HOs,8,
47sb2I,8,
Vvy88E,8,
n4w64Y,8,
404w5J,8,
0K462O,8,
i54040,8,
Pya7I2,8,
vs331w,8,
3LK7G2,8,
N4IXL7,8,
S2W6MI,8,
pT2k8M,8,
22puNn,8,
B22h6e,8,
38021d,8,
bL40J7,8,
42hCtb,8,
iuW8eh,8,
880wjg,8,
c83r76,8,
skV6vd,8,
En6hN7,8,
3781Fa,8,
6lT6E7,8,
Ld7ag3,8,
68EVWb,8,
0DY7V0,8,
MKH8lE,8,
Cq4578,8,
7tGS3X,8,
P6pkPL,8,
2x2Rl2,8,
86cEr0,8,
5KJeR4,8,
n3b4P3,8,
egl106,8,
4Emn5u,8,
46Alm4,8,
0ef8S1,8,
7dR10a,8,
AER3g6,8,
Vh1J1b,8,
73CQel,8,
7By878,8,
76v456,8,
aMo38y,8,
kk0X68,8,
7N8435,8,
GI2O42,8,
sRWL57,8,
EC0S4M,8,
Ci3142,8,
08f271,8,
688Ji5,8,
431XWv,8,
43Ud0R,8,
3O5M8Q,8,
DQjiGu,8,
u0651u,8,
13M0T5,8,
17726j,8,
6V4n34,8,
O8Id10,8,
0qXw32,8,
Q3c0Rq,8,
dLLspf,8,
1J5880,8,
2G35Vs,8,
1u5LP1,8,
061Nhh,8,
06Uap7,8,
QQ20fE,8,
m71454,8,
BOkj04,8,
258u45,8,
6E20Jk,8,
fj4D7p,8,
3duQA8,8,
6vC50q,8,
w4qU6o,8,
1B6024,8,
81LEcq,8,
605q2s,8,
loP7aG,8,
R1Ar32,8,
X4VOo2,8,
rxB6YU,8,
150052,8,
QYIt3H,8,
C4G517,8,
515d41,8,
Gs1HD8,8,
7S3667,8,
63FLoJ,8,
j0nCV6,9,
WamW4p,9,
03b56F,9,
d5G0r1,9,
232LaI,9,
1Cb0j1,9,
1YAdLp,9,
op6Y28,9,
884du4,9,
3HCW73,9,
w1l52S,9,
14354c,9,
13xnje,9,
3UO835,9,
qFIR50,9,
6d85X0,9,
ljrAb8,9,
VH7SDK,9,
hJx4ST,9,
O37yq1,9,
388a6E,9,
F3x5f7,9,
GHm1sl,9,
603PSa,9,
1543G3,9,
Mpqn4C,9,
7oyiEx,9,
3H046p,9,
8qD376,9,
RHg517,9,
2B3O7a,9,
2600e1,9,
ON257W,9,
3M8P46,9,
6OHs16,9,
048bPU,9,
4W4E24,9,
TwXT3p,9,
A07801,9,
85t5Y7,9,
50L2t2,9,
m0fJ7j,9,
5lSaG1,9,
7JeLPt,9,
V4j12C,9,
Ss3ps1,9,
f1m2cJ,9,
T2B81b,9,
7B54yD,9,
Fg345c,9,
01G743,9,
36he14,9,
l4W730,9,
x3P5oK,9,
Y40cpo,9,
aGe5nu,9,
p613uD,9,
335k7n,9,
5jr2ko,9,
pt6HP3,9,
85V27A,9,
RcL014,9,
i62l18,9,
bN0Dh1,9,
156871,9,
S68P8y,9,
AG71Nc,9,
W31531,9,
1HU563,9,
lRnl73,9,
W5e3PK,9,
2I80E2,9,
SD0XhK,9,
N07t5v,9,
08YI7J,9,
fVG1A1,9,
s54m35,9,
pY8cP5,9,
84DD87,9,
28kMl0,9,
p8663R,9,
32J6Ro,9,
hf46BL,9,
6ltK5P,9,
QBA4VK,9,
5o56AV,9,
ApMMFS,9,
8H62i1,9,
4rPX72,9,
T446KN,9,
ydT184,9,
in155V,9,
rVb850,9,
8eoUca,9,
8443J8,9,
xL0U33,9,
On8V8T,9,
30444g,9,
3Pt3CX,9,
213dl7,9,
tPW1c6,9,
R76A5w,9,
5Xp3M2,9,
qJoVHg,9,
5nIM1J,9,
64Mdq8,9,
QGYG56,9,
30NWIj,9,
rLT6x4,9,
Kub313,9,
6JvD24,9,
0c4hY2,9,
u6L080,9,
33S630,9,
865661,9,
67S3Y8,9,
13tx8v,9,
T35q3a,9,
170W62,9,
f047if,9,
TDp8t2,9,
pqb6L8,9,
N0Gp04,9,
7h4x2A,9,
5gJ6Eb,9,
rF74g0,9,
O5Wp80,9,
251a1r,9,
hCju72,9,
xreN25,9,
hv701V,9,
A5U5a5,9,
3Pnv7J,9,
4hb3ci,9,
y7tc88,9,
Lwg6UW,9,
v54S64,10,
hRbwQ1,10,
mg33CW,10,
75PD3P,10,
32LY83,10,
08f407,10,
fX44iA,10,
5C72M2,10,
23626R,10,
33086t,10,
155s42,10,
CI8Pcm,10,
21gh68,10,
F8ui38,10,
35436B,10,
682V67,10,
uLM0Ci,10,
8357k3,10,
5EwaG7,10,
546I8a,10,
547aqF,10,
0Ce21N,10,
C3l07g,10,
L83dgN,10,
G24c54,10,
fy84Ie,10,
K6WJB0,10,
7t2a05,10,
WCxj27,10,
qu7gTW,10,
C8X8DV,10,
831qt7,10,
UuL4c1,10,
Nmm61b,10,
o161i8,10,
2l15H6,10,
838Iw8,10,
80IHx3,10,
Q4Q4L0,10,
D547gw,10,
776M4B,10,
Cp104m,10,
6Hp3Y5,10,
1633m0,10,
87Lb6w,10,
n3A4r0,10,
r02Oa4,10,
rns5Wl,10,
Xy5XjN,10,
0jMRfh,10,
2fvC13,10,
20Ex80,10,
l0ES43,10,
Dt66JG,10,
pU4Q23,10,
FtCFL4,10,
6reS37,10,
6dGiaI,10,
Fc6UF8,10,
12WR35,10,
53Buo7,10,
MQE80R,10,
iE13kU,10,
I6hgG6,10,
eJ8D6f,10,
M6c20n,10,
l2f6ET,10,
4427og,10,
7832IX,10,
Xd0E0e,10,
05iN2H,10,
y5k5I1,10,
81r56j,10,
xf3w3u,10,
A3I542,10,
4V85q8,10,
44S1U1,10,
1Fcw52,10,
00uH75,10,
c32hd0,10,
84q3Np,10,
7QtFBj,10,
ut8F8M,10,
sE68G6,10,
w51487,10,
HmlVs5,10,
04gtq5,10,
u13MH5,10,
F1386a,10,
d0Kx2u,10,
m3k64i,10,
Jwt4y2,10,
05kr46,10,
yl3OE1,10,
k3sh61,10,
828MKD,10,
4qN4F1,11,
0oDmM4,11,
6834rP,11,
Bw6KhC,11,
bg1sLJ,11,
lN78fI,11,
v5QGp8,11,
d7G4Cy,11,
og25Nx,11,
3P25Q7,11,
102766,11,
qrUfX8,11,
u517Q1,11,
fts8kP,11,
M0YO0I,11,
0A33w1,11,
8nG1Hw,11,
M3v4o7,11,
IFI34D,11,
0226IM,11,
1aAK31,11,
15gXY1,11,
2F6htV,11,
ncFH04,11,
mSK7F1,11,
WQ76JL,11,
Oso383,11,
qao1S8,11,
OG2f84,11,
65H3m6,11,
Ylfd03,11,
Le57e8,11,
8cXCLU,11,
yWmPLF,11,
V3Gk7Y,11,
5wGVk4,11,
V436Bv,11,
DmmKh7,11,
28H026,11,
5eb8Ks,11,
GSEtt4,11,
Px5ir1,11,
2V506p,11,
7141Yn,11,
I615mn,11,
n3E204,11,
qHD4U0,11,
33Wl2r,11,
4lf4Cn,11,
PEo35j,11,
5p0DQg,11,
nCCT43,11,
3S2aTS,11,
J83Iy7,11,
L74ycC,11,
3p1507,11,
10q1M6,11,
IbFPEd,11,
8lu8mK,11,
oc1Wy0,11,
I1S2x8,11,
Q4204n,11,
7085IP,11,
51J644,11,
6Y78I8,11,
SNTx3k,11,
GFKM38,11,
6u36y0,11,
4l103L,11,
DiBtHX,11,
Q27467,11,
uXw5HR,11,
R55E33,11,
kIq150,11,
3x5803,11,
V7aTN1,11,
FOTK0I,11,
fpwR5n,11,
44uo0D,11,
s31Wum,11,
6V5050,11,
48q34W,11,
G2M5Tv,11,
f1533A,12,
07Utu8,12,
3gc2d0,12,
p8AL2l,12,
1Uf85a,12,
48Qy8Y,12,
5H3vv6,12,
2avi75,12,
745558,12,
bYpNcn,12,
32STB6,12,
iVK23s,12,
2w8pu0,12,
t67vsc,12,
51geiy,12,
5K7V0E,12,
Ng1HQ5,12,
U4O866,12,
2svcPQ,12,
77460V,12,
prAkB8,12,
t3T7gr,12,
3WG0Sq,12,
REMo4H,12,
sI6loj,12,
1s00MJ,12,
631s11,12,
G6h717,12,
075AY0,12,
qP03k8,12,
6i13h1,12,
0pI3j5,12,
007t0x,12,
2m4Ba6,12,
455pY2,12,
IGN432,12,
07n671,12,
54J6v7,12,
Ro3M3k,12,
33yO88,12,
34E862,12,
8K66VY,12,
ynhplQ,12,
78212x,12,
jhlIi2,12,
86c5n3,12,
e537Eq,12,
6y6VP8,12,
B5TJ2y,12,
335qPe,12,
G06Dn6,12,
6R7Upk,12,
CS6sr5,12,
rILn53,12,
1gUfa6,12,
S7501a,12,
B1ov36,12,
2K6GF2,12,
641E7l,12,
R7w48I,12,
G1BC1I,12,
474Q6d,12,
3u171p,12,
52b126,12,
6G33C3,13,
Sgfnw8,13,
Q645h6,13,
0VhAfB,13,
2rIRSt,13,
5v48cR,13,
e3J8j4,13,
Anye87,13,
68Dy3j,13,
j0v17R,13,
8b2P43,13,
ep151w,13,
87h1uI,13,
170d5c,13,
x044P4,13,
26r325,13,
5s525O,13,
Ig1t76,13,
T6580U,13,
c8Io4c,13,
u3q7e6,13,
P3W84L,13,
U3E62t,13,
Ym8U1w,13,
OP6YiO,13,
0gBI60,13,
288688,13,
506iut,13,
283m70,13,
04x53q,13,
qn2044,13,
Wm6Q58,13,
i33W43,13,
Y03Q57,13,
2F7W0g,13,
1COGuR,13,
87U526,13,
75o86x,13,
d508UF,13,
LkRQ3M,13,
o58XyP,13,
ajc141,13,
545557,13,
1ojMW7,13,
18Q760,13,
45D87q,13,
m83WWP,13,
2o0m34,13,
O2r1q3,14,
8054Hv,14,
L7gaxM,14,
003tVB,14,
g22760,14,
Ax13KN,14,
3KGFUe,14,
3s1PTW,14,
b62673,14,
K4S6ME,14,
876QS5,14,
8oPh0Y,14,
RG8pl4,14,
3aya45,14,
i38jnI,14,
tG5ggr,14,
mw00PB,14,
Y5hi7c,14,
YNK707,14,
35G702,14,
kA5DB8,14,
28Gv66,14,
L06x1f,14,
R2545n,14,
Ah1I56,14,
6b2hh4,14,
l05ghq,14,
aw665a,14,
T26EM6,14,
lh7iad,14,
0kF72b,14,
26IEtE,14,
672I45,14,
Ls8K42,14,
uoe81n,14,
2047WO,14,
5I7508,14,
mF7EWW,14,
78GMi1,14,
YTe53r,14,
4lfd18,14,
6401Kw,14,
CaN160,14,
36t5Do,14,
0M11v5,14,
58n3H4,14,
47xP21,14,
13746X,14,
C1lpS0,14,
5M1A6D,14,
HK28N5,14,
883Sx1,14,
715C2j,14,
315cbR,14,
MW7Ly0,14,
B61WYP,14,
5h778d,14,
0330BW,14,
88p057,14,
24CemV,14,
5s6P71,14,
Q5111q,15,
80mA2n,15,
78K648,15,
0TrX48,15,
6A7M7Y,15,
8ttlcV,15,
48hA8x,15,
17t85A,15,
xQ5g52,15,
4j25g7,15,
iA4Tb5,15,
R5C1gD,15,
407X5L,15,
6qI6ia,15,
587607,15,
0702M5,15,
4S84JL,15,
SgQuqm,15,
b40la2,15,
0T177A,15,
I86kxK,15,
eaO35S,15,
EbNKB0,15,
FN58l0,15,
567uPT,15,
SL5i11,15,
6575D8,15,
DfQyx1,15,
63jm00,15,
yK50G4,15,
32op7w,15,
NVepac,15,
33W677,15,
8mlM10,15,
U674sh,15,
60pe83,15,
no6GJ0,15,
2PyoiA,15,
401gHN,15,
DWcDeU,15,
K738G3,15,
r816Li,16,
X56J07,16,
28v458,16,
rA46p8,16,
5si4b2,16,
vB6m8g,16,
qeov35,16,
c7T7Y4,16,
1i27lo,16,
4R0838,16,
qrbaw2,16,
u653j2,16,
146088,16,
i06P60,16,
a47qO3,16,
4tj084,16,
bSlyFJ,16,
F25t10,16,
mt70kA,16,
54wRG2,16,
BC2V2D,16,
10m28g,16,
S62l7l,16,
m5sp35,16,
m2U073,16,
8HqT5S,16,
73A6A4,16,
dbv4ue,16,
rU7o35,16,
VsJI06,16,
2W8514,16,
TpQoyc,16,
6YA1SE,16,
i73i34,16,
X3FA55,16,
OhFMBQ,16,
2JQL44,16,
uDhjWk,16,
bQj2p8,16,
Av3072,16,
5miooG,16,
8n834F,16,
14HUHJ,16,
L016cq,16,
074l03,16,
6253JQ,16,
CV2776,16,
3E1D21,16,
Y2vkun,16,
Wsh488,17,
477Su6,17,
f5834q,17,
0Py7qN,17,
v4011L,17,
0dfQ83,17,
1i35n5,17,
k0rL8n,17,
N3u34i,17,
2mX217,17,
4ly158,17,
22lDf4,17,
6J8ksq,17,
7i521h,17,
ovw5d2,17,
000H20,17,
81BW28,17,
3Lcd03,17,
1UN74A,17,
7M5Q74,17,
V50D03,17,
0l6254,17,
wo0o3n,17,
L0C4l6,17,
l5ewc8,17,
6j58t6,17,
N064UC,17,
s2kM1x,17,
HT1khs,17,
0IG2S6,17,
0r7tex,17,
L2Yg2P,18,
7ly3H7,18,
CN2cri,18,
yhl7vs,18,
157310,18,
25eMPk,18,
S4YP41,18,
A3v0O0,18,
x2DVHO,18,
mB0877,18,
0T7TfR,18,
a36giw,18,
vmpSn6,18,
p6xQ58,18,
0Fe0xr,18,
Fes8i6,18,
823F5g,18,
B7f13V,18,
8ObX8E,18,
8p7gI8,18,
h2H284,18,
73xA87,18,
7V66j0,18,
5x5d0u,18,
p4bjuT,18,
t75KpF,18,
680o73,18,
ru8L11,18,
Yd6cE7,18,
JT3T2j,18,
S2f574,18,
0w6x4C,18,
L5K428,18,
03y58V,18,
2530mT,18,
6fiT00,19,
0K3hfS,19,
K74o80,19,
M57T7Y,19,
0B4l23,19,
twUPyS,19,
8Y58q1,19,
SkF6YE,19,
TI8258,19,
14Bn8F,19,
btj43n,19,
j2N8C4,19,
2WKrld,19,
LubUB6,19,
4Ura12,19,
51Uh64,19,
0P34hw,19,
153D7U,19,
4d22B0,19,
MsxE44,19,
LPq828,19,
634p44,19,
cVbvj5,19,
tT16G0,19,
5xQ2hM,19,
6k8yOf,19,
hmBB56,19,
E586x1,19,
K6Elo2,19,
UT1T52,19,
ELGwxd,19,
34cI17,19,
77h130,19,
4C5226,19,
8P5To6,19,
L862s0,19,
h10830,19,
eKv4X0,19,
up4G51,19,
0kq00t,19,
xx516S,19,
cg67jn,19,
Nn5LVa,19,
186eMF,19,
0H528t,19,
E7c58n,19,
x44Po8,19,
35S72t,20,
c68CRX,20,
1bHec7,20,
850v13,20,
D0Kx58,20,
6713ga,20,
xxma2y,20,
610177,20,
6N85F8,20,
ij6B85,20,
xxNm28,20,
413t66,20,
M00176,20,
133s22,20,
3s3ns4,20,
B04RF7,20,
jx4R07,20,
06sk5v,20,
7L6gws,20,
vYgU01,20,
L1gVjv,20,
Ll8es4,20,
o02hXk,20,
A7K6g2,21,
2Sg45v,21,
5l53rt,21,
S46co1,21,
5184WM,21,
Bq58js,21,
I48nT6,21,
m8S417,21,
QU6Nsv,21,
725w2c,21,
MoVT73,21,
HAT355,21,
2CfFfV,21,
u4lgE5,21,
q0S5y6,21,
52C14H,21,
f7x2MC,21,
27141D,21,
3wDdg1,21,
exJmg3,21,
vc5K43,21,
42noH5,21,
tRBr17,21,
17YDW3,22,
P5g70u,22,
Wt3Y10,22,
4yf80D,22,
Pk683X,22,
1JmX7x,22,
KV0jp8,22,
HRaF3s,22,
774c21,22,
C5J531,22,
243iQ7,22,
O76Jv5,22,
M12401,22,
5jRyf2,22,
gD75x6,22,
orPDI4,22,
kdB4b5,22,
2FVS6W,22,
CdA3Ol,22,
p5j4Py,22,
77F3I2,22,
k870s2,22,
5m825L,23,
iR7cn4,23,
57G0g2,23,
L24nF6,23,
5d558e,23,
380tQ8,23,
m86eq1,23,
1vGr17,23,
OY03i6,23,
mxxDnh,23,
M71hQ4,23,
2J741j,23,
7N4kA5,23,
1806OB,23,
SDgoK3,23,
3TJ075,23,
u80Qx3,23,
q8wicH,23,
e52B43,23,
5K1WPN,24,
8bnEy2,24,
755cR3,24,
G65264,24,
483EFV,24,
322aV7,24,
l214dL,24,
lq682R,24,
Aw1W18,24,
c0Q4B2,24,
0T7r4L,24,
736U43,24,
8m4Y2w,24,
e261i3,24,
a3D022,24,
u8t31c,24,
88I443,24,
5I6248,24,
r8XgH8,24,
4210V6,24,
r0Mw52,24,
j33a48,24,
y3744v,24,
hj4DyX,24,
Uv1l1u,24,
sC4B58,24,
gig2cP,24,
2LT2Un,24,
u7Y1Wx,24,
bRtsi1,24,
5N0ipW,24,
83w44y,24,
FOEk84,24,
bGw5s8,25,
6eV51V,25,
57ks55,25,
3e834N,25,
6RTE50,25,
C6Kjiv,25,
O82FS3,25,
1rb5Q2,25,
1V1e88,25,
s1M6R3,25,
3GW81e,25,
JoNpRy,25,
P6Mws7,25,
0W7815,25,
7WQgS5,25,
D2Vx4p,26,
37P0Pl,26,
5x76cL,26,
cr21Sp,26,
r334en,26,
6ILuS2,26,
38HS75,26,
7Ev66u,26,
00OB3e,26,
kxp6f3,26,
MX74v2,26,
l66555,26,
l8kdJl,26,
S72xv7,26,
5e077n,26,
60P27N,26,
73Ib0u,26,
pH3Bn8,26,
02P355,26,
xrEV02,26,
BR1628,27,
5S3M71,27,
iV5qp5,27,
QDAV83,27,
a8517U,27,
w4Y456,27,
123k03,27,
7V4J1U,27,
J8R3GE,27,
e3s0wW,27,
d2Q3F6,27,
41Xc2G,28,
L3TEFX,28,
6mH774,28,
E4V2s1,28,
jOmsmy,28,
78x687,28,
aY27C4,28,
004o1o,28,
w0L8QP,28,
2S2DUk,28,
e2Y5QD,28,
5Uo488,28,
4Gm5A4,29,
681X08,29,
86bG12,29,
n82243,29,
rvCIdq,29,
22w002,29,
1u63E4,29,
3u0437,29,
wW052x,29,
8m01PT,29,
m6456d,29,
8Ou011,29,
70U132,29,
80w8n6,29,
E2Te42,30,
2e1Gn4,30,
5n5M7y,30,
u681o4,30,
wFak17,30,
033p6h,30,
3Y6545,30,
Yb7R84,30,
14584e,30,
8md8m8,30,
wV56t2,30,
2856HK,30,
4Ye2sj,30,
rN232n,30,
a3O63C,30,
6VRUK4,30,
o57837,30,
ID03G5,30,
54v27F,30,
DxpyO0,30,
dsuATr,30,
V0521y,30,
sQbecj,31,
d085K4,31,
NYd14T,31,
7So82R,31,
JlW87a,31,
P31XEX,31,
jdW075,31,
wA464h,31,
67fVIa,32,
H8N1c3,32,
q2o50F,32,
a7pI3U,32,
SiG7j0,32,
63e5mU,32,
QuGTC3,32,
Usl1J6,32,
4152k1,32,
wgmjBO,32,
n23l4u,32,
65UR74,32,
V842Hf,32,
303323,32,
ev0Vic,33,
j80lPk,33,
skKl02,33,
N174r5,33,
4MDQ7E,33,
Ss05h1,33,
50457j,33,
23H0Bx,35,
0816KX,35,
5myBc8,35,
hqiUbx,35,
0q8Yeb,35,
A8fK4A,35,
7M23Iv,35,
sjD41M,35,
yC180K,35,
y481Uk,35,
P76U8Y,35,
4Y8612,35,
10XxOf,35,
2200l8,36,
R03Kfs,36,
2MJ7U8,36,
74eJ1R,36,
2AYXL7,36,
20P7J5,36,
8bT321,36,
83P6lc,37,
7q877B,37,
64lJ7H,38,
Efw7r4,38,
L55641,38,
U7uH3C,38,
3w880m,38,
UT0au7,38,
NPLE35,38,
70G853,38,
15YA6R,38,
20y352,39,
3Q2r55,39,
241Wx0,39,
NE8474,39,
75Q448,39,
51wq16,39,
vyv84u,39,
I6hPF3,39,
678OWO,40,
6IYSA4,40,
1AnrK1,40,
JHX2sa,40,
N221O4,40,
Tc751Q,40,
VPD1A7,40,
PmbseV,40,
86bhJI,40,
3Rd5sU,40,
vYk480,41,
4c531J,41,
wA47m8,42,
Jk0wO3,42,
U5nqkS,42,
b7b213,42,
3VG68O,42,
7vaX51,43,
HA2it1,43,
k0Xx86,43,
2eF55S,43,
bLtw5i,43,
S2pkgX,43,
Hc57V1,43,
14I74d,43,
703Y6L,44,
TF0Xc0,44,
rA8V77,44,
72NA6b,44,
1fA53d,44,
328nHc,44,
Q6c5j8,44,
4UnML6,44,
vH011W,44,
10y2vF,44,
P84M02,44,
thlE85,45,
7x4hhf,45,
eB25Ym,45,
DEu1LA,45,
Q03Rt8,45,
3E35b4,45,
PhjtiS,45,
241Y83,45,
q77s5r,45,
2373U0,45,
1531P2,46,
l32TSd,46,
074lRD,47,
NuO142,47,
GK7h15,47,
5O78P6,47,
7d681Q,48,
D1lye8,48,
Nf7Bv6,48,
H1u52S,48,
p17E25,48,
844jj2,48,
37G3gx,49,
2Q70k4,49,
5jhkgu,49,
6C0M58,49,
Cxt8C5,49,
1lkBT8,49,
838184,49,
8y7i1U,49,
2w4u56,49,
P22o27,49,
5tR2E6,49,
2hHmYP,49,
lpnW16,49,
KN6k08,50,
AonT1f,50,
02gxul,51,
If2v80,51,
34q2b7,51,
3WypF5,51,
6R58Pa,51,
rhh235,51,
c04Lxg,51,
n6g47D,51,
I8Qkh3,51,
41L634,51,
5dI1Ib,52,
L863S7,52,
lp2682,52,
vBC7x0,52,
51cDIh,52,
352q53,52,
18586t,52,
wXFh0y,53,
2Lb6x3,53,
y7l2eU,53,
4R0685,53,
86R0Dw,53,
Y0cyV7,53,
4A51j8,53,
2geVx3,53,
hDJoR2,53,
Fu0af2,53,
K2p1sj,53,
6QFb4T,53,
UAFE45,53,
5wG1T4,53,
SkAx1H,53,
y8T0Gf,53,
1qmQ2I,53,
DR6Bi0,53,
MB78u7,54,
Q10Ul0,54,
l1X285,54,
WGW2gs,54,
k8G244,54,
R72K30,54,
837a64,54,
TLI504,54,
75502o,54,
5npuj6,54,
i5oR2t,54,
1Yb31y,54,
1O7Ib6,55,
1r1d5t,55,
Prtl64,55,
8y04dW,55,
25o84t,55,
4BPfq1,55,
e2trW5,55,
N843po,55,
41xU5a,55,
31G58m,55,
o187vo,55,
81WS8C,55,
4k0Bg8,55,
52808u,55,
al0U72,56,
a884D4,57,
3iY4YA,57,
651gix,57,
kgd16u,57,
IT4002,57,
48F625,57,
2V1h80,58,
Fn2001,58,
7VsYwa,58,
G01Ik5,58,
2r2JIY,58,
3QviyI,59,
Ck686D,59,
2J422F,60,
LNYQW4,60,
7uHWA0,60,
3oWd0g,60,
N6N8G0,60,
24Q422,61,
52h41G,61,
i8A7Bo,62,
611o60,62,
Bm44FJ,62,
417CJ3,62,
86pf00,62,
tn32O2,62,
55k850,63,
lt2167,63,
5bS5iH,63,
4kw27r,64,
fS2f8F,64,
L0WGtl,65,
6rn673,65,
I05V3e,65,
h082cY,65,
1nU21m,65,
P384iH,65,
88qp01,65,
4LOw5p,66,
2412pE,66,
P300r2,66,
t2LB3g,66,
s25fM6,66,
K0Ht43,66,
0265k0,67,
835780,67,
77go28,68,
B6NAog,68,
2430fN,68,
6odFA1,68,
M6R7m5,68,
4p45vE,68,
y8K4m5,68,
08o1R8,68,
801a6f,68,
wi512x,68,
1gx0eF,68,
qH3B4k,68,
w673xt,68,
15234n,69,
AUuc00,69,
Ti4r66,69,
iCY8e3,69,
lK2r5K,69,
eGB0Py,69,
4I58k5,69,
5hl3N1,69,
maXM5T,69,
VHP0l8,69,
8xAi8R,69,
t4lj6o,69,
qbA547,69,
jvV1J5,69,
0OC3I0,69,
26m64x,69,
n2wgEm,69,
bNh02C,70,
Qwku7K,70,
b0Pn6N,70,
6o0P1h,70,
1w0dsO,70,
G2Y688,70,
t2fBFl,70,
2GB2pT,70,
i4Sx16,70,
H11lRn,70,
ng7kHS,70,
Ob31nM,70,
GE5Ek1,70,
1YU56t,70,
55wn03,70,
24ixa0,70,
k57821,71,
7816F7,71,
CV1m76,71,
fIAN2D,71,
B5037B,71,
Ks55G3,71,
if2js4,71,
4SumK0,71,
ENq88T,71,
q8o7g3,71,
85fyO4,71,
i5fd23,71,
0TVoAi,71,
3L81mh,71,
Bb5567,71,
254487,72,
vE70UQ,72,
4KiiJV,72,
852X80,72,
5r61P1,72,
2vQwV3,72,
Ga11q0,72,
8Nfea2,72,
3n52ia,72,
UnBI23,72,
6G8w3Y,72,
4gG454,72,
2WGA5C,72,
ygT405,73,
BK005J,73,
048PQp,73,
IkBw28,73,
w17b84,73,
k42bl8,73,
eDW4l5,73,
J2w523,73,
K68Q8f,73,
YTs04b,73,
607205,74,
43m1DD,74,
047E76,74,
H08786,74,
877Ny1,74,
wWoP27,74,
CT8lS6,74,
2K15DD,74,
G210tT,74,
873506,74,
3d3a12,74,
6RIGA6,74,
P60w58,74,
u34qRy,74,
5b01j4,74,
d6rtb7,74,
752Ka8,74,
wOUsjv,75,
7FHS7d,75,
tvKgho,75,
0YJ4S3,75,
864A80,75,
sok327,75,
1175FS,75,
2pI36D,75,
0F365R,75,
I448Qb,75,
BjmB64,75,
KRmU6W,75,
WOVB45,75,
Wnei3b,75,
17Xn6f,75,
7V48V2,75,
uqY3y1,75,
8I83i3,75,
gUmcp4,75,
gKV01O,75,
aCcL3p,75,
x0l5P8,75,
gX1G6Y,75,
i32UrB,76,
51it7W,76,
0BPhHp,76,
c7i56m,76,
8go64i,76,
8o7J10,76,
P6eSCr,76,
P77211,76,
tk8y73,76,
765671,76,
55Hr63,76,
Rru70f,76,
lR007G,76,
51b5UP,76,
HcTA0P,76,
P5Cj5j,76,
22xRCe,76,
258mGY,76,
46Qm12,76,
2PU30g,76,
186Y68,76,
p56038,76,
l8u53d,76,
R78d12,77,
0j026m,77,
CCPrct,77,
12c5F8,77,
l0w0JT,77,
bat74s,77,
R588Y5,77,
2QQKI0,77,
Y0T223,77,
i6880p,77,
M0kG8A,77,
G142Q5,77,
dG31c3,77,
yY0l7f,77,
0d2344,77,
G138R1,77,
kH4kC2,78,
l6kYNQ,78,
iq14Du,78,
0o545d,78,
p6y86V,78,
801H2H,78,
1Uo5C1,78,
47y2hl,78,
5c565E,78,
gytl70,78,
V44wt2,78,
6fr02i,78,
Be1k70,78,
52XK78,78,
ft15ny,78,
bM5kj0,78,
68x4o7,78,
v35lVg,78,
s25I60,78,
4Ag0D4,78,
5cR85C,78,
47EoWA,78,
5B11EX,78,
7qH7B1,78,
o28E6S,78,
R4ol1K,78,
muXo6c,78,
3vIht6,78,
6J6g70,78,
6e8l8k,78,
8t3013,78,
M3pYv6,78,
7171y8,78,
S43775,78,
7d7S5V,79,
q1G7A1,79,
ttvQ60,79,
6863Np,79,
18GugE,79,
88na47,79,
1064g7,79,
07s77g,79,
4Rvy77,79,
PpQ00c,79,
L175uI,79,
10XN4P,79,
x7S3V4,79,
b060Pf,79,
2Mnh63,79,
70n376,79,
M2t612,79,
7Gr516,79,
426664,79,
8730Wu,79,
05n38K,79,
2174b1,79,
1081ri,79,
s343MG,79,
it8LeS,79,
M7eben,79,
75GF05,80,
a3YFJv,80,
84keP2,80,
kBlua1,80,
QG6Ho8,80,
R8s268,80,
m3o6p8,80,
vT46HM,80,
KQRqsN,80,
4n5HI7,80,
53ns23,80,
SF5sFB,80,
646b30,80,
2tPl5x,80,
sXvT6a,80,
IkXY87,80,
Sr3oa4,80,
1KS323,80,
S33641,80,
23L4b0,81,
552n20,81,
3kBd61,81,
C0T5c5,81,
U8427n,81,
w3BFnT,81,
802kg3,81,
3251x2,81,
o88deD,81,
30151R,81,
332lL5,81,
U245Yk,81,
87jF1B,81,
yAV4K3,81,
mAmX5J,81,
72vCua,81,
4l71MF,81,
2pYf7C,81,
u7yiC5,81,
5582iF,81,
1Rq771,81,
u25R6E,81,
FFsXs5,81,
fx70I0,81,
01B4oc,81,
4M608C,81,
SDL802,81,
nmPHt0,81,
D02n0E,82,
y6n5G5,82,
72XwOP,82,
3e84HQ,82,
818eD7,82,
Q2y75T,82,
5pdNLB,82,
bTmWWi,82,
223gu3,82,
3B10V8,82,
7017a4,82,
2Ndr6c,82,
575w18,82,
u3N0I8,82,
83n470,82,
15s3si,82,
O73uxI,82,
408p2f,82,
3c7Ao0,82,
36421L,82,
kd78g1,82,
2VGF8u,82,
15507W,82,
7mv8G0,82,
UV672p,82,
25aW57,82,
W5Lim6,83,
Y3M37W,83,
YW24E8,83,
r7a8y6,83,
07301m,83,
718nd6,83,
p2E117,83,
68w636,83,
3aCgRa,83,
Rrip2k,83,
N343Xp,83,
a4Ku3d,83,
M7d145,83,
Qy2351,83,
C52C20,83,
2q5631,83,
ju572t,83,
4461y8,84,
Ye2bq7,84,
37q3Cb,84,
N743FD,84,
DJ0DW4,84,
2Y38S8,84,
HWeSp5,84,
HSd3Q3,84,
UM7K71,84,
ewqR65,84,
PAcc78,84,
H57505,84,
7M7DN0,84,
RY174q,84,
57YX5p,84,
0bd120,84,
042JP4,84,
53627Y,84,
J7174u,84,
dd7Hn4,84,
671q43,84,
B63fSA,84,
6s7603,85,
I716ws,85,
P4lkM0,85,
W82IFA,85,
lQrONN,85,
0SKFY6,85,
B1y3Xc,85,
5WW8gy,85,
5P060j,85,
F2Byu7,85,
882kkj,85,
O22sQ8,85,
0WiE18,85,
0WE3ja,85,
322uVe,86,
jG5820,86,
444dqH,86,
386SQ7,86,
23H441,86,
0e6ca5,86,
TEL1D7,87,
eb128v,87,
c3mkwx,87,
xG7C1n,87,
165F0f,87,
eu847p,87,
D3M450,87,
v4f63l,87,
j8fl8g,87,
lPrFKk,88,
354838,88,
8J2152,88,
Dh0Yx6,89,
5u0451,89,
lB6455,90,
431V4i,90,
7W5pt0,90,
u2ax3m,90,
5e8485,90,
XsNvD7,91,
Cvs50e,91,
S35668,92,
r0vV32,92,
f4gR20,93,
8Gs6vS,95,
Q3u81X,95,
J0e38G,96,
5r37sd,97,
IvEtX8,98,
1o22PI,98,
DN45b1,100,
u252y7,101,
577x86,101,
7ND3E2,103,
wcx8T6,103,
J0542d,103,
78hw51,105,
1f6OLa,105,
T55qn1,105,
6427dK,105,
5Fhl2c,105,
O5U802,105,
771W1U,107,
D685uH,107,
80QrqC,107,
28Aro2,108,
2xD1sN,108,
u633d0,108,
8dG8Vi,108,
67bv46,108,
50V28x,108,
X87kh6,109,
3052Q4,109,
15H273,109,
3l138C,109,
4rg1y7,109,
an2831,109,
Ss4kNU,109,
N85Nr0,109,
2f465c,109,
5DL8dD,109,
LFcr47,110,
G3I316,110,
30683l,113,
2P3F65,113,
1s337d,115,
X06Pi0,115,
y0K4Gx,117,
01Rl3m,117,
4ggJ5B,117,
1403uk,117,
i0m276,117,
0f7uLS,117,
1N4v1P,117,
064148,117,
07VjcU,117,
DnCX20,117,
864yh4,117,
6Hx5qC,117,
E7242G,130,
52rS5G,133,
X4701d,133,
Vh36N5,133,
6UJe86,133,
q40L4K,133,
14Dj6i,133,
2Hh866,133,
10j6Qy,133,
16Tcu0,133,
817JMH,133,
b2853I,133,
8qR80k,133,
3375Nr,138,
U277WJ,145,
0OqLXv,145,
g4uFXl,145,
4q80mo,145,
2S7wwT,149,
612F25,149,
u4244P,151,
q45cQ0,175,
14Ihcp,175,
A0j0o6,175,
Kxi2PK,175,
ji803L,175,
0Q8r22,175,
3Ka723,175,
iR3Ro6,175,
57QnH1,176,
qXR4p7,176,
fRip53,176,
pi775O,183,
f5LF4f,183,
q71I6x,183,
768Rf8,183,
g2v56F,183,
4JfFG7,183,
740VaI,196,
3F74mh,207,
62hP1W,207,
v0Q5i0,207,
xK2p32,207,
77Vd11,209,
85X01c,209,
165x4d,209,
1503sI,209,
1815II,209,
QT1kce,209,
Mo827h,209,
A80K6i,209,
h3Snn2,210,
U5V6Wn,222,
281Cf8,222,
0114AY,222,
GFQ3T0,222,
m8Q14J,232,
4n7d3Y,232,
3ESj3Q,232,
JEBPt4,232,
HR2mCT,232,
Di0078,232,
B5Q6Pw,232,
27v385,232,
b834s2,232,
aAJNWT,232,
20aR3U,232,
x216d1,232,
f81J77,232,
6qWmCs,232,
Rp7J1i,232,
70PcY0,258,
K2o0Mq,258,
hf2556,258,
51jj8C,258,
t00I2D,258,
G3OB38,258,
5m6v3H,294,
8v0wx2,298,
2mLEru,319,
T6Sw5E,335,
2Npti3,343,
4R84Af,343,
xd8wPE,343,
b4gd1G,343,
6rT5L0,343,
6Y0j33,343,
wWqPL0,362,
FEE553,362,
Qnl62D,362,
ofrs83,362,
V318rT,362,
7301yJ,362,
fw77Dr,362,
OxH334,362,
j81055,370,
OK5711,377,
Q343A6,380,
H55j63,380,
32TCbN,385,
UN4234,385,
x6asEt,385,
x63232,385,
0s1vA4,406,
34Qnq7,411,
O178Q6,411,
oqe1nB,411,
s48T63,411,
2td476,411,
mc36dY,411,
pF5d4G,411,
f0P7dU,415,
6453Q1,415,
6VS7f7,415,
B54K2T,415,
3137r8,415,
eaImj2,539,
7Tsg4M,539,
8d32g5,539,
Sf6068,539,
t25m74,539,
a0Xu7I,539,
7Uh5u2,539,
v5Xu7H,539,
247771,539,
4VgxJ4,539,
47qq27,539,
R556r0,539,
80v8kW,539,
5G7EY6,539,
534P61,539,
v317A4,539,
uQx1Oh,539,
63P888,539,
u61f23,741,
22T7BC,749,
x0A823,749,
4286P3,749,
1M7m81,749,
yf3Uyy,749,
