request type,PCC,
e7L5Ui,1,
346M7o,1,
LG06h0,1,
76XR01,1,
fJEEHk,1,
K3x7dW,1,
4TnmNM,1,
oT1BN2,1,
Q1U4f3,1,
T7ci8y,1,
2E8uku,1,
J5X43e,1,
x181kf,1,
20t700,1,
5WEJ47,1,
evI1dO,1,
ef4v37,1,
FhMebb,1,
5a063l,1,
146Y12,1,
sK887y,1,
6u4g6G,1,
74expT,1,
lDA7oL,1,
K0M5t0,1,
K0nyn6,1,
133i81,1,
hQ42yp,1,
t8750P,1,
r180aY,1,
5e8487,1,
6876vX,1,
8h141k,1,
JH8cUN,1,
47v821,1,
bl0Ipv,1,
s8di25,1,
31TfQ5,1,
Ls5q33,1,
MuS5PJ,1,
7P8fYF,1,
I12PHO,1,
u8u408,1,
N3e6xH,1,
41Uk3L,1,
2XNqb1,1,
tM4PF6,1,
Ekjc50,1,
306u26,1,
HKj803,1,
m4xM0x,1,
2IC04f,1,
J452vc,1,
B5wQcd,1,
A56361,1,
6X1s43,1,
7T21Ql,1,
546SaJ,1,
1Ki7sO,1,
U56785,1,
6mcS2K,1,
WCpTh4,1,
668v64,1,
6Q3PTO,1,
FO2d1s,1,
EMQf33,1,
6eK4F4,1,
h27I84,1,
B50BJ3,1,
deu75H,1,
jk55Ni,1,
488X03,1,
5285h2,1,
62u0oF,1,
324305,1,
732k27,1,
30j321,1,
3pLg61,1,
EiC75J,1,
0B1131,1,
E8K1v0,1,
sk8CxU,1,
6o3b70,1,
26H408,1,
L3hD5L,1,
dq6c76,1,
Inth7w,1,
0T23Nh,1,
6Ig224,1,
N1Ww55,1,
221tO8,1,
dc5D40,1,
JHs841,1,
22Ff6m,1,
rS88J8,1,
4VJWb6,1,
6C1nX0,1,
7VfDh4,1,
5K8OK4,1,
14hKus,1,
6477Ha,1,
1UtRw4,1,
l7VyWM,1,
J0c527,1,
8316iO,1,
2x76EG,1,
A723pl,1,
PS4107,1,
70B884,1,
17737l,1,
gkbV08,1,
1p0hi5,1,
1Kx4h8,1,
t1H683,1,
5x31D4,1,
81dG32,1,
2g80kE,1,
073356,1,
Cw260d,1,
K5Cx5g,1,
8jTgql,1,
2J8Rdf,1,
805F4r,1,
ETf3T7,1,
3OEHS7,1,
75i6OU,1,
67w0B0,1,
u76RiI,1,
Y33O4X,1,
7do3S4,1,
k43VHW,1,
H786g2,1,
d38mrG,1,
k8E5DA,1,
Aq2knY,1,
lnIu82,1,
bG8d05,1,
U4H25L,1,
K8w8u6,1,
8DdG3J,1,
qW7xy4,1,
SiAC03,1,
45u5Jk,1,
RI303P,1,
Nh4QD4,1,
cNU548,1,
px8dLq,1,
27gD2J,1,
50mxA0,1,
3mS752,1,
4a7Dda,1,
I0u7HK,1,
R787j3,1,
4LxTC3,1,
g56t1f,1,
867L06,1,
8l6T6b,1,
80q514,1,
Qv3jgG,1,
06H2i2,1,
T7y1bw,1,
r4x78H,1,
X03cGa,1,
kUd884,1,
7x73I0,1,
w86m1C,1,
3KL735,1,
y348x8,1,
7112s2,1,
2UoBho,1,
nSrxJ0,1,
LeC4P1,1,
2OW050,1,
W6lI0G,1,
8boJq6,1,
70P073,1,
0Xco0T,1,
828c5w,1,
18Lg2i,1,
43hg2w,1,
Fh6uMd,1,
8MnO71,1,
22V85m,1,
30q1y0,1,
Y88A0L,1,
7b3b00,1,
y4tJ46,1,
87m2q2,1,
l065lO,1,
7bPP0K,1,
2DXyAb,1,
6r6j54,1,
AI7Q75,1,
3Mfp6o,1,
j67641,1,
587775,1,
D405k5,1,
782t64,1,
Cw42P2,1,
1Hh345,1,
e8in10,1,
1tUU1l,1,
C3by1W,1,
w0A7iL,1,
Cp6e2s,1,
q15240,1,
e3N0W5,1,
K50O81,1,
2e0150,1,
8155vd,1,
ojOTM8,1,
ac215d,1,
85beMC,1,
vx672q,1,
07W7OP,1,
wRoUHP,1,
I3d0lm,1,
sD25i5,1,
02Sl8V,1,
E6X1r3,1,
Vj21X6,1,
B6c503,1,
3a8Q75,1,
2goOlA,1,
46kj2q,1,
vr036l,1,
2U771y,1,
Es8177,1,
4Evdfs,1,
5XhKsS,1,
7jpm03,1,
ln08p8,1,
88F544,1,
l530GB,1,
2h6Gj2,1,
0BbYR2,1,
8g2557,1,
M1kON4,1,
5n6g86,1,
44E65B,1,
Id6v33,1,
82imfa,1,
N5LC75,1,
SG3Oy4,1,
617x8p,1,
0fRx4F,1,
xRsx8X,1,
87v53U,1,
IdPr3V,1,
41a2yy,1,
U54l65,1,
1B34Pk,1,
7C3V80,1,
1385Ne,1,
b5Y3xv,1,
Jh2s2M,1,
6sW3Se,1,
81Y34P,1,
I66Y5t,1,
EaY3ap,1,
18v625,1,
62072V,1,
P4L05o,1,
3m051M,1,
H123w1,1,
8lIVt3,1,
ul4J8L,1,
Ekvf4P,1,
25mJBu,1,
84p7ld,1,
TUcm87,1,
3vt24i,1,
76rrvy,1,
a80s5P,1,
l844w6,1,
wh0453,1,
0n83fD,1,
I055f1,1,
022548,1,
5Ix127,1,
qM35Gh,1,
BflTqi,1,
LY8P7f,1,
525FNk,1,
GGn32F,1,
Fv5523,1,
TjDl8R,1,
266Eg8,1,
uAf10t,1,
17k043,1,
8027g7,1,
fV0B3H,1,
52p6Fn,1,
0kte02,1,
3ppWHJ,1,
w0714r,1,
A7dVN1,1,
51GPe6,1,
VBM1hh,1,
43Lh4V,1,
nr1Rg8,1,
Fg8cn0,1,
848cy8,1,
s662Jr,1,
o062Vc,1,
f670qT,1,
kIANcx,1,
C1m6U1,1,
a0F31D,1,
00X508,1,
4Fav5j,1,
1FC7Jk,1,
Hg10Qf,1,
D67mF7,1,
874w86,1,
7KeiLv,1,
312qb8,1,
X75Y6g,1,
VUD3D4,1,
Q64Ct7,1,
k481W8,1,
0I23I7,1,
L6Cp18,1,
VcT0Ln,1,
S385B7,1,
8oWW3Q,1,
u3qI5t,1,
057820,1,
oW7y4N,1,
31gO70,1,
R57ef5,1,
e6H1Np,1,
2B1WPf,1,
CeHwyS,1,
Jo823d,1,
7oV01A,1,
31pw3l,1,
Kf080O,1,
hH2267,1,
k42f34,1,
hN8482,1,
28UYi4,1,
Oj4I5B,1,
5x0DLK,1,
1Au7E4,1,
U0k466,1,
2H3Kx2,1,
2Hd0tA,1,
5q3Wr5,1,
0375fw,1,
4Fs23E,1,
5uV3Nj,1,
8kf1E4,1,
8508Co,1,
Jq8817,1,
4M0153,1,
4dld7H,1,
SGGXYE,1,
5o31a7,1,
5p8714,1,
E1IUHq,1,
J3K4o6,1,
4ji44M,1,
sKl450,1,
U5w4Xj,1,
I45J5j,1,
IP8dg6,1,
621E63,1,
P82525,1,
4LcsBQ,1,
4Ew121,1,
cDp1Ga,1,
X07260,1,
f4Wu14,1,
S7330r,1,
Xcu6F5,1,
30yT33,1,
255835,1,
54Q22J,1,
jmov58,1,
J6Og3Y,1,
ncWy05,1,
1j1j4g,1,
62S3qG,1,
oRS860,1,
f72L54,1,
0C8BN1,1,
u82hG2,1,
1xQ220,1,
gy6kbu,1,
H34B2S,1,
kia6wQ,1,
18201c,1,
b171ye,1,
qXA088,1,
qc4dnl,1,
2pVCw3,1,
0c418V,1,
836bv5,1,
5ev783,1,
rfofgQ,1,
5Nml51,1,
MlER10,1,
4Use2G,1,
U85U3B,1,
8vM083,1,
17l0hu,1,
16w347,1,
pFg7Ck,1,
062577,1,
876e2R,1,
1D6OH1,1,
RmX8jV,1,
uA7eOI,1,
8c1b47,1,
8a1h8b,1,
H5c8a2,1,
gg344K,1,
Cj726D,1,
5L464l,1,
2Q370c,1,
ECNFI4,1,
71BLWo,1,
7Li2J1,1,
N75136,1,
1fvl2G,1,
6QM521,1,
84867s,1,
302840,1,
Gh67M3,1,
b7N1Q6,1,
xDwywy,1,
aB1xVd,1,
a186pW,1,
2C0a50,1,
6h43KE,1,
IV5l72,1,
R522tn,1,
745N60,1,
53uJ0d,1,
54J74j,1,
4Ca023,1,
2lm402,1,
wc5H7v,1,
72164U,1,
2nKe71,1,
yFUX1Q,1,
P0mei6,1,
n1i02f,1,
j326DM,1,
6R8LqC,1,
xU4VQ1,1,
55g6d5,1,
266u8T,1,
4i5R2i,1,
Hh621j,1,
20As2T,1,
2ru4sK,1,
cx1N4O,1,
y7RIYh,1,
J68wM4,1,
5U2Qh1,1,
Gy614L,1,
4Ia44a,1,
05l4R5,1,
TAt0J7,1,
s4hH8x,1,
XK1EG2,1,
Xu3QXt,1,
38e61j,1,
r633Fo,1,
0xLUh0,1,
1RTfug,1,
4U7f00,1,
4f2eS1,1,
ElI5p4,1,
MQ36P7,1,
S8w1uO,1,
n6w406,1,
6h32d0,1,
7T257h,1,
g2M768,1,
2B5860,1,
34YB3n,1,
7T51x4,1,
U6sRYf,1,
alT821,1,
v6nb0M,1,
340778,1,
5Y5RIY,1,
0bF437,1,
5f04ou,1,
8nb1E2,1,
76642M,1,
01kJRB,1,
xer07i,1,
q2RMek,1,
N58W40,1,
0sOEc4,1,
dnFU06,1,
S7ByxL,1,
6PKR7e,1,
cQygj7,1,
7O3QwX,1,
8w5fjS,1,
63Sg3x,1,
qBbYQ7,1,
g2gPlY,1,
pN57R0,1,
606x3y,1,
g7T7kj,1,
7F85UG,1,
2r5F86,1,
S0WmDJ,1,
s55q77,1,
84D730,1,
e0E5Qh,1,
C70O4u,1,
8477B2,1,
6FDT2l,1,
NCk47H,1,
m5NiwP,1,
63A8PQ,1,
cmKVW8,1,
1g3J3k,1,
fg4pFY,1,
6r7752,1,
30m633,1,
Arm64f,1,
CGH5H3,1,
g5J3FI,1,
35561s,1,
31r4b7,1,
03138t,1,
7mEl3n,1,
yR0D1O,1,
e02I8a,1,
rtT275,1,
82K7W7,1,
mU1417,1,
L3eRbn,1,
2u55i4,1,
0w42qa,1,
nW6g7M,1,
bM42F1,1,
0Fx7s1,1,
72cT86,1,
Of33qV,1,
T00784,1,
k1FRo4,1,
0843G6,1,
Ix7561,1,
2o8fA4,1,
6335RB,1,
6216x1,1,
ncflN2,1,
M5D1ju,1,
vg481F,1,
h45Sl1,1,
DMK47Q,1,
2Kl84p,1,
m7xlT2,1,
2fNi7U,1,
nxitT2,1,
4yyi54,1,
qpn0bT,1,
Y81676,1,
22P2a2,1,
qmyV6M,1,
3x1S4V,1,
1o6n58,1,
84oj85,1,
7V00YI,1,
6D7LmX,1,
v5TBAN,1,
4H3FCQ,1,
f50O6S,1,
5R1di2,1,
4867qW,1,
30b816,1,
PjsyN8,1,
K8718P,1,
0S3sF8,1,
K57sq1,1,
Q001yA,1,
W68S80,1,
77D7Y1,1,
DE5GW3,1,
cc3a25,1,
0780E5,1,
Ib4vd7,1,
aAHHE7,1,
6wq58r,1,
nO2247,1,
2k6e02,1,
u262oF,1,
37857F,1,
M6AB32,1,
yt8ifC,1,
d345WM,1,
d5q04S,1,
43VEwE,1,
8P0063,1,
Ll0j1O,1,
MqeG51,1,
O2M87H,1,
5KGrYs,1,
1J08b7,1,
Dp5v1f,1,
436H5d,1,
Yr08fw,1,
gl4u7l,1,
y747fi,1,
c8a8RI,1,
37WK6a,1,
U73qa5,1,
68tdSk,1,
a7N08T,1,
0e3D2t,1,
7qjDB1,1,
26aFbk,1,
cg1Cfj,1,
0L4E73,1,
v8558y,1,
6u0mIr,1,
0UfNo1,1,
8MyX1s,1,
3ep77J,1,
RwWsg4,1,
5uOpLu,1,
72lv0l,1,
f32Q8P,1,
V751F1,1,
pfuo22,1,
3KU7r3,1,
6tGn41,1,
j63l22,1,
dlI10i,1,
X0eWu4,1,
b0f56U,1,
l15k3Y,1,
3O24D6,1,
5m51Pa,1,
84357I,1,
4Q2E20,1,
6L6IE5,1,
5UY57Q,1,
P36p45,1,
0m1hrU,1,
67aDP6,1,
4L81Kp,1,
x8R20t,1,
87t5JN,1,
wW6Xe2,1,
4oXGyj,1,
D2Yc16,1,
310EHX,1,
t38D3h,1,
cpPiW7,1,
1Ckh85,1,
e14Fgy,1,
406L88,1,
W613kY,1,
H04OW0,1,
2JQ64c,1,
nu40f3,1,
57548A,1,
2A2T5D,1,
1r58MI,1,
74G506,1,
702j7T,1,
Ut517E,1,
O34D83,1,
c454ow,1,
Li14l3,1,
55y5J0,1,
J822no,1,
8N5S85,1,
1P48kT,1,
PB4054,1,
0J06a5,1,
yMFdf4,1,
51v7D2,1,
bg17nM,1,
c57Kr0,1,
065o48,1,
0rw468,1,
Tw056m,1,
111EL1,1,
7i3774,1,
Qgl56T,1,
h7keHN,1,
HoP283,1,
m33j57,1,
k80yn5,1,
t125Sh,1,
60p52Y,1,
v60oUu,1,
j3XE01,1,
23Q07H,1,
J8b2SK,1,
1C71yD,1,
KjKeMS,1,
C13CQC,1,
22LIwE,1,
V1v5o6,1,
33Iu35,1,
24FQag,1,
71r176,1,
7jy653,1,
18gevW,1,
33Ar65,1,
s30EhL,1,
g67n0C,1,
1Jq53e,1,
7W320E,1,
3WN7D7,1,
l10hq7,1,
hRe574,1,
45BS08,1,
D55242,1,
0TDEk2,1,
4b63f8,1,
05D8y8,1,
4Cr824,1,
5A561T,1,
5AtSxl,1,
nSt63Q,1,
U8mQ3K,1,
vt5mOX,1,
r4ACp8,1,
4C3p8k,1,
0Jf142,1,
62Js8i,1,
gC4554,1,
JC605N,1,
3yw75E,1,
3X2qAo,1,
hA82K8,1,
8504Ry,1,
eMs11Y,1,
83B58Q,1,
mGd55E,1,
sU5m2Y,1,
G432T5,1,
3DosY6,1,
7re8w2,1,
5mA7VP,1,
507I3A,1,
Jlju7R,1,
0igV37,1,
8b6E01,1,
V7j0O7,1,
B4IV15,1,
fvOMw3,1,
3W13md,1,
x0M620,1,
745770,1,
7KCk2y,1,
46utQ6,1,
0I83tJ,1,
757i57,1,
3S86bS,1,
6gb0FR,1,
R4D82A,1,
JV3XvS,1,
2JQ88A,1,
jf560B,1,
HWe56q,1,
48nx38,1,
bEy116,1,
7lH585,1,
g1aIHU,1,
wPWrOv,1,
7dhj77,1,
Oix2W1,1,
58b4gL,1,
X0pgYF,1,
6LH61m,1,
2y6v24,1,
Sf6hqX,1,
Fa78o4,1,
8s2X04,1,
770KmX,1,
x1N1Kn,1,
480cM2,1,
F4w417,1,
GJc3f5,1,
333e6E,1,
82N3By,1,
IUn48N,1,
r60UbR,1,
J37843,1,
4a08wq,1,
5340Wa,1,
n78b8x,1,
457How,1,
36O213,1,
ix88U7,1,
Foh8nu,1,
Ey7620,1,
8Upg31,1,
42wit0,1,
53v0Yj,1,
x30V66,1,
a1vOBC,1,
F037F5,1,
Y166r4,1,
8qvN5y,1,
40l5Y8,1,
517bY6,1,
Hcs4qR,1,
l006R3,1,
gkEb76,1,
wd665v,1,
78Ac5Y,1,
B24b3D,1,
d8516t,1,
jvG11l,1,
2spab2,1,
D6p0D4,1,
166NBA,1,
38Xjld,1,
G5ewBh,1,
14G6m6,1,
ir1m34,1,
5KrX58,1,
10sEX5,1,
D70oqV,1,
30oYS5,1,
2l875H,1,
e6233v,1,
l6Q8l6,1,
8I285N,1,
4o7MtE,1,
0i2R6p,1,
V285pc,1,
4Y40HK,1,
5C8161,1,
822C38,1,
2548nP,1,
ji0NV4,1,
p272ux,1,
5pU1uX,1,
6766Gd,1,
N7UDbv,1,
06167P,1,
jx5g7R,1,
tY1S5v,1,
uIi04Q,1,
2586Dx,1,
mF3v77,1,
043sw4,1,
56X0tw,1,
6wY8Su,1,
22S61O,1,
2Qg5hx,1,
yu8V7Y,1,
nXmi50,1,
03TK4M,1,
3u81Y5,1,
6H706i,1,
034K5q,1,
P87155,1,
4S6c84,1,
Pr3771,1,
M460M8,1,
S3I8Q3,1,
80CXMi,1,
4a2a87,1,
0URqY5,1,
474Jd1,1,
0Tafng,1,
i77543,1,
C07UF4,1,
y1k72A,1,
262834,1,
0407d4,1,
17s76O,1,
d4e867,1,
o413G2,1,
d2WL11,1,
w6x4eE,1,
qiVh51,1,
6HF286,1,
SG78FV,1,
T41F1r,1,
1F652i,1,
2yK524,1,
K0W447,1,
4oXOW6,1,
yOYB33,1,
58W3px,1,
aeQHLg,1,
E7i601,1,
248LsC,1,
524261,1,
5hdlS7,1,
J34IK4,1,
470514,1,
m2bBaV,1,
56J7sV,1,
8037AH,1,
a0Aa7h,1,
8Cs884,1,
084855,1,
ap7H2i,1,
Xj2l5r,1,
Ma2h88,1,
3wN72H,1,
K5M3lG,1,
jG2e3S,1,
7WA0HE,1,
LsLR13,1,
y3Fw2L,1,
y43i6w,1,
1HWc1f,1,
53d485,1,
3gRwa3,1,
Woe4lD,1,
4hEdR6,1,
KpheY4,1,
4rY32x,1,
e45733,1,
2WUOu8,1,
7KJ005,1,
m87T24,1,
5RP2Cp,1,
81C8n2,1,
gy781c,1,
3FtKE5,1,
2uxRC5,1,
u1pxW5,1,
X25qiL,1,
PMIVVj,1,
3I06B6,1,
QRth24,1,
ith8e6,1,
04HKW4,1,
D7jhf7,1,
t2D758,1,
0v8pN2,1,
8Y3Lkt,1,
1732ty,1,
eE386d,1,
76J6fr,1,
gA5ff2,1,
1SVF20,1,
06oqh4,1,
0D4UY7,1,
56V20Q,1,
SR8K2h,1,
626Er1,1,
4GN78N,1,
s11u7B,1,
R1ke8o,1,
6317s8,1,
B2p3L4,1,
av868R,1,
8nc54j,1,
4F806a,1,
7TX0rN,1,
F65S12,1,
601o20,1,
vE3W1g,1,
416D76,1,
kQy5ta,1,
o8FqJi,1,
73W23C,1,
8W2FR7,1,
E56ho8,1,
t75px2,1,
6y33eB,1,
T5c472,1,
nK706T,1,
tQ810k,1,
8A4408,1,
477O80,1,
44270D,1,
g5K7N4,1,
0b0a26,1,
I02s0D,1,
88I48A,1,
27eY57,1,
2323HR,1,
mxDw3a,1,
82F7FJ,1,
3Lw6w0,1,
W37K18,1,
37wqP8,1,
Aa475v,1,
28wps2,1,
Tb2d4w,1,
5qC6UO,1,
3V77CQ,1,
07m1PW,1,
3e03fS,1,
2fQd1c,1,
0d43E0,1,
k12517,1,
VHTpNY,1,
Vse518,1,
534ryd,1,
67wNNv,1,
4VDJ84,1,
775230,1,
42dUWw,1,
I8Ld66,1,
cMDd07,1,
en730Y,1,
03a41m,1,
1XrI34,1,
5PFW8X,1,
Lvklfg,1,
4W6v10,1,
E1N1L1,1,
U6sGpA,1,
22TUeH,1,
5g85C5,1,
i5v6T5,1,
c7573Y,1,
PRvDW0,1,
bkJLNR,1,
6Q38kE,1,
7knjsS,1,
I2EP5E,1,
85GNyI,1,
j6K5i7,1,
30N5s7,1,
fdk2BM,1,
045re4,1,
YD5220,1,
53Nh11,1,
T831rB,1,
hWi5XI,1,
7Ki032,1,
QxTv0i,1,
k6I4j8,1,
338783,1,
2C16W1,1,
J2u6t8,1,
47q528,1,
ld2143,1,
cPS3el,1,
54ser1,1,
43613f,1,
X05wx5,1,
RwnOp0,1,
GgX56x,1,
88mg52,1,
N1X3p7,1,
3x6G44,1,
d1465n,1,
un28EQ,1,
lgWy7V,1,
n8HIUy,1,
44s222,1,
Ic25mG,1,
68628i,1,
v0oC74,1,
5Qgn68,1,
l80ax5,1,
81JDlX,1,
TRIGMR,1,
1783Uh,1,
M5150t,1,
805Vi1,1,
f1xp0f,1,
4c88oj,1,
myujkw,1,
8U2rD1,1,
455i05,1,
1F7s25,1,
d2bA2X,1,
n78F8J,1,
51H110,1,
1v0Xw2,1,
bl42x8,1,
5P006N,1,
8717b7,1,
jBF23I,1,
y6e007,1,
vW1kIm,1,
G6D282,1,
u7Q0I6,1,
0L5Eay,1,
Ubm753,1,
wh2Vly,1,
v1d215,1,
383C3v,1,
1E4TcW,1,
01jcL4,1,
oCb1X4,1,
3KSk2I,1,
183413,1,
k37161,1,
243627,1,
g4TI76,1,
75kLhE,1,
16F3a6,1,
RO7g12,1,
5bEU48,1,
Q6rqWd,1,
fKJ780,1,
MJ6C53,1,
l6lk25,1,
h8t2V8,1,
oBC6JH,1,
P6BaV8,1,
00GB04,1,
0015AK,1,
37qI0b,1,
7Ga78T,1,
8B20EJ,1,
Q0i5nn,1,
80C0Tl,1,
D7vqc2,1,
h1x32w,1,
20L7d0,1,
I43i58,1,
7Qp511,1,
lo5774,1,
5M3gUO,1,
07x66y,1,
cq0l44,1,
748JDe,1,
1GfTb8,1,
p3MO5G,1,
l3G6oQ,1,
Hkm234,1,
CNE2WP,1,
62R203,1,
5D3P3Q,1,
W2i2T0,1,
42G88N,1,
3Mb770,1,
835F5o,1,
BsX0G1,1,
UtJ0Cs,1,
63Dc57,1,
v5368D,1,
516TGm,1,
27Ms78,1,
66F5w2,1,
12baK7,1,
6ld0G8,1,
n658Ix,1,
wVK0x3,1,
577QJ5,1,
AJ2Hni,1,
U0Ur1d,1,
71YFU2,1,
bVV55g,1,
A5r31D,1,
4LY2C2,1,
70b818,1,
7p1836,1,
1u0V61,1,
bQ01D4,1,
71I0LR,1,
88FY6C,1,
s80JtK,1,
e045XH,1,
546C30,1,
24cvBE,1,
4l64W8,1,
5p2IW3,1,
8ahvDc,1,
6Mm6F1,1,
CH42oq,1,
RvclQK,1,
X770UM,1,
80iv21,1,
eU68F5,1,
83j7F5,1,
n32G20,1,
2Hlt1N,1,
483fbL,1,
7236Xf,1,
62A0f2,1,
GEEe66,1,
oi3ey2,1,
3434V1,1,
r7Mh6K,1,
bE62e6,1,
NC5108,1,
n1rvn6,1,
ji2x81,1,
83DK4A,1,
71V0rD,1,
U7N5X5,1,
Fw2h1s,1,
4SG011,1,
881342,1,
07si1v,1,
3O8111,1,
34A5Kp,1,
PRm01x,1,
Ee12Y4,1,
3YAHa1,1,
X53BW3,1,
1xP426,1,
bD48D3,1,
x05TGJ,1,
O68x05,1,
2460i0,1,
66vp36,1,
53eh0s,1,
B512Ym,1,
Y6B34R,1,
vgGCC7,1,
808034,1,
o270F5,1,
C051yG,1,
7F31N6,1,
85W880,1,
Fud6ed,1,
6PtVb5,1,
44816m,1,
50xJ1X,1,
256XK1,1,
863d8K,1,
c46O3S,1,
4iYT6y,1,
kmU2H1,1,
T14332,1,
l5IyTG,1,
5134Wq,1,
gBa33y,1,
O300sp,1,
l2H7G2,1,
58Nc14,1,
7034E8,1,
625nR8,1,
al3O7h,1,
4373SQ,1,
00v274,1,
25WMXg,1,
2g3oKJ,1,
v6p12N,1,
ng2gA7,1,
b0oW54,1,
U6843r,1,
7BrJ0Q,1,
l7I152,1,
A7N46b,1,
B4cThb,1,
Rxf641,1,
XW374N,1,
jm0fxk,1,
hotX83,1,
7y28Ky,1,
r8kXwH,1,
FW7E40,1,
iv6Vw8,1,
3842N2,1,
1h81k8,1,
55PHt5,1,
XTAqHE,1,
315u13,1,
8iItuq,1,
01FG46,1,
4p1N4W,1,
218448,1,
W34p8G,1,
04g6OF,1,
N41b71,1,
6I53q5,1,
64BdU1,1,
3r82G2,1,
YCXpC3,1,
Lx20s8,1,
388014,1,
2DJ32X,1,
582051,1,
i0hSd1,1,
0NeQ3j,1,
iLA8LL,1,
T48n7m,1,
Q60Cv0,1,
0J67l2,1,
24E180,1,
3n4k65,1,
003G57,1,
c47k12,1,
L8c1m8,1,
256P2S,1,
13q0AP,1,
7G04OR,1,
IL87Eb,1,
2Gn2XX,1,
Cem67m,1,
f56L0G,1,
236ylT,1,
pbRe48,1,
g674Q7,1,
58oH42,1,
g5HBh5,1,
DS8Wg8,1,
40GMHC,1,
2r85XB,1,
1AxqF1,1,
11X143,1,
6H16aD,1,
Wx73q4,1,
rbqRdm,1,
w0Hf25,1,
3paJEu,1,
F1oJ85,1,
74B884,1,
jQwA0D,1,
22GGwX,1,
J3E75f,1,
3DBK76,1,
5IjbHs,1,
886h3y,1,
vN17BP,1,
A38l8X,1,
Y65S66,1,
B734t3,1,
Dricd3,1,
041MHH,1,
HJ8uxM,1,
01rC17,1,
tSO08h,1,
0625Lb,1,
67BNd4,1,
61f4v0,1,
2A2735,1,
5EYQ2I,1,
8Sn1j0,1,
5BB04f,1,
20661j,1,
l7r113,1,
10a68Q,1,
3H02k6,1,
4403B6,1,
R55w0R,1,
363tP7,1,
8CPboA,1,
dnrop8,1,
7A60u0,1,
81c4X2,1,
2H013M,1,
1h5w0a,1,
V1KE68,1,
R3Oj23,1,
0a54W4,1,
0w8RV7,1,
Rt8kF6,1,
V7fW83,1,
H153no,1,
W53SE0,1,
F14F57,1,
cc35pF,1,
2xntTs,1,
AmI44u,1,
7006b2,1,
7N38Gf,1,
y0n6sd,1,
7S4uk1,1,
wULoef,1,
JO22tL,1,
4x2802,1,
727qV1,1,
8Hdu26,1,
8KtX48,1,
r7ybB7,1,
kX8QCY,1,
T66r06,1,
2Y1t4C,1,
o44245,1,
wR0oJ7,1,
5qM15K,1,
772UgC,1,
6L1575,1,
2R1j1T,1,
6t28CI,1,
8Xnm0r,1,
g518DR,1,
82684W,1,
4T4121,1,
2mSm34,1,
Y1iX64,1,
417yQt,1,
O246Ao,1,
6Lc782,1,
65al14,1,
YP63Sc,1,
2TF37W,1,
721bhh,1,
83048g,1,
Q60E2r,1,
2vGX60,1,
2gi704,1,
3wBI6J,1,
62fXyY,1,
7A18KP,1,
2b3Qq0,1,
3ytBCG,1,
ke73u0,1,
67064i,1,
y45RUS,1,
BMbBBV,1,
S170Sl,1,
O464b3,1,
361fO6,1,
si4655,1,
7083I0,1,
RW40QN,1,
c3O15J,1,
tNOs35,1,
C7181R,1,
5F3t74,1,
V15M0t,1,
2af76h,1,
uH34GQ,1,
58d3G4,1,
Mqaf2f,1,
66WuS0,1,
n1F134,1,
Xu1g50,1,
66Fp20,1,
8864Dt,1,
2WW625,1,
3O6My5,1,
6f04fH,1,
g6l316,1,
2d4343,1,
N3BC1M,1,
2Th717,1,
808H70,1,
7ODxD5,1,
I822j4,1,
i24lka,1,
IGEQl6,1,
3w0HY4,1,
uqdb87,1,
V2P4O1,1,
aHB5P6,1,
5u0j68,1,
B045M8,1,
S2Ra10,1,
l33242,1,
75m651,1,
2xI1H7,1,
4F6kgg,1,
3qKu1R,1,
6m023k,1,
t4Wk8J,1,
Eb40B0,1,
E8570H,1,
vhxsND,1,
Vm67j8,1,
4q276P,1,
620064,1,
SP60R2,1,
X858x4,1,
y76W05,1,
m7X0IJ,1,
23531v,1,
iP2Y2c,1,
P20056,1,
483r37,1,
5v6EFe,1,
5I2yI8,1,
nqp7Ex,1,
yK24w4,1,
2WYWa4,1,
y3j4Q3,1,
7I5L11,1,
C0c634,1,
3k5s6I,1,
33Cl88,1,
0q0Y0H,1,
263tb7,1,
H0271o,1,
5T038l,1,
v1P66o,1,
i7q8cO,1,
XMCHi3,1,
0XIFVq,1,
w7i3rJ,1,
XaWH04,1,
LA6B8L,1,
8rI314,1,
r20533,1,
tnmYXm,1,
SQ74ht,1,
gr76p2,1,
BD62le,1,
v0g41f,1,
77c461,1,
Cy1X76,1,
wxO3kM,1,
62wfm1,1,
237w2x,1,
2w12qT,1,
OCO1gW,1,
M88vf5,1,
02t345,1,
0D675P,1,
22CowL,1,
pB8O5J,1,
6jnH5S,1,
1q410R,1,
g71f87,1,
5eX786,1,
W52O0r,1,
yN1YJa,1,
2M8SI0,1,
10r5Kk,1,
E810d8,1,
7oS7w5,1,
6g32Q2,1,
B26nY6,1,
a4pD73,1,
YiDT44,1,
c14n10,1,
nB2S1I,1,
4615Th,1,
3L82Ra,1,
84BrHo,1,
82I03w,1,
0j70H0,1,
Rofu84,1,
CjO18G,1,
KXpV12,1,
62r5kL,1,
8b6e54,1,
N5J58q,1,
O6hCi4,1,
524b7K,1,
714ALS,1,
0h0f4M,1,
hrgwo6,1,
c0oGyb,1,
87WN60,1,
q4t804,1,
e5278V,1,
7cV07q,1,
EtHS0g,1,
qSS3in,1,
0gPhKq,1,
64GU5R,1,
4JQ873,1,
81kVA7,1,
c6E624,1,
n802D2,1,
u0o4N7,1,
1300rw,1,
C33G51,1,
6S72M5,1,
7j6024,1,
r5N4rb,1,
RD370o,1,
08Gn72,1,
8H5nqL,1,
e170T2,1,
sB8S57,1,
6ju55o,1,
3Aeqh5,1,
E5U577,1,
c3J2p7,1,
qk5058,1,
sv4hS7,1,
h5I071,1,
4T2L1D,1,
a6Fn00,1,
2vb1A1,1,
en5478,1,
v1Dts1,1,
8L0NMg,1,
U387B6,1,
7w7Q71,1,
7160g0,1,
W63HaH,1,
d5203v,1,
v04822,1,
Mim811,1,
ju3Ogj,1,
j7s5AW,1,
3L4L2M,1,
10e14t,1,
0U3mr6,1,
4j5e4B,1,
37072d,1,
km0kq0,1,
g482i7,1,
64aqu2,1,
43u2ds,1,
LJ2V8q,1,
I7q5Q6,1,
S548pJ,1,
778B6H,1,
241kjx,1,
NfYI25,1,
2P84fS,1,
51VA4K,1,
dOWw8J,1,
455000,1,
443pF1,1,
22G172,1,
eNO668,1,
D83GqF,1,
87N7dt,1,
145VJ2,1,
368eRE,1,
60P628,1,
R3877Y,1,
3k1F0h,1,
X3w072,1,
p16838,1,
wnOGFw,1,
2Sg02h,1,
Ddr5jT,1,
k4A3Kj,1,
p50eO1,1,
0e0p1P,1,
k4C868,1,
S1d53x,1,
14632r,1,
r141UN,1,
np7i30,1,
e3w81p,1,
30YS71,1,
11E6h1,1,
6F1WDl,1,
V50IgR,1,
JF10is,1,
i07v78,1,
88O3ot,1,
7G512g,1,
W2l63K,1,
1474jH,1,
2fk73v,1,
6I0146,1,
18dB7w,1,
13ab3o,1,
6fRJ3g,1,
626750,1,
U26Dn2,1,
W6h73w,1,
CTjQGs,1,
p2O057,1,
E4EJXr,1,
wl3cuP,1,
P64Qe5,1,
Y43Su4,1,
44h272,1,
R3frXv,1,
35nW7U,1,
886023,1,
88i505,1,
x74v37,1,
04YVn6,1,
pTn64V,1,
NiO25a,1,
axq6Xr,1,
aVX1I6,1,
TY653H,1,
H5854s,1,
3cKQ68,1,
S1D7t4,1,
p04T3D,1,
4rXp6d,1,
16S54x,1,
C7C353,1,
dn5Wdd,1,
2pe6IC,1,
4lUXFq,1,
33060l,1,
725f58,1,
V0E286,1,
NoH2g6,1,
MUYAhD,1,
5U87i0,1,
Nt0512,1,
Sn6T2R,1,
p44713,1,
1531pI,1,
b1083P,1,
1a74P5,1,
k58D3T,1,
7fI2A1,1,
d5M3K0,1,
1M021p,1,
J6FIwc,1,
dcrVHy,1,
x725Cu,1,
360b7s,1,
73cc8V,1,
U720O1,1,
DB162D,1,
2b8i43,1,
t35Rus,1,
cYm004,1,
7A0751,1,
4n2Ar6,1,
5w5127,1,
578b4X,1,
wB552n,1,
8rG551,1,
58GO2T,1,
4551A2,1,
r4IPAx,1,
303cq8,1,
CCNHMA,1,
1m2868,1,
0j3T7g,1,
8M6n6P,1,
to2b21,1,
DI33Nh,1,
nt7324,1,
2JBKx3,1,
t2Uui6,1,
ucDJaK,1,
RUe230,1,
623Tu8,1,
128cm6,1,
ecIB00,1,
374q51,1,
L4T14V,1,
q05yiu,1,
O78gj5,1,
Hgn458,1,
31Ijq7,1,
2ko2n1,1,
vQq877,1,
0Wp58P,1,
A721G3,1,
5h2A6n,1,
3gywd0,1,
525D17,1,
3213sn,1,
DuY0Hv,1,
wU1170,1,
W81620,1,
qOsJ31,1,
1e6b8e,1,
7eG2U6,1,
4Ff28E,1,
5k6ujk,1,
i11U8B,1,
Ge1umw,1,
413167,1,
s54ULC,1,
3J4U33,1,
07T0Dk,1,
6r4r3X,1,
f3A165,1,
0r5bEf,1,
2Y3B53,1,
03jA8r,1,
00h214,1,
7221yl,1,
7MG423,1,
u68002,1,
OR03I0,1,
wpw7nu,1,
311755,1,
Rh6BP6,1,
sl8C33,1,
epU7ar,1,
FbhC05,1,
lSs0d8,1,
0LQd24,1,
837604,1,
2B4u47,1,
44uTT4,1,
Lk86s7,1,
2207IB,1,
hH3N4r,1,
1t6x0M,1,
12uHaY,1,
R0sW22,1,
vMW6V2,1,
3K1mR0,1,
NSW75p,1,
5Ui3y3,1,
56Or40,1,
414625,1,
g3GgIo,1,
uB7HVb,1,
331L64,1,
wCw317,1,
cepijT,1,
s1V557,1,
lp1TUe,1,
874aL4,1,
l68d8c,1,
35801v,1,
6PIU7x,1,
U22880,1,
yoBLf4,1,
M07N5L,1,
2I301k,1,
256228,1,
5E3Bu7,1,
gr72F5,1,
Om67O7,1,
xnq306,1,
6bEvpd,1,
7NN0oM,1,
M4SdjQ,1,
T7Nd1K,1,
1O3rh2,1,
r153vp,1,
c316o7,1,
b58the,1,
5YfxL4,1,
MIj38N,1,
kj5240,1,
nN035j,1,
3GVH3m,1,
2Y05du,1,
e2S8Ih,1,
Xu087U,1,
7222o2,1,
2267yp,1,
84IX3V,1,
043aO1,1,
3qHD6O,1,
j86d6E,1,
3La12Q,1,
q2vE54,1,
I336a4,1,
y6cL3V,1,
SXnB12,1,
Q1OX0R,1,
Uw0G41,1,
114a7h,1,
oi33L1,1,
RK6O4e,1,
Tcl7et,1,
31H6D6,1,
00sQ4X,1,
356DsX,1,
XA4rx2,1,
12oNfl,1,
23XCl6,1,
i88dGG,1,
CQCV1J,1,
WD142W,1,
y7583T,1,
qctUTe,1,
47Yi6x,1,
t7x2pM,1,
U5g6o2,1,
S572F8,1,
66s737,1,
lcu142,1,
XVcO0P,1,
5QP3qm,1,
Hfy4N7,1,
51j2TA,1,
1437l1,1,
kHn7Uq,1,
57vX5k,1,
CVm11r,1,
p54u7Q,1,
385dKr,1,
E27220,1,
M2fc7V,1,
788s55,1,
o446NA,1,
5W0V7x,1,
5f7IuF,1,
6rShvp,1,
3RMr02,1,
47p7Fc,1,
G3HFFO,1,
u6PaU0,1,
3uA430,1,
wIf0wQ,1,
0W3K38,1,
63g31E,1,
IHhP07,1,
6UM7M3,1,
u4MXYD,1,
7j1Y0J,1,
d664EG,1,
s3o5d3,1,
43d8uj,1,
bTCS4T,1,
8i171L,1,
m857L4,1,
24D7k5,1,
3u1162,1,
6435LI,1,
366750,1,
2g6612,1,
iRDqT5,1,
c38nK4,1,
7o8x7X,1,
RvC68d,1,
18yL7c,1,
q530hK,1,
P1jcH0,1,
Fv50E0,1,
PE1r36,1,
8RLS6t,1,
uy7B71,1,
j24eB3,1,
aJGgJh,1,
6hJOW5,1,
q0BsA0,1,
F10d7X,1,
w817GH,1,
5g327N,1,
IHuDq8,1,
4S1td1,1,
Q7728V,1,
1Bt7IQ,1,
WBGU3R,1,
N7TVan,1,
CB885R,1,
l2F7Eh,1,
q6c1bf,1,
46O0k3,1,
1niAa6,1,
78410w,1,
I7bnnj,1,
Bla35Y,1,
T33NX1,1,
MKmvuY,1,
284R4O,1,
L76663,1,
0FA0QM,1,
Q18Uc6,1,
3RLPQ6,1,
E0F52g,1,
1AcuaV,1,
e4v8Ya,1,
Yt485y,1,
41uoY2,1,
ms11i3,1,
023F0n,1,
qx48P5,1,
5Br6A4,1,
a721p0,1,
0eY373,1,
MxI4Kp,1,
374671,1,
W3XpC5,1,
NV8iQ7,1,
b4R270,1,
80Q588,1,
ju1FR0,1,
642446,1,
5a8J2X,1,
cD63h8,1,
20Bu14,1,
4a46Yy,1,
QChH66,1,
7G854s,1,
7iQ426,1,
B72tgT,1,
5v24u7,1,
EU14M1,1,
wXp44S,1,
1AL561,1,
080e00,1,
C71x2W,1,
7kvX4K,1,
meQ2k6,1,
e3b4w8,1,
7H3CF2,1,
5s2d02,1,
oUcj0M,1,
rJHJ07,1,
78Oycc,1,
814csn,1,
O7F231,1,
V6HY1W,1,
28858P,1,
3d15bt,1,
04MR3a,1,
6u6rWb,1,
q4673t,1,
16R706,1,
3Xw6oW,1,
63KP8s,1,
2pCvhJ,1,
mp6AP8,1,
6025B7,1,
5ddr50,1,
O777EF,1,
0v7H3D,1,
55r7jV,1,
88u8WN,1,
YqG67q,1,
2f8yyS,1,
q27005,1,
n07i2p,1,
0iod15,1,
5t2WEF,1,
O87376,1,
g3P751,1,
066a2c,1,
215pp4,1,
D55eB0,1,
3G7X2Q,1,
FaVpYt,1,
kn7pJ1,1,
ygXbfi,1,
5g7H38,1,
17p75j,1,
dcV457,1,
778d0s,1,
I51M8W,1,
JD671H,1,
D451i5,1,
BS0045,1,
W5IS63,1,
Xni62I,1,
q07GQ6,1,
2l5a61,1,
T6M150,1,
Lk47ng,1,
Q7dl47,1,
u7223h,1,
VuC276,1,
3Qm1JM,1,
3tTt76,1,
4rbcy8,1,
u4yc6V,1,
760UBC,1,
G0881N,1,
c0nt73,1,
W8Nxu5,1,
6J56Do,1,
2E88KJ,1,
ax60XS,1,
CjjL6H,1,
8j6k87,1,
RT3QCS,1,
wj1xEC,  ,1
3OoN1G,1,
2n476K,1,
356Xb1,1,
B43j37,1,
650178,1,
jCUx70,1,
37k71L,1,
r47w2I,1,
C8G2y8,1,
05164x,1,
qAu6fR,1,
1E5603,1,
1755Mf,1,
6P00N5,1,
r5sGlR,1,
487EP7,1,
O2IT66,1,
dm50sn,1,
5r537a,1,
skg25F,1,
7dfne5,1,
b51702,1,
300Fa8,1,
B7Ulti,1,
5Ca0Xq,1,
2Fk054,1,
3J4J01,1,
T7R00n,1,
1JL2DE,1,
1S17O3,1,
00x334,1,
00gunX,1,
mvKetq,1,
1Nh4x5,1,
NU4443,1,
hU56B5,1,
21U2j0,1,
c6B7tk,1,
040T3Q,1,
I707R0,1,
Kd35s4,1,
0sUl74,1,
E0iw0F,1,
775Uns,1,
G64F15,1,
0IT7dr,1,
177r01,1,
yj7i8i,1,
1n5jyB,1,
661gV5,1,
hl611i,1,
n34664,1,
3TGVEy,1,
FI4q2H,1,
M75YyA,1,
u8tW4M,1,
7134gw,1,
j7C717,1,
uM3782,1,
6kFXdg,1,
g5Q851,1,
126648,1,
J0JkWw,1,
pam7Gx,1,
f04267,1,
477xh7,1,
3Qw2o1,1,
5hdu3i,1,
h22JJA,1,
2fSUM2,1,
R88d3Y,1,
1Dsqn5,1,
36I418,1,
54711w,1,
sCwXN2,1,
4K7Fcf,1,
AvRTuW,1,
1q0l7j,1,
I2e626,1,
7263qY,1,
r7O0kW,1,
5hf0Q0,1,
4y5s64,1,
BUwCT6,1,
GI6w01,1,
Ith4qx,1,
G70u31,1,
3E0xe7,1,
3t1465,1,
HOAPY7,1,
0nR736,1,
1BT5Q7,1,
WIcJHR,1,
S073Db,1,
03j6Rl,1,
2Gc3U0,1,
2L7i31,1,
tr752l,1,
447150,1,
h7J2h5,1,
KCmj34,1,
0o5J30,1,
SKNN6t,1,
dJ75XH,1,
XG4f5T,1,
47F13A,1,
3vT781,1,
73gC6X,1,
t3P311,1,
0L0535,1,
14IC17,1,
v3bnU4,1,
86R850,1,
iUQ1h1,1,
2c00hJ,1,
81m80U,1,
885055,1,
4W2D15,1,
h8ry65,1,
p5r3RI,1,
1ki6D8,1,
3omG28,1,
x16nWL,1,
j227Dv,1,
18r3tH,1,
qEC737,1,
825c11,1,
7EYYqj,1,
13H1ig,1,
47EADV,1,
3lG26a,1,
x2j7r7,1,
1nx8rf,1,
xUuef4,1,
mJ7U81,1,
vgC332,1,
82o3B3,1,
m4RaJ3,1,
pg2T60,1,
u55FTr,1,
lIIb6S,1,
55378D,1,
k66O56,1,
b6KseW,1,
32sm55,1,
32iE0k,1,
q0n585,1,
1170em,1,
n67oY0,1,
654sI2,1,
0l3sYv,1,
Xw5D8L,1,
5Jr338,1,
0sUQ04,1,
s6X256,1,
3Rd34v,1,
GB350g,1,
Swy88Y,1,
EJeYg8,1,
e50k06,1,
WEw3wr,1,
0kA253,1,
rx38b8,1,
470l81,1,
52578N,1,
7EDN8v,1,
Ud42hH,1,
7F4S8h,1,
OwhgFq,1,
crP572,1,
X88lW7,1,
OB8BO5,1,
0O4jY7,1,
W3f261,1,
g48641,1,
6108U3,1,
Sx5O33,1,
0mp2mR,1,
6r1lX2,1,
D82L4M,1,
2R5X66,1,
F6pw0P,1,
qfti0L,1,
Cm1AY6,1,
3v4s00,1,
6JD88J,1,
6Hi03L,1,
rYlj63,1,
5Fas66,1,
V3D20h,1,
851P0a,1,
D0W0oW,1,
7iKf58,1,
F04M4G,1,
w1670k,1,
3d3bAg,1,
1cb4U5,1,
g2is02,1,
2F771d,1,
7YoYC3,1,
8x6NX4,1,
07H3u3,1,
6h517s,1,
468I8l,1,
SSk207,1,
6Wk767,1,
D1ED4B,1,
025P1q,1,
4327h4,1,
102147,1,
I72ISc,1,
6Q7051,1,
j105w2,1,
6238E6,1,
m00hi3,1,
8XY26r,1,
UIp23d,1,
L2x0xf,1,
R006Ht,1,
1824sS,1,
37048o,1,
sd3T4I,1,
4iCr82,1,
xO5I05,1,
Q33838,1,
PC04UL,1,
YJQQ50,1,
308u38,1,
73xi41,1,
lvVg2g,1,
tY5100,1,
4nr1w3,1,
54Tj7F,1,
w855hL,1,
20TKh3,1,
3w0T8s,1,
32E04O,1,
D07424,1,
0dvB8l,1,
x2vabd,1,
CFUxR2,1,
8wV84R,1,
1V7dw4,1,
Lbb6rk,1,
20SKRD,1,
f70Yx7,1,
G1ud7u,1,
j31XyG,1,
yoS4cL,1,
DVtl2N,1,
02hWjB,1,
6WC848,1,
23NT7A,1,
4u2Eo4,1,
6ce62h,1,
q35745,1,
VC04X4,1,
57662k,1,
143p67,1,
i2d127,1,
Gfs40S,1,
wf8n7k,1,
tat52N,1,
76FQu7,1,
I7046c,1,
LHO41h,1,
r71pVU,1,
W4t1Sp,1,
U48sd3,1,
36N2u8,1,
y16KL8,1,
84k738,1,
7040sy,1,
268l04,1,
nmDo47,1,
6iU713,1,
HDfcfo,1,
U04834,1,
g0651E,1,
UqAgM2,1,
80588g,1,
8G7dut,1,
707N43,1,
6drx52,1,
17s2cD,1,
oOpnil,1,
6560E7,1,
c2pB3u,1,
12043G,1,
5p0yiu,1,
Ds0c7S,1,
E8368Y,1,
UKb03H,1,
oCm0CS,1,
y4jboC,1,
Qb58EC,1,
FY1y0l,1,
mjpr42,1,
3fp8s5,1,
Mr121J,1,
qfY72T,1,
c084W1,1,
473IV5,1,
126NN7,1,
3v3r7O,1,
WT21X1,1,
w45Xxb,1,
G20u30,1,
k7Rx7m,1,
G77f4i,1,
YjrDh7,1,
M0xR7a,1,
MpQ2k8,1,
aM00Q1,1,
0B5y31,1,
2YvN80,1,
7f7305,1,
126178,1,
12Se7p,1,
3YpxTF,1,
7240Fs,1,
G62m10,1,
n5J4QP,1,
e5K2Ev,1,
t0cITx,1,
uk2Vs8,1,
84Ys0G,1,
N67IpC,1,
4mQ6M8,1,
fY134w,1,
DP3cCx,1,
uik1Q3,1,
Us0p6P,1,
0o66l8,1,
W2U4H3,1,
4V4e3x,1,
a0e8v0,1,
tPo64F,1,
56e55F,1,
0P1jTX,1,
1c6UtX,1,
18s333,1,
0Y0oJ8,1,
MrstT3,1,
12KYYx,1,
5phlO4,1,
0d0646,1,
coD21X,1,
5V7704,1,
KTFlsM,1,
5668r0,1,
21E711,1,
2nxwOi,1,
Ll47H8,1,
bGp3u3,1,
026Y5m,1,
qwE570,1,
00p5eV,1,
u6u42n,1,
S42or1,1,
7G7elR,1,
E52841,1,
O6yY3o,1,
d8x217,1,
585jH8,1,
JNC5xT,1,
P4WDLg,1,
st6577,1,
753A5P,1,
3giW11,1,
38150b,1,
5GJC65,1,
I4CMID,1,
bb0U3H,1,
0Mp5N4,1,
hHsJ3C,1,
81u1we,1,
30V3x2,1,
t4f2lF,1,
muqsNO,1,
483sVg,1,
87mI7s,1,
puCyoc,1,
i232m4,1,
Jc148b,1,
8iNBA7,1,
5MQ1jJ,1,
6n54ic,1,
O5V3Ds,1,
k0u4Ig,1,
G2U864,1,
0864n4,1,
1QrfW1,1,
vCW58O,1,
3O5m05,1,
20G12c,1,
P45U3R,1,
4E76T2,1,
43B5G5,1,
nn82ag,1,
70YL1v,1,
4P4s47,1,
u8P03Q,1,
eO7d18,1,
v85w05,1,
SiPj63,1,
6ob51L,1,
2E4H5O,1,
tlXBs5,1,
3n7076,1,
e5KU0r,1,
ubM6Nn,1,
75ns43,1,
5igRIX,1,
uM61X4,1,
78W1FU,1,
l12228,1,
1mXBAA,1,
7L15P0,1,
3CRk2n,1,
35i278,1,
Kif04L,1,
8NQ8AX,1,
754212,1,
A8b844,1,
7803dB,1,
8GL52g,1,
YfI2OI,1,
3G4XFB,1,
4o5Xx7,1,
c2k885,1,
Sl1h3m,1,
D6mss4,1,
6cyQRJ,1,
c6JL20,1,
0HyuU7,1,
54Dh58,1,
2l8d0B,1,
ou3530,1,
KgsEF5,1,
6284tW,1,
O3x45t,1,
80iIHI,1,
3UC15P,1,
4d647V,1,
yKF87e,1,
BDlA83,1,
4W6kct,1,
3578Wv,1,
2W45R4,1,
5123ro,1,
vHXGop,1,
3IM4o4,1,
mVV8xU,1,
O2O7Y1,1,
O7lH76,1,
Y71d50,1,
22nH47,1,
23i83R,1,
FU1d15,1,
Y005in,1,
lH1hq3,1,
n7iG0H,1,
PJ4XS2,1,
E5j2gx,1,
r6UBb0,1,
81in3C,1,
6N4uI7,1,
1Y74lV,1,
8k6GrJ,1,
34fQpe,1,
3XR43M,1,
Ne2fM1,1,
6r3Sc5,1,
3UD1P5,1,
M620nh,1,
2pi6YA,1,
7e28v3,1,
Q5F514,1,
4yb400,1,
3R5444,1,
HIvhJm,1,
5f10ws,1,
42240v,1,
Tx78B1,1,
065mj8,1,
54U337,1,
0Mp865,1,
s706j3,1,
s8Sl2W,1,
H18gvS,1,
027eYa,1,
1Gp572,1,
OMfx75,1,
68613i,1,
7445vl,1,
70xaPc,1,
13mLf2,1,
M86Fk3,1,
10A7X2,1,
rqr86R,1,
Hl5SAw,1,
5Oa1v2,1,
L377dc,1,
114r24,1,
54krvC,1,
27pQBQ,1,
wTSBV1,1,
22K7D6,1,
6442o4,1,
0GlDd1,1,
4056l3,1,
pJ1G23,1,
qlAlPi,1,
3y73Vd,1,
4Iy830,1,
NI50L3,1,
xm2574,1,
xnR4o6,1,
8r58nW,1,
7x280n,1,
e51Cox,1,
vW7472,1,
oal3W4,1,
5Ujek3,1,
Cy41f6,1,
3NF30T,1,
62v8GP,1,
rD7s3H,1,
M6ehVS,1,
2q1240,1,
L1b4h0,1,
A0f6k7,1,
gA7Q2Q,1,
e1Y8Og,1,
Lp758f,1,
H6Bc0P,1,
CG518C,1,
A5070M,1,
Kvs22X,1,
2B0ox7,1,
1K661k,1,
63o65d,1,
GI08x2,1,
D4hm1L,1,
06LuH5,1,
1b0hFK,1,
j1J12Q,1,
2A6d85,1,
Q8I6vp,1,
Uk813k,1,
k4kq3J,1,
2WF5l6,1,
0OlaK1,1,
4pfVS1,1,
1P60m4,1,
A4BK7Q,1,
A35NSF,1,
6A2806,1,
F30l41,1,
QN57hQ,1,
C3Wgq6,1,
D23W10,1,
61KY88,1,
06t203,1,
iebmUs,1,
yljn74,1,
Sj6h45,1,
3V66j2,1,
8c0H6X,1,
636818,1,
0H80xL,1,
s0sN44,1,
7nNh61,1,
O04dn1,1,
q08RB3,1,
3p37m1,1,
552bsF,1,
i15f54,1,
h5V4o1,1,
Ml3uuJ,1,
6pT1Br,1,
027511,1,
ydK8hY,1,
3x6v0D,1,
j1R8m1,1,
t8NA74,1,
s4Cjon,1,
L1IlpB,1,
peTU4y,1,
0TyI53,1,
XnVf3j,1,
86j5Sr,1,
wfP25u,1,
7Pck65,1,
DB160E,1,
Q00g40,1,
68p863,1,
453bD4,1,
dYo400,1,
6Y41VA,1,
6AB8aM,1,
H386Pg,1,
1016WJ,1,
281thb,1,
76leD6,1,
1i8ttX,1,
m6l612,1,
qjpbqf,1,
n6QOJ8,1,
r6B858,1,
8s1kPV,1,
p0Nl61,1,
47D0md,1,
2t1D2O,1,
H62822,1,
741e81,1,
o4WhtB,1,
f4K7h7,1,
405WU5,1,
504dO8,1,
1ym24p,1,
mk0255,1,
v0uH6u,1,
OD14q3,1,
E2o873,1,
U3D44t,1,
Um4Eh4,1,
02d5Gn,1,
xp34AP,1,
31k3AA,1,
t5nL0f,1,
760I83,1,
672pjn,1,
30Fa2i,1,
58R53q,1,
h5l4Xo,1,
r7T2eC,1,
llr52w,1,
SSaLT6,1,
35Jhyf,1,
dr5778,1,
o67dm3,1,
c7240x,1,
10j1L6,1,
d70E71,1,
7U0i22,1,
7ho4cA,1,
h2pCn2,1,
3RAJm3,1,
74Hjjc,1,
l3B1k7,1,
SbfK48,1,
sp1Oe8,1,
CPY4c1,1,
oM1CiK,1,
s7MHw6,1,
24iaiS,1,
0t7M21,1,
WIb7t4,1,
8GQE16,1,
18JC3q,1,
r6QTx6,1,
61wwI0,1,
7FYo2O,1,
7J7633,1,
23fIBq,1,
XS5c4U,1,
p7418p,1,
Jp2618,1,
64MF30,1,
NJD24s,1,
4ru8x5,1,
217k05,1,
8520Ig,1,
6235D4,1,
7306m8,1,
U1y05v,1,
00ha65,1,
547600,1,
1RtA1U,1,
0y0q88,1,
l4h73t,1,
D030Ws,1,
S325Yk,1,
JX8J8l,1,
X0T47c,1,
bT8263,1,
Fb3eoy,1,
D087qe,1,
qTyrNe,1,
707042,1,
0405Cd,1,
0n7w81,1,
5u8K84,1,
31m033,1,
8o80n0,1,
15g881,1,
26PG4s,1,
VvN73B,1,
4l3Gut,1,
g88Jb8,1,
555fJb,1,
SE6P0m,1,
0r304d,1,
4LTb16,1,
1vIhX4,1,
0456Gw,1,
C151HW,1,
4764eW,1,
NL2BmI,1,
C3868S,1,
C72AL6,1,
26N6D3,1,
8PsxEL,1,
F2020A,1,
181U8t,1,
2TYX34,1,
m4t8do,1,
C54wLd,1,
12L62B,1,
TH7838,1,
0QAWe3,1,
7Hd687,1,
E32uU6,1,
4543jl,1,
Tyu8J5,1,
846767,1,
GH7084,1,
sh5VbH,1,
y1W653,1,
8B164Y,1,
thm4cV,1,
lphpUg,1,
iA755l,1,
5u1R8o,1,
3YF1o2,1,
00K22g,1,
e6yg54,1,
ebQ2r3,1,
d0Vh20,1,
0hK76P,1,
gCKc37,1,
62pIfD,1,
JN6HY7,1,
U0Alt1,1,
f6b401,1,
UHm882,1,
3q21Sq,1,
G852i4,1,
v446KR,1,
W2165V,1,
Gq3262,1,
TG6T3e,1,
Gi3HR1,1,
e5a2N6,1,
410123,1,
1KA71E,1,
Hqr3GL,1,
4UxU63,1,
7GF14O,1,
P55834,1,
JHutT0,1,
DFP8S7,1,
1848X0,1,
J441Y3,1,
xG5582,1,
57VXY1,1,
36xMiW,1,
4Ij6lT,1,
6A5ogw,1,
oR00dj,1,
n17mPk,1,
xgL067,1,
j75vE6,1,
AN6276,1,
86146e,1,
57mBUj,1,
4I60Y0,1,
7s11sP,1,
u12QIS,1,
Ih2648,1,
hc533U,1,
K0140c,1,
E8833x,1,
L54567,1,
H845D4,1,
m010mS,1,
g40j00,1,
0eapt8,1,
W07p4H,1,
7sCg4G,1,
63Hk02,1,
cUm2OW,1,
42iP15,1,
243xFD,1,
45426K,1,
hyQj61,1,
2A8762,1,
c01kT5,1,
6X70D8,1,
A63k21,1,
BrQg7P,1,
or3810,1,
IMQa4l,1,
8Ta8R2,1,
3P4E04,1,
103UNQ,1,
618r67,1,
R113p1,1,
Suo553,1,
N0G7T3,1,
U1j41i,1,
10Yik5,1,
1r5ow1,1,
V7Nagw,1,
536833,1,
Y6k32x,1,
4SJuwC,1,
1G5tO7,1,
0bi882,1,
572HP0,1,
8462Kq,1,
2xEIG6,1,
As7SEk,1,
SX7aC3,1,
ao7t8p,1,
2t48SI,1,
85C2x7,1,
d37YM8,1,
iC8o3r,1,
4W0ps6,1,
6If6QV,1,
lsG0df,1,
407Yql,1,
W437GY,1,
k5822m,1,
WBNGVY,1,
N8Jl85,1,
2328b5,1,
0125dQ,1,
1b67c6,1,
00sv37,1,
j10322,1,
qC6g03,1,
003s5f,1,
1e0b50,1,
7fa10E,1,
R5jCn0,1,
63PlDm,1,
h687Qe,1,
n2g336,1,
6uLf44,1,
5C5E51,1,
oee700,1,
l56604,1,
038Fyu,1,
5B2VV6,1,
8630oU,1,
d02aoI,1,
282FUe,1,
l322gY,1,
aGFq2j,1,
1K1XcB,1,
1W8s64,1,
2555NB,1,
c33Mq2,1,
425P52,1,
I0L162,1,
VvWhH7,1,
r10UbU,1,
847O1k,1,
b5SUwy,1,
js7723,1,
47rMhD,1,
n17oRy,1,
12Awqo,1,
YkVVmf,1,
72Mju5,1,
00558t,1,
rCM2Vk,1,
JT5B3k,1,
GX11cy,1,
54qen3,1,
xwD44K,1,
1l845D,1,
il8T3M,1,
224Y44,1,
NfRb3o,1,
8oy64l,1,
7C1534,1,
b35Ye4,1,
e8V00k,1,
4320y4,1,
20qd5h,1,
q76Dvg,1,
v48q0t,1,
00N325,1,
PJ80Xp,1,
U4O31I,1,
27YB46,1,
C8MUNO,1,
M85h24,1,
6BX5w7,1,
q4G4O2,1,
dPRC2T,1,
4SJ562,1,
s58Wb6,1,
r2u044,1,
t88IH2,1,
83na16,1,
Ox2M3G,1,
jkj78A,1,
47M7vk,1,
A5DvtP,1,
Y81c66,1,
72cRb4,1,
8tRsek,1,
4Ac687,1,
j648P8,1,
by8S0e,1,
612J17,1,
JkT7AW,1,
8A23Y0,1,
80f56O,1,
42VVU7,1,
F7RGii,1,
8O0g2T,1,
Gcd350,1,
g4146g,1,
O127s4,1,
j26s0L,1,
34M80g,1,
cAX7b7,1,
VL1t0M,1,
x813wV,1,
sFkVd8,1,
lh6405,1,
vld31u,1,
43Y1A5,1,
Jw614T,1,
cD24O7,1,
kG32R2,1,
2534Vr,1,
Rn6cqL,1,
7y2AWR,1,
CD8DEJ,1,
bvEj14,1,
o16d5N,1,
6813or,1,
06reB6,1,
uqlF07,1,
rX768F,1,
W58x1a,1,
a6T6v1,1,
352221,1,
Y88k2F,1,
68SI0F,1,
273hQT,1,
Hl2S4W,1,
D3030q,1,
MS6e65,1,
D834No,1,
hjb713,1,
6m5P4r,1,
x4bK1s,1,
10oP5W,1,
bN7qi6,1,
3y0Y1r,1,
1814PC,1,
GD3a5d,1,
5Jw421,1,
I7m844,1,
63cJx3,1,
84If1r,1,
R048I5,1,
C5N717,1,
qe3h1S,1,
7tBV81,1,
7r5e48,1,
6q51XU,1,
Yo4YqS,1,
R8HMW1,1,
7ML5FX,1,
76C8UI,1,
S456of,1,
380168,1,
v4q061,1,
cRJQ80,1,
W1D436,1,
yKApH0,1,
x5e8yh,1,
1y1YJ6,1,
30m3TJ,1,
QN7w2e,1,
b8wgk0,1,
3P5516,1,
aRq31X,1,
7278l3,1,
5nUb7H,1,
2832i5,1,
Sx0Qe5,1,
j1IdWw,1,
6M1508,1,
P6DCV8,1,
01S6T7,1,
661w4y,1,
1Tncu2,1,
6M04F6,1,
6yy5f8,1,
J1SO7u,1,
c03E3q,1,
y18yfB,1,
27P25d,1,
m3Cw5j,1,
56bsSU,1,
17B283,1,
64xR16,1,
Yb0C5b,1,
6GFqe0,1,
Hp1lX4,1,
KU0ktE,1,
5o2M34,1,
r80UR4,1,
836Rh0,1,
TrC45R,1,
1XS81G,1,
1ly4S0,1,
b5i16I,1,
C2V0d8,1,
4X5I11,1,
8M0M1V,1,
g51K2v,1,
T2L847,1,
Lvu5a7,1,
47tVPj,1,
kG4W7g,1,
2q8N10,1,
Ec0o01,1,
5WEJd1,1,
6UE737,1,
Wj3i87,1,
L6A2q0,1,
7tD8TK,1,
4d7242,1,
B78818,1,
4Jh6PS,1,
1KeU4k,1,
bqEV74,1,
0l513Q,1,
0FP078,1,
Km3e22,1,
6knT0o,1,
45IpQE,1,
B6yi74,1,
7h43BY,1,
H67AAq,1,
3uw7P0,1,
wkkHH7,1,
5CB031,1,
rdU4E3,1,
vFQ10r,1,
lq4kdu,1,
80j365,1,
DQ6167,1,
s041DO,1,
7s1750,1,
7lHQ1y,1,
ro3a1o,1,
28k875,1,
4S1WEo,1,
72l81k,1,
Di25UM,1,
ytm27p,1,
Jd5O3a,1,
0mJ8q1,1,
56N5tW,1,
3q4Af3,1,
nik201,1,
647cb5,1,
K0IkG0,1,
c41m35,1,
W3c7o8,1,
27uW36,1,
3F74E0,1,
57830B,1,
HuNDI5,1,
40o703,1,
8ig83W,1,
v1027n,1,
A006MY,1,
2456J6,1,
3I203P,1,
mwJ7lB,1,
4O7Nay,1,
b8tOVV,1,
3m1ui2,1,
22C0m6,1,
1hUM0x,1,
Jc5o0x,1,
f8N8sg,1,
nO55yo,1,
82coyB,1,
053f5K,1,
Q2G487,1,
tQKY4o,1,
211g87,1,
8Nc77I,1,
n2136w,1,
850CVT,1,
3L8Hq4,1,
64285h,1,
K5K485,1,
72pr13,1,
7U0d3R,1,
o031y4,1,
Wu0G08,1,
3h8Q81,1,
h6oy3p,1,
02We24,1,
pr0162,1,
0084O6,1,
6l6P20,1,
1261mn,1,
68W571,1,
oK62n4,1,
yxR76m,1,
0S2D5o,1,
6Uw1B1,1,
21Up7o,1,
7684d3,1,
2H7Hk4,1,
P0GMxI,1,
MF7X1i,1,
O1m7n5,1,
Y6n0NA,1,
Y813d2,1,
21q153,1,
32F747,1,
Ao6Yt6,1,
E761h6,1,
1Tr637,1,
jxPQs3,1,
Wy7487,1,
7hX446,1,
x23lBa,1,
C2n544,1,
7xg0Q8,1,
5U7483,1,
7056mM,1,
wsfbFD,1,
OopcPK,1,
Qef663,1,
72J287,1,
04W64d,1,
W1q7d8,1,
h75L3U,1,
1238h7,1,
244xO7,1,
54O5K2,1,
qA0Xin,1,
2F671b,1,
37A85E,1,
O2Q71m,1,
H15D1H,1,
4D1d4K,1,
p6VpEJ,1,
1lDqdp,1,
6d5a67,1,
7sNX17,1,
FKA7L1,1,
UwNf77,1,
2g7W80,1,
6I0eCk,1,
2d8DrX,1,
0cNM7p,1,
YwK56e,1,
FfB4q1,1,
434si3,1,
l70TsP,1,
WqDY87,1,
K573y2,1,
q36501,1,
qm4t57,1,
V45035,1,
qs1m2J,1,
3k06H1,1,
I64BXC,1,
E0J1md,1,
7NVwWo,1,
E721lH,1,
K08t4A,1,
4Q4034,1,
454Jw7,1,
85IGq8,1,
Bp2M7t,1,
xd47f2,1,
41NRU2,1,
D30xU5,1,
FV5o21,1,
0fF4sl,1,
1361tw,1,
S71b63,1,
evvhgj,1,
W6G566,1,
e5L7rC,1,
4EVo2v,1,
2J82sX,1,
54Mi28,1,
LDh816,1,
1A74n2,1,
4Kd2L5,1,
q4CX68,1,
C1Cm6c,1,
jNLB7W,1,
heDv08,1,
Y86eV2,1,
3w3hoj,1,
R6645K,1,
15333V,1,
hh202w,1,
q6084O,1,
g03380,1,
201hn5,1,
1b5Y88,1,
pO7658,1,
1OL55Q,1,
j0g2R7,1,
s680p0,1,
cd2un3,1,
EGdxs8,1,
ur5577,1,
56TiI8,1,
uk2S25,1,
k1e8Sf,1,
s3687C,1,
jX8ok1,1,
5m71vC,1,
0275Qr,1,
0dHJ46,1,
4F56R7,1,
Q53xk3,1,
gh037v,1,
0b373a,1,
2tsyrG,1,
830xgF,1,
Je2rhe,1,
g5qafv,1,
x34766,1,
2TQAk4,1,
g1n67B,1,
1J625s,1,
dnsGMR,1,
5u8U64,1,
3k13Wq,1,
8I3565,1,
7817Ap,1,
408n20,1,
xU50CE,1,
5S031M,1,
GjJ173,1,
hlXG83,1,
4NaDua,1,
8k7b5y,1,
f7SK5v,1,
246o77,1,
11rS4C,1,
X00gDx,1,
iJyutr,1,
i520c8,1,
Bwn13p,1,
72x33N,1,
658Qk0,1,
2q0DnN,1,
0Y3i1C,1,
o2cr00,1,
S8u5e2,1,
25L3pi,1,
fo7N0B,1,
oS0wa7,1,
3K0n2l,1,
2H4frn,1,
33onR3,1,
3l7Ov6,1,
0N8XLd,1,
56Y2Bj,1,
5q8H55,1,
C2MS53,1,
X63ar4,1,
480t7S,1,
2505JM,1,
Q02lW0,1,
2l50ol,1,
lLT887,1,
364K07,1,
7L4aWd,1,
01o837,1,
7132md,1,
8d2DeI,1,
S04J8L,1,
E25meF,1,
3743o1,1,
tM6u0C,1,
T24467,1,
8k5u3u,1,
P4p440,1,
F16312,1,
nv8gTj,1,
HRK5Bw,1,
O7DwqT,1,
Ln371v,1,
5G6278,1,
4J6w6i,1,
8245b8,1,
7x3606,1,
46pXy7,1,
05e1H8,1,
apoJxQ,1,
4Kbn01,1,
IwT5fj,1,
H814d5,1,
vCtMaW,1,
2Ty77q,1,
412h5I,1,
6N1xKF,1,
P8X56J,1,
u7436c,1,
2Cc743,1,
e57Tcd,1,
02hL1D,1,
A85c6L,1,
Gjiw8r,1,
82E40p,1,
85l307,1,
Bxn65K,1,
RUIlka,1,
Ug48r3,1,
05to74,1,
7B728D,1,
0Q2O1a,1,
14Dm5V,1,
Oo2e6t,1,
v867Q2,1,
m32440,1,
F15U62,1,
B54Qr6,1,
6JGT47,1,
4x6VNE,1,
jQG718,1,
kyBb5H,1,
4i8wpX,1,
bnFs15,1,
576jaj,1,
55b3ia,1,
5t720e,1,
E6s238,1,
F2cY5T,1,
66iLOI,1,
46283x,1,
M2L8RV,1,
sY10i5,1,
W0hY26,1,
1Wy5JU,1,
Qip1b8,1,
237m25,1,
37g630,1,
BT5576,1,
5N160A,1,
5FPm62,1,
2806IX,1,
04X3I8,1,
L4PLp6,1,
42s0o4,1,
873lag,1,
F323x0,1,
0802M5,1,
638aA8,1,
d1L437,1,
4N010r,1,
XtRq63,1,
8p82U6,1,
yls5j8,1,
337o54,1,
83248e,1,
kyLJ3i,1,
UT84q5,1,
4Aa4rg,1,
a6tEt4,1,
rp7c1O,1,
hV51G2,1,
SS2jVa,1,
5Ph688,1,
5n3qM7,1,
V7El63,1,
44D084,1,
142i28,1,
5E1Woj,1,
Q2vdpr,1,
Tg28A5,1,
784Wc5,1,
37615N,1,
8544sl,1,
2thi5W,1,
y82LbR,1,
1em4M4,1,
B2KN0u,1,
55H3f4,1,
2L44ay,1,
3042h3,1,
18T3be,1,
18qP7o,1,
3r3658,1,
u5u60q,1,
065E34,1,
75477W,1,
e4421W,1,
C2IuOh,1,
nq2mUV,1,
lO260u,1,
x03OmO,1,
J5mSsJ,1,
5pomEn,1,
TH3NgI,1,
6T21yb,1,
k13T34,1,
u4iRY8,1,
F671I7,1,
Ko2kp7,1,
o7a350,1,
40m1Pq,1,
00g38S,1,
R63X4b,1,
O7Ly15,1,
7d52qX,1,
3804x7,1,
576G35,1,
IMQ445,1,
7p5040,1,
04Y38s,1,
34Ob0O,1,
7Q302M,1,
1vM05B,1,
662J6p,1,
575876,1,
3JW1u1,1,
1f68vh,1,
J0Q83B,1,
Gs6pc0,1,
1HH13m,1,
DxCTw8,1,
4eis8O,1,
8v5288,1,
21d07I,1,
72000q,1,
280t8C,1,
L2ej64,1,
7p5u81,1,
7wMO1g,1,
aG27c2,1,
o751xT,1,
m7Cf0P,1,
t2iK46,1,
v0iN52,1,
070152,1,
05CYi3,1,
0Qq8FX,1,
g2D7JO,1,
R6QUlc,1,
G8Hn17,1,
3eL4sn,1,
7b2di1,1,
V3sTOK,1,
2BMuY4,1,
s08728,1,
07pIJR,1,
el670K,1,
8W5ry4,1,
Jxu6J4,1,
7O2o65,1,
jBXKF5,1,
P74NIE,1,
21ncfb,1,
45kbwk,1,
7K374w,1,
3Un70N,1,
1784D1,1,
4U188N,1,
cI0TuF,1,
13DIq3,1,
8rr73p,1,
7h2Bh7,1,
0Ij61o,1,
4C61Qv,1,
q5k50D,1,
5P4Knc,1,
14m6a1,1,
S838DW,1,
b71556,1,
2hPu67,1,
e621C8,1,
F1kr1W,1,
Xu6aJ3,1,
Nm3wOC,1,
2Y7c44,1,
3H165c,1,
E14H88,1,
36U6es,1,
axj876,1,
1SfkmS,1,
KjTXFm,1,
f13C21,1,
B405Qp,1,
763MPW,1,
0uffhn,1,
wB6L60,1,
r43jsF,1,
DVWNqu,1,
U6VT56,1,
7fPhf1,1,
5Csu4X,1,
06feNE,1,
6Y6756,1,
s75wn4,1,
15jEL3,1,
K0IDUj,1,
lup4rq,1,
f53D33,1,
sc2B88,1,
HuS8HW,1,
270su2,1,
R0XV73,1,
483JHV,1,
n18Dg0,1,
kT4FlI,1,
L614IB,1,
688308,1,
3v8mgp,1,
fu83aI,1,
r48c2V,1,
5i5538,1,
6211g8,1,
4mQ732,1,
iw7ec0,1,
0qBogA,1,
4W8t25,1,
t661HA,1,
4L1535,1,
3p2p2b,1,
aDX834,1,
4AGcuo,1,
Xj6UjX,1,
62683F,1,
4C142u,1,
v4t2I0,1,
3gw4l0,1,
CWYyB2,1,
qci548,1,
fk7OL7,1,
kbO474,1,
qW308S,1,
OfvA3F,1,
Txp640,1,
d5Q2tt,1,
851651,1,
711wr1,1,
y1152x,1,
16PJ5E,1,
g34SDD,1,
023oo8,1,
04VU5O,1,
107kt0,1,
Bo47m2,1,
EUrx30,1,
U88302,1,
0HmqUQ,1,
1tV253,1,
yRldq1,1,
6F7w2P,1,
L66O3V,1,
5sb4Im,1,
1m74aN,1,
7n03G5,1,
628304,1,
A265n5,1,
45Q0j2,1,
0703mB,1,
aE1dgA,1,
1Ie143,1,
77618I,1,
efC14J,1,
wghw5m,1,
84oQ3Y,1,
6t4643,1,
AteoDO,1,
f8m332,1,
8r7131,1,
3B62fL,1,
212sEa,1,
573H5c,1,
T3iR46,1,
45l03h,1,
gt8p4P,1,
0342C0,1,
c336PE,1,
rS2Ko1,1,
74Dn7a,1,
3QF857,1,
771wg0,1,
8X3708,1,
cnRG5R,1,
vLuTaa,1,
485I32,1,
54IwJv,1,
0X8sbm,1,
04hDNW,1,
3nhVv7,1,
uaX654,1,
JD0Hru,1,
a74X41,1,
ab7Gp6,1,
O88d2U,1,
TtWe7P,1,
vw7id5,1,
00668H,1,
a05JB0,1,
O421lI,1,
UpwgD2,1,
154354,1,
U80C7j,1,
0ly1ey,1,
ACnBrJ,1,
ae2W78,1,
nS678j,1,
d56u86,1,
upEt64,1,
6S1D8r,1,
626n71,1,
rQX033,1,
5J4000,1,
g32725,1,
amTL50,1,
1576g7,1,
Avl3S2,1,
DsvP8I,1,
q2Jk07,1,
4bexmC,1,
4eOnY0,1,
4I366N,1,
Dm531I,1,
5fr81o,1,
1105SP,1,
yxed4K,1,
0t1j3p,1,
0312p6,1,
33A234,1,
v6Cv4O,1,
Ap7X3m,1,
5KTE0M,1,
Xs62q5,1,
7W8VQ4,1,
NmH54G,1,
u63XeX,1,
30Xof8,1,
p7eSY7,1,
h1u704,1,
ErHvog,1,
0jBRUj,1,
M5O1hU,1,
N5x1c5,1,
DQ8uJ6,1,
28eI7M,1,
7YP343,1,
W1erO0,1,
1U2s4A,1,
F4Y670,1,
3388B8,1,
Sfq37d,1,
iR0ikk,1,
308n44,1,
Qb5H0W,1,
Mh7sj6,1,
E0j82t,1,
1pbRcy,1,
2i8bq3,1,
8PI7X5,1,
57X28H,1,
8Dc0XR,1,
4V1G1H,1,
7dnxi6,1,
Iol00f,1,
F5ePc4,1,
A84r35,1,
8V6O21,1,
ffjaas,1,
5N7s37,1,
bwqJ2b,1,
MEO1ji,1,
02173Q,1,
P8F64x,1,
c7bc00,1,
tc3505,1,
I0T0cr,1,
27TK87,1,
sSlB61,1,
858R71,1,
UO560Q,1,
ln033M,1,
2o18N4,1,
405TuM,1,
Q4d28N,1,
7rMHc4,1,
5IbrAi,1,
cAj412,1,
0x8d24,1,
p858FL,1,
71B1n3,1,
7I4d4p,1,
5mk3l0,1,
deSUh2,1,
T0US1k,1,
sT86D2,1,
5I3Olm,1,
G2c133,1,
tL3hV0,1,
6HEV7k,1,
114177,1,
fOv78f,1,
153102,1,
44O22t,1,
201C0x,1,
o3M0Gl,1,
U52h3f,1,
jl50h4,1,
S67344,1,
5Uc2Y7,1,
1181K7,1,
D2234M,1,
R21e2j,1,
2e0r70,1,
j4J6ec,1,
3Yu2HR,1,
x8MFVn,1,
tVw2w8,1,
87M708,1,
64Ogum,1,
7JpexG,1,
854U43,1,
pBI7ix,1,
160XAj,1,
30H2yl,1,
aDGl6i,1,
cL641u,1,
D0r45n,1,
1837Hi,1,
w35Xru,1,
444qUD,1,
kTPn31,1,
131mM5,1,
ha8hlO,1,
5O68pB,1,
4v38eu,1,
387U0o,1,
feH88a,1,
r750W5,1,
48w3kV,1,
1lV52x,1,
6lb5Fx,1,
p4xb0Y,1,
88jEBJ,1,
00MJMi,1,
4CU3Yr,1,
23750x,1,
6tIC32,1,
mv8ND7,1,
4P73yd,1,
51V81X,1,
25w2m1,1,
560830,1,
m804K1,1,
43G4ae,1,
632HB0,1,
1n05Yd,1,
5137Bh,1,
m8GwG8,1,
wd47t5,1,
7HmVt8,1,
tcq10S,1,
o06606,1,
8yXm00,1,
Y68C61,1,
VafM63,1,
24L4nn,1,
OJ2C6W,1,
5FT828,1,
7b47DL,1,
pY06b3,1,
1W5R1s,1,
V26YRN,1,
3Xc227,1,
AIUaRj,1,
108Bx1,1,
D1tj3a,1,
154HtI,1,
6v6T18,1,
fA7d30,1,
C0xHfP,1,
387628,1,
80QCNJ,1,
CUT1YD,1,
F4c324,1,
XcHrM7,1,
7m11t8,1,
7c15Fb,1,
7W37AX,1,
3bV4q8,1,
F54A28,1,
2G3125,1,
8e1tb7,1,
a71840,1,
6h6vfW,1,
6ls1h0,1,
C3Ab21,1,
UOi857,1,
34mu88,1,
011eLl,1,
8x5Cy0,1,
JJr536,1,
025nV4,1,
b503S3,1,
nw40f8,1,
fp145A,1,
C818m3,1,
D08dv3,1,
o81756,1,
Jpc8q6,1,
YLKAbD,1,
710BB0,1,
F60S22,1,
g57525,1,
04AC57,1,
LjT1Ic,1,
M0c0ft,1,
dr522v,1,
0668My,1,
r3wB02,1,
V7F87b,1,
t7tg7h,1,
qO6b8k,1,
C7X5B0,1,
16qpx3,1,
L32Uy8,1,
4wI37e,1,
8yC5e7,1,
605Hrk,1,
6Cpu1B,1,
44Xl33,1,
U418qN,1,
0G60s3,1,
15K0o4,1,
701Sd4,1,
b6p644,1,
BIhPbq,1,
Tg200n,1,
NR406c,1,
Ps8h1g,1,
5387g8,1,
X204ce,1,
0du21o,1,
H68564,1,
L7g5d4,1,
1fHLTU,1,
26GgFA,1,
e6rOAU,1,
va641y,1,
g2uR87,1,
1820om,1,
2AS857,1,
5XU18f,1,
S18v8R,1,
36BLS5,1,
01IxNc,1,
bL5p08,1,
50q2tM,1,
7M6108,1,
j8p43H,1,
Qp4gR0,1,
OJ3187,1,
y848pb,1,
iy65aY,1,
3hW20S,1,
2835K2,1,
60856p,1,
6d4685,1,
s36dNO,1,
6U0h0Y,1,
0bb3lc,1,
3360aW,1,
s2Sxr7,1,
548la7,1,
462Wdt,1,
1d00yC,1,
P82A5P,1,
L68v84,1,
3FRJ85,1,
V832S0,1,
t5Y717,1,
Yu6736,1,
m2hCQ2,1,
7qg682,1,
41CL1t,1,
24EE48,1,
0oe253,1,
Ck6B8J,1,
v6a258,1,
21xR6p,1,
7j858M,1,
3856n5,1,
10qM24,1,
44374S,1,
Q885Eq,1,
65S38q,1,
O8FQFO,1,
C1534S,1,
40n4F0,1,
0ym1r5,1,
SC27d6,1,
6d1CU3,1,
44646A,1,
W8lWA8,1,
Dn2MHD,1,
5HI41R,1,
y82l7A,1,
PLD74L,1,
KC66OL,1,
01x738,1,
J677bv,1,
U3u1AW,1,
QnJ28A,1,
3j0J20,1,
ty7t2W,1,
3ID865,1,
24q30N,1,
wT3211,1,
1S0Kaq,1,
D5VBP2,1,
g2tkGd,1,
75nT74,1,
354lkJ,1,
J3d823,1,
c5C044,1,
240237,1,
4877W7,1,
v754R7,1,
DqE62V,1,
37cLT8,1,
JX87c0,1,
FM2045,1,
0QHjd0,1,
OKwJ00,1,
23N877,1,
55MgYc,1,
1PibGK,1,
lv21W8,1,
5D7046,1,
41T77S,1,
Y7F68e,1,
Q38Q82,1,
8c7Ql0,1,
2Kt42Y,1,
42uu1c,1,
8WQAwB,1,
i847l4,1,
l50174,1,
1A5fXC,1,
70x7NI,1,
6mYe7c,1,
78tg3T,1,
jfq732,1,
0f1562,1,
Us75Pu,1,
5vx1H6,1,
N4yoKJ,1,
04887k,1,
3y48Gn,1,
5m46wx,1,
0xibyt,1,
Cd0yPT,1,
3Rvy85,1,
8j1tK7,1,
3MEcy3,1,
mX62Ey,1,
Y5Q110,1,
S8011P,1,
22H614,1,
UGXQ5q,1,
2YM44r,1,
u8gp72,1,
M7Y07B,1,
0u1d3d,1,
R4K37r,1,
5BD2QS,1,
3ie12r,1,
5sx532,1,
1t0A2b,1,
XQ7783,1,
2C76j4,1,
E83G0A,1,
g7RV31,1,
AUfsD1,1,
D8h71C,1,
o6UC81,1,
wVA4Ro,1,
tP2586,1,
4tq6Q0,1,
2y616S,1,
86774b,1,
6I17HG,1,
jfWb3H,1,
p0j434,1,
xuGG25,1,
sy11KP,1,
2PEgF5,1,
4P8a5A,1,
24tpWv,1,
3d16Pt,1,
X03454,1,
c4217G,1,
6P526x,1,
1unb25,1,
Y5UWa5,1,
3Xn0s8,1,
E074oS,1,
6Y57Tm,1,
36N6wc,1,
un6d40,1,
0go75I,1,
lFY243,1,
3o85Ug,1,
68p21h,1,
yp618y,1,
5vFac3,1,
k2i14D,1,
12xGgK,1,
675825,1,
1CEa3w,1,
vd0J62,1,
123WB3,1,
8620c5,1,
H10r8S,1,
P7i4Ol,1,
268toW,1,
A4p275,1,
C77T56,1,
5rEFBM,1,
Ge663x,1,
138oN3,1,
H33CY4,1,
7L1G64,1,
00Mr42,1,
Gy6IkV,1,
J4j5A5,1,
450E2b,1,
x78PQv,1,
4j1128,1,
MlcY13,1,
663L42,1,
LD0p23,1,
N706Gf,1,
31446o,1,
71868q,1,
DI267T,1,
Vs2uyA,1,
D782o6,1,
1173Ed,1,
47v8fg,1,
nfOpb2,1,
3o81r0,1,
54Kb33,1,
7564Fj,1,
283tGN,1,
8p431R,1,
Q02MMO,1,
JBm84b,1,
wBa3XC,1,
lR31C1,1,
4N4C05,1,
PaVyBw,1,
x25326,1,
fOpWXg,1,
2nv3rt,1,
1yuU62,1,
i0d36a,1,
Qpd80Q,1,
308vNf,1,
MN1227,1,
nE1rlw,1,
47Dgw0,1,
11G12q,1,
KFv64x,1,
5rL276,1,
P77444,1,
sb18lR,1,
pCk2WH,1,
bIxE7S,1,
3NBrp2,1,
0N251Q,1,
67iQ2Y,1,
G584i6,1,
5150t4,1,
x15yD7,1,
j1t4l3,1,
Q88471,1,
1SBtFy,1,
stYhU6,1,
12YMe1,1,
281xlL,1,
q185x4,1,
2c7VyC,1,
73pX8i,1,
ib2e8h,1,
hB6A4k,1,
ED7683,1,
l1OU83,1,
PbNcO7,1,
MSqey7,1,
Avcgky,1,
36376T,1,
FeiE6d,1,
3R0E2Y,1,
3x5V2s,1,
343SDt,1,
j4bk37,1,
51l551,1,
K65a24,1,
80xYlt,1,
121CKg,1,
vPtVGk,1,
56R6J3,1,
3TlB05,1,
T7s460,1,
Hq7jIj,1,
5vWx67,1,
C81Lp2,1,
k33j0n,1,
0oR023,1,
Urc0f1,1,
034E07,1,
gmm64u,1,
m74084,1,
alL2v6,1,
363RS0,1,
4A58KH,1,
WO3r43,1,
6O3Fw0,1,
4668AK,1,
305i72,1,
62Fd7X,1,
P4V7eO,1,
LdDF43,1,
K16BMN,1,
74VMSo,1,
dfjad1,1,
4a5YR7,1,
G1E07a,1,
22X22J,1,
6rp31M,1,
r57FQ4,1,
wG0nQd,1,
1El0r2,1,
8361Pc,1,
5G0886,1,
r374Tl,1,
l213Rr,1,
Bw2u88,1,
IyYxLK,1,
8ckNHd,1,
a2pi5K,1,
W61Ln5,1,
4W51gh,1,
bqD6l2,1,
eRR0I0,1,
Tl2313,1,
i331j5,1,
fY6E64,1,
OYNx2v,1,
20l0MN,1,
v2h8vx,1,
06225Q,1,
SSbB78,1,
73V6TY,1,
s87Dwq,1,
o61644,1,
G6p111,1,
u7S4Q0,1,
h7Lj77,1,
ICBeAM,1,
26D181,1,
475UIQ,1,
mVa7Ls,1,
fhFD35,1,
scA37X,1,
458232,1,
410sE7,1,
220J84,1,
17K64E,1,
8s47SA,1,
37q80y,1,
4dO7NU,1,
04kjkx,1,
161CR5,1,
Ay733w,1,
3Y0Dlg,1,
hx5333,1,
ia2051,1,
2052rq,1,
P51437,1,
0Qa1hl,1,
rDTy5V,1,
3dS304,1,
Xb57f8,1,
67sLr7,1,
Qb8Dvj,1,
lDR31I,1,
86j178,1,
Wh286b,1,
4c0JBH,1,
7001i5,1,
6pc2sB,1,
f525Dd,1,
Y1M67V,1,
D4jL87,1,
L07K2y,1,
702NC2,1,
5kX50G,1,
06J5B0,1,
GF083m,1,
75o4N1,1,
F41y7b,1,
10IY65,1,
wLlr0t,1,
Tk7pps,1,
7k3O8f,1,
1vH417,1,
b83DSa,1,
8G3Po8,1,
33ad66,1,
8e48Ag,1,
2Pxj12,1,
eB1Y57,1,
4CtK2d,1,
YX830P,1,
y87Ov8,1,
qL8811,1,
0123H2,1,
m4052e,1,
02Q7j6,1,
EU1J0y,1,
o15QC4,1,
T14kDB,1,
7a0WNc,1,
L87157,1,
TEFdjk,1,
17f2a7,1,
74ocni,1,
61ub8j,1,
348700,1,
0i7oG4,1,
74A4e8,1,
27V8Oo,1,
16Xey8,1,
447612,1,
GC42kk,1,
k637jO,1,
0V8P66,1,
g17Q6h,1,
7Ek4w3,1,
5I525D,1,
1TpGnN,1,
LXQSpi,1,
76sM1T,1,
R3122f,1,
18cYRl,1,
0c6308,1,
4r8oh7,1,
d018N4,1,
uK3K53,1,
Bp5uM5,1,
530X0M,1,
11l7EW,1,
e433l6,1,
87026w,1,
d666on,1,
q5uW74,1,
1S73l1,1,
7vV04R,1,
0X7K4v,1,
768D51,1,
6d84dJ,1,
iO75En,1,
R25P13,1,
6XDNJ0,1,
lIVVXu,1,
AC1B6H,1,
8m80Du,1,
41p836,1,
8YEXa5,1,
hWxq78,1,
U1kMca,1,
pghPgt,1,
85485P,1,
dP507I,1,
e7g4l8,1,
11pNxY,1,
t5R4NI,1,
6D1130,1,
103pAT,1,
r32442,1,
7vXX1B,1,
ACU857,1,
6f032m,1,
m51j45,1,
VMKT24,1,
L33h6s,1,
50pj45,1,
22820O,1,
yTq67R,1,
H65qKq,1,
K0w0Be,1,
D0GS81,1,
5dF62W,1,
6l6fg2,1,
u7UDdJ,1,
O0QNnU,1,
ESECq3,1,
B63BvX,1,
s5I82l,1,
I7386c,1,
7Xb8WL,1,
mL3X1k,1,
n5SV88,1,
lFhQsL,1,
JX2oQh,1,
53se7A,1,
2d6W63,1,
m61O5n,1,
Q01n53,1,
1p74c8,1,
UPw320,1,
011r16,1,
C3mLYY,1,
465b30,1,
f88gx2,1,
1H21T1,1,
Ir0728,1,
oc14e8,1,
82a4lc,1,
6Jvd0R,1,
5o2R82,1,
eIP06l,1,
4gxx3r,1,
6t2Lh3,1,
2B82H1,1,
80Gn5h,1,
N5637j,1,
h0DOh2,1,
8QbQUa,1,
j47835,1,
7y68Hp,1,
lo5h31,1,
0G15F2,1,
2I2YkG,1,
Yb4eh0,1,
AC85h2,1,
qnJ0L3,1,
y5Py71,1,
R7618s,1,
41H775,1,
36ixf7,1,
k3J2o6,1,
D03L21,1,
O4Wr05,1,
yx81Uh,1,
2lpL2o,1,
132YPB,1,
yYem0t,1,
5YVW85,1,
6k228Y,1,
rf327F,1,
Q3JV0T,1,
71Uh0f,1,
8eR36J,1,
3gBXhx,1,
kD1156,1,
X84181,2,
627675,2,
MV24q3,2,
5SuAv7,2,
8jr2kF,2,
236y73,2,
8e2R5E,2,
dgm3r1,2,
4mo3CH,2,
jl7673,2,
d2Y10c,2,
d4d05X,2,
N6B8X4,2,
5r06pN,2,
X08488,2,
2468ta,2,
cyqXns,2,
y340Tb,2,
383h7E,2,
j0UpGe,2,
8db3l3,2,
1xY787,2,
F01Q8i,2,
45XI7A,2,
047x7x,2,
4lA71m,2,
12Qf8e,2,
Kx5638,2,
8U5CHC,2,
1jDHdd,2,
p5D256,2,
6y2O5c,2,
PFIU51,2,
meGyr3,2,
5YiH47,2,
o7738i,2,
0OIfI8,2,
0W71v5,2,
4gt6l1,2,
0Y1KX4,2,
3sbP18,2,
785768,2,
BM8860,2,
m7Se55,2,
Ami7tf,2,
e7Ux38,2,
108h80,2,
q14610,2,
O5YQ50,2,
8S5CCI,2,
462nD2,2,
g8N85g,2,
3Tfq3D,2,
5e1iDX,2,
61vl62,2,
43D463,2,
jCxm4O,2,
vSGi1g,2,
L25c3U,2,
6w6r33,2,
14Kp46,2,
0g1Ry8,2,
X2G8f5,2,
7Qn480,2,
0n5yT7,2,
5v3SOi,2,
2A8155,2,
44B3t1,2,
rnMM2M,2,
5Nc3S1,2,
6V6387,2,
iS3d5W,2,
DC2420,2,
41h143,2,
4Bf4nD,2,
6mVP5I,2,
3n2810,2,
Q1A0C3,2,
c3e611,2,
72NavM,2,
4y286t,2,
lSU6Q4,2,
lq5Nh6,2,
WylDK5,2,
0wY3s5,2,
qqa27m,2,
IM761p,2,
73Q1q1,2,
7Q4cKV,2,
1h3C5a,2,
473F2R,2,
p8636j,2,
1EjPsA,2,
ER12EC,2,
b6vQE6,2,
36VS1w,2,
332ua1,2,
7L02nH,2,
qHSI05,2,
X1I8d1,2,
6337D7,2,
6EgGV4,2,
A30bJi,2,
22IHPX,2,
xXi245,2,
6843OO,2,
6T383e,2,
7CB0b5,2,
82p6I5,2,
62AYLA,2,
FPPPQ5,2,
J1078X,2,
YBwi3w,2,
61t3ip,2,
867257,2,
yN61Ly,2,
F7I4R6,2,
18VllU,2,
8t0Y68,2,
65W861,2,
T2Lm3V,2,
3k57a8,2,
a2l127,2,
2R7CpD,2,
kw1AY6,2,
Y16054,2,
W453KH,2,
0toY2P,2,
1Lr8H5,2,
w3l883,2,
822M3H,2,
TU2U1r,2,
U5b5P7,2,
yI8f3b,2,
4GB465,2,
03wL0N,2,
dtwE3y,2,
l2HN68,2,
385m2Y,2,
sRLKun,2,
57731m,2,
v2bC38,2,
12gb3i,2,
h48W54,2,
t13TR4,2,
bvX5Y0,2,
N081Jj,2,
tarT36,2,
Ed8weh,2,
88g0M5,2,
S3287k,2,
x3LJ65,2,
83216o,2,
KWRJaE,2,
60Uop6,2,
02W7tf,2,
WP6045,2,
5eMy71,2,
1j6307,2,
t7134X,2,
NXx77q,2,
yX2kJd,2,
1OEe57,2,
6ee6NH,2,
433f3a,2,
705CtA,2,
eEx8b1,2,
7a3D3m,2,
h4K812,2,
BH84NL,2,
4L40mE,2,
H10o5r,2,
X31K01,2,
6vce58,2,
4uG885,2,
Xn481d,2,
tvb88i,2,
y052C6,2,
3W1O6P,2,
cqQSD0,2,
S110Pm,2,
g1365l,2,
UD8dX0,2,
q270cd,2,
73LH17,2,
1dUPDw,2,
6P168K,2,
4SOls8,2,
w6547b,2,
83P02u,2,
837y25,2,
xt20qg,2,
QF1C34,2,
PLd45l,2,
6c446e,2,
Y7exO3,2,
058qf4,2,
yb4u85,2,
Ho00T2,2,
7M133b,2,
SXh843,2,
6a3Ga6,2,
a22p30,2,
J6a82O,2,
53UJb3,2,
l6H41r,2,
7f616T,2,
7F0xy4,2,
XK54tG,2,
741E2N,2,
suP76s,2,
587302,2,
5a6ThM,2,
kPqs24,2,
1r53lD,2,
85fr60,2,
8I0nFg,2,
2R0yo3,2,
F78iqR,2,
nT3605,2,
s2L630,2,
CAPj04,2,
0GY24s,2,
17b7i7,2,
7l02H7,2,
P12U1n,2,
mQ8q6h,2,
F0524o,2,
T0810u,2,
Q07uy5,2,
7M00iq,2,
37748g,2,
j0R1o1,2,
s7rA15,2,
AU22l3,2,
54qLA6,2,
wlgR28,2,
86t7fP,2,
32l4g0,2,
bCq5QT,2,
27diEV,2,
VLg8rm,2,
Ydc6dn,2,
T67Crk,2,
rrW7fg,2,
23TaV1,2,
V0C482,2,
w70E08,2,
gYW1Wm,2,
S6mY1r,2,
5Uq4CX,2,
i84A1J,2,
6kpWS7,2,
u2nL1X,2,
A444e2,2,
DN07uD,2,
12m077,2,
548ck0,2,
20qq12,2,
w6SSj7,2,
1K8J4p,2,
70Ot66,2,
c65uvk,2,
S0q7F0,2,
v57F40,2,
H1E4N6,2,
h2f40K,2,
k0HsSV,2,
O64mQ8,2,
mg5v18,2,
i55h41,2,
7Sy6Rx,2,
87285T,2,
2U1W37,2,
7NtswE,2,
e2K6JY,2,
NVT4nQ,2,
c42pG4,2,
86527v,2,
883D5x,2,
2HX17R,2,
GCCLm3,2,
4Rq45J,2,
10weXu,2,
n4w381,2,
28og3E,2,
YS6uW2,2,
V24041,2,
3P0830,2,
T8u55Q,2,
N13582,2,
wLk42N,2,
Mr2875,2,
t61P84,2,
3BQwT7,2,
54CR48,2,
Wns3c3,2,
45XU71,2,
ec01Kv,2,
WsN8kR,2,
5Tu02x,2,
f24R2l,2,
3188P3,2,
hfv555,2,
6caM73,2,
34865M,2,
0ai066,2,
PXAy8k,2,
74u0A5,2,
O74876,2,
8147Yx,2,
0RomlV,2,
o01431,2,
rW727R,2,
8m31YS,2,
5x7K27,2,
7S35ss,2,
gib052,2,
1p3D2y,2,
V63825,2,
B5Go82,2,
733p38,2,
Xu00kH,2,
HdToyJ,2,
FpMx54,2,
hGBVI7,2,
w13ibC,2,
40APaj,2,
1tvJ42,2,
xGll3k,2,
7EaD50,2,
eEkh16,2,
wx7wf5,2,
S2vMyn,2,
bn60e8,2,
5R4831,2,
ORE2bK,2,
H82qg5,2,
1224uq,2,
5AuL3p,2,
NWr1c1,2,
2ry3oA,2,
i42824,2,
T0G1Ms,2,
PA6b53,2,
A4xhM6,2,
CgH335,2,
6vNE8I,2,
056j70,2,
PV4j75,2,
X44jX0,2,
4a5HYG,2,
c84Q40,2,
sU65MA,2,
8C1R8X,2,
361W85,2,
y7uf5n,2,
fSLo74,2,
oi617t,2,
iB382d,2,
124bg1,2,
6VFK42,2,
43jRH5,2,
LbXBj5,2,
58J67R,2,
41jOt3,2,
qmq6du,2,
514b1J,2,
600056,2,
LKmQ62,2,
ulu120,2,
8S06Lc,2,
4hv44o,2,
1eD0N5,2,
0F1h1C,2,
3803kw,2,
vNdj0S,2,
F0Pd7A,2,
08LMnW,2,
S7431h,2,
Wx0Gr5,2,
51Tliy,2,
4221c4,2,
1rs72t,2,
A2jcQ4,2,
24a73J,2,
C18cxU,2,
8SxQ8m,2,
1ujX25,2,
sY0f75,2,
kb10dT,2,
wC43Nk,2,
XhI2tG,2,
h8j05m,2,
F85yE1,2,
4L8IsR,2,
S57y40,2,
11j061,2,
5J4Qin,2,
72iD52,2,
4D6i4m,2,
FVq6b0,2,
4k2ugH,2,
1b1h1u,2,
5k67Or,2,
STe064,2,
h7666A,2,
4O2Fh5,2,
G8F6oD,2,
h4601A,2,
5J0Bm8,2,
u0i656,2,
tI754d,2,
4GH03R,2,
K7g6T3,2,
QXn12P,2,
dF1605,2,
2p57W3,2,
ER5412,2,
M8B8UX,2,
7SiC1A,2,
72OxC2,2,
s7dkdd,2,
1r6jV0,2,
s51B5a,2,
4jMOcN,2,
L10Q86,2,
q041wr,2,
560I56,2,
T12155,2,
4r4Num,2,
gDnC27,2,
7620dm,2,
D5blb7,2,
S456qP,2,
110X70,2,
a223U7,2,
AFYSQ2,2,
64LqO8,2,
5WI3Dk,2,
41h6Mc,2,
061kV7,2,
5fHA00,2,
12Ls1X,2,
6q66i1,2,
T4Evfw,2,
m4046u,2,
5668v8,2,
6c46Ew,2,
5U17D1,2,
86CT5F,2,
2T0181,2,
kv4o2L,2,
6N88k3,2,
JV1PP5,2,
3bo14n,2,
J5jYd4,2,
n4AQ18,2,
j1138G,2,
4Nj735,2,
1qTsks,2,
67Mc12,2,
sQt32M,2,
g8ShAK,2,
Rb3sl2,2,
0T73u7,2,
8812Ei,2,
701xm0,2,
2R5EmX,2,
Bk34c1,2,
rNO1ju,2,
Bg4oJL,2,
2g4N75,2,
BqNr40,2,
a0s0Fq,2,
CM3x0C,2,
B1251d,2,
B65QuK,2,
tK705R,2,
sF201p,2,
W3Q23T,2,
5OUOt2,2,
6eaB16,2,
122COh,2,
hD8Q80,2,
O5PUTe,2,
3QbmdS,2,
667307,2,
3GM311,2,
vIQKCk,2,
E1epx0,2,
Ha7AqU,2,
0B02tW,2,
752585,2,
424X0L,2,
746E6b,2,
4sBe7i,2,
76lo13,2,
1ST563,2,
2Af7Vs,2,
1f1523,2,
6QP2N5,2,
60Hw05,2,
B26NeS,2,
AXI2vW,2,
14W488,2,
4x88HC,2,
g4W874,2,
601m0e,2,
nYhDOH,2,
1b8R71,2,
T1KRbv,2,
2A30Py,2,
881BK5,2,
26sm47,2,
k1hyD3,2,
647gbc,3,
m1Ej6V,3,
4SF867,3,
NsFIB3,3,
5KY83q,3,
5chQn2,3,
M3860V,3,
Clg2Uj,3,
LDWuW7,3,
745402,3,
6v1A4d,3,
0140b3,3,
eRSsSs,3,
54tlA2,3,
rFVhr4,3,
68166r,3,
IITuyS,3,
2PAY63,3,
V7Wmj7,3,
G8xo6J,3,
ij13O2,3,
DH347G,3,
180204,3,
32U3n8,3,
6006LI,3,
772Pss,3,
y10726,3,
8AxX5W,3,
y3T765,3,
Q43hEx,3,
7565bS,3,
8h3851,3,
ACbRdr,3,
W4OaMC,3,
I0Q636,3,
W88k6b,3,
4X011T,3,
283nmu,3,
B3ak4o,3,
Qg1aqw,3,
0vhv65,3,
jDGgon,3,
bjw07p,3,
D7fIWo,3,
80HXhH,3,
vWtw6B,3,
30I33b,3,
8Ns0p1,3,
23ig3e,3,
b3404D,3,
6i3oi4,3,
5PK486,3,
5D5Y8X,3,
00420v,3,
a5x77N,3,
ymi1ah,3,
G73qHj,3,
1O62F8,3,
8E171o,3,
f7v3x0,3,
j3B78r,3,
6ef2tY,3,
4eYNvl,3,
032IEy,3,
5dA684,3,
p5C50k,3,
As5WFQ,3,
dT8eGY,3,
S5qufI,3,
k5Q2Dm,3,
32x0c7,3,
V47eq6,3,
nl067q,3,
JOI02n,3,
h66uFB,3,
2668L1,3,
f0HPO3,3,
a74uhQ,3,
N32335,3,
741sN0,3,
tf447F,3,
804w5K,3,
4b5B78,3,
W1AF0g,3,
p8G2L2,3,
0521Mr,3,
b103FS,3,
L45dj0,3,
0u54VD,3,
60321k,3,
78627S,3,
rGjFL5,3,
U4dq57,3,
KI80h5,3,
7P01s8,3,
H1f1ux,3,
SkL1cB,3,
Nt8uxO,3,
28SfP0,3,
7JmBt5,3,
IoIhS8,3,
0TA2f1,3,
3k4o3q,3,
lu4qUF,3,
Ce32I1,3,
4L8R4P,3,
5n34hc,3,
n214Pn,3,
HLn14H,3,
cxJ2n7,3,
dRiarC,3,
64u101,3,
5bwj11,3,
82r1Ch,3,
3yiXBO,3,
o64C2S,3,
cvJ3WA,3,
D6o0ci,3,
E8Akia,3,
4N8w1Y,3,
m83k5R,3,
5AKW7p,3,
B3A81Y,3,
T4lxyx,3,
715Rl2,3,
8TM83P,3,
XL50bW,3,
827RK6,3,
5T0G76,3,
xQBduL,3,
W2v1Y4,3,
4301K1,3,
4F43FC,3,
752g3A,3,
4874YG,3,
1P4I0m,3,
4wP5qX,3,
fMf527,3,
6E2c88,3,
72S8ih,3,
170vuk,3,
25QS83,3,
namf82,3,
7y7525,3,
L6QY55,3,
21U714,3,
77tp02,3,
84vl82,3,
k2wK4W,3,
2T7W25,3,
F00U1I,3,
42i867,3,
8gW612,3,
Dj06t8,3,
2k41lG,3,
10ub50,3,
Bl23R4,3,
0OPqYm,3,
g331OY,3,
6PA041,3,
02Hoa0,3,
1s8uO7,3,
BUai61,3,
3bq658,3,
P5NT0N,3,
j8271Y,3,
g8L53K,3,
016AmQ,3,
0XB2Y8,3,
B682I0,3,
qUg5u4,3,
Nsdl6w,3,
q30N81,3,
5KMe31,3,
iqsO05,3,
318205,3,
Nn7507,3,
xd1R14,3,
70dC06,3,
nS5n2M,3,
t2D611,3,
261c7T,3,
3L5215,3,
dHEph2,3,
0J26u4,3,
8Fr1C7,3,
H3clX1,4,
TYIQ5c,4,
esb11Y,4,
J0031J,4,
6246Tu,4,
1NWfXC,4,
04V5G8,4,
i835Ut,4,
275mKE,4,
JePjYw,4,
Mw54sU,4,
lbF83f,4,
0b7000,4,
Db4At6,4,
52WF00,4,
Lk3221,4,
V385Sm,4,
4A27gd,4,
8545li,4,
vTI08h,4,
7gq1bG,4,
Xunnlm,4,
kFAm5B,4,
7j3e52,4,
01Q330,4,
TDmGy2,4,
0unWNh,4,
y1Gq68,4,
5W63R2,4,
0Jsij5,4,
UE5jL8,4,
l4l6D8,4,
2uy61a,4,
4i1HXD,4,
e645h7,4,
12u242,4,
46K5fd,4,
t67t0g,4,
f7718W,4,
qe4DJS,4,
j6T6B7,4,
q3o8Nc,4,
4EkecB,4,
OX21PA,4,
WJ1yR8,4,
KdRKt1,4,
5AKrQq,4,
Y3H4pi,4,
K2lWFT,4,
TgG746,4,
8KF3xn,4,
6o5O51,4,
2067m1,4,
s45S56,4,
10nN6f,4,
2X64j1,4,
u3P768,4,
1I0Y1O,4,
TmACkx,4,
W7ic1e,4,
TF6743,4,
0nIy82,4,
6P107e,4,
8D421a,4,
0II262,4,
5F0m5J,4,
RPgp44,4,
w5C24R,4,
50S22u,4,
10sWO1,4,
uAS03V,4,
CV07Ks,4,
5C5WL7,4,
m1Q2m0,4,
hs23TQ,4,
0f5C2c,4,
I75558,4,
DT26l7,4,
2v06qL,4,
8E04v3,4,
0S3TK8,4,
0By3q8,4,
qo6QfW,4,
577TVO,4,
38x10O,4,
46q887,4,
A43Ked,4,
72s5O3,4,
s73V63,4,
8f115d,4,
474623,4,
00fllx,4,
Y5QS0H,4,
2670fm,4,
5367fX,4,
m1717g,4,
O24RV1,4,
85D13S,4,
7Mv36M,4,
KG21Y4,4,
61I4Wa,4,
868nBY,4,
6o2O5T,4,
452tV8,4,
jK54qx,4,
73RP01,4,
F3m4VN,4,
3EPc4L,4,
awsKpe,4,
QaTp41,4,
37a013,4,
35iU0h,4,
437LLO,4,
11g1P7,4,
DP5vkT,4,
8ik6P8,4,
dJs5kJ,4,
G0g428,4,
7671D8,4,
4xJD18,4,
e46o8E,4,
SKv7v3,4,
T3F1YR,4,
i01A66,4,
4C3sAN,4,
T2mm34,4,
Nu5s7f,4,
5UxT5l,4,
oV066R,4,
06w5m1,4,
5512hI,4,
EIvP3e,4,
65RG6t,4,
1l8F41,4,
m6A747,4,
56v6ro,4,
24772N,4,
6603S4,4,
x5uku2,4,
37H33s,4,
x615tm,4,
246vjU,4,
DlC4yu,4,
3MWE1I,4,
4Lyh0T,4,
k7vQ41,4,
vWDd62,4,
Efo647,4,
Icq5hb,4,
48pIR1,4,
NIc0eI,4,
131W84,4,
30Vv71,4,
25v5Gh,4,
0nu7g2,5,
U3nV74,5,
1mr4in,5,
50L62f,5,
W24Uf3,5,
6e7R26,5,
e4243H,5,
Gg87G5,5,
62EsyQ,5,
23475K,5,
57a0M7,5,
81QI0q,5,
418Nl1,5,
8B758R,5,
Yv7h0m,5,
00Nl0U,5,
36BsRL,5,
06g2NK,5,
xQ2F72,5,
ewt2b4,5,
Fk82FQ,5,
258Svq,5,
P3245f,5,
fBp76M,5,
e85Lb3,5,
68B5d6,5,
oQ5iEA,5,
n45e2L,5,
fsNjo6,5,
315dN0,5,
10bF48,5,
Gu05O5,5,
maTx3L,5,
6IS632,5,
4t1Ia4,5,
88w064,5,
82jR6s,5,
O575o8,5,
0f4dvw,5,
76J676,5,
7M7QU6,5,
A80FD7,5,
M73mb2,5,
mi2s88,5,
fA4gxS,5,
301i70,5,
ujU1k7,5,
O57ObV,5,
J0tmm0,5,
2r72gU,5,
j18XE3,5,
lep16o,5,
v66Ih7,5,
7T0YgD,5,
41R2A4,5,
TJ54fU,5,
Hb7M73,5,
00M57w,5,
7pCL70,5,
g7I1g2,5,
qQJd0d,5,
Gbi33l,5,
41Oqj0,5,
Hv0262,5,
87g6fV,5,
DPU7D0,5,
m5J7tV,5,
O1yy02,5,
7w08s0,5,
rq5r21,5,
44b64K,5,
MLS0Nr,5,
8c3MeW,5,
4g265v,5,
1514Eu,5,
V0n76R,5,
T1nh6D,5,
20V1R5,5,
5h7Le6,5,
6pYrGw,5,
322s11,5,
A50atf,5,
6Nf8tp,5,
50Yd35,5,
454063,5,
7QD6Fk,5,
ccBS43,5,
rMU57R,5,
w6561w,5,
583434,5,
q8G4js,5,
66QY37,5,
0X05Df,5,
1qAIc8,5,
1571J6,5,
Lat6j4,5,
2F20q0,5,
68An6a,5,
8RFk4X,5,
yvBPhs,5,
0eu8JX,5,
mBR408,5,
772677,5,
2qRkqN,5,
HmI8QH,5,
284205,6,
K8455Q,6,
3I26l6,6,
8cfv2k,6,
687W5d,6,
R5g1Sx,6,
cGB8N3,6,
Kb3q57,6,
5X5O76,6,
585p71,6,
H23I71,6,
YVH521,6,
c3o1y2,6,
132jU7,6,
1nP0w1,6,
7C47y6,6,
41d876,6,
v85tg3,6,
j8lO52,6,
g24B28,6,
f178O8,6,
N28435,6,
1hvl8f,6,
GV1f6a,6,
E60805,6,
q3188b,6,
Fs8WD3,6,
uVx256,6,
s28d12,6,
2QS814,6,
P2CG7m,6,
qPM1d2,6,
82557O,6,
143A78,6,
56q1aW,6,
J23TJ1,6,
41Ut5S,6,
4qmHn7,6,
FLn25P,6,
7Q55p6,6,
6kq40d,6,
rd36r3,6,
8uGE4h,6,
Gp2SGl,6,
OA6g8r,6,
Unt6jl,6,
VSc248,6,
E2X824,6,
8en63j,6,
11663E,6,
nC04Bf,6,
D2OgwQ,6,
2k7M4B,6,
jGh6nr,6,
TD3F4a,6,
1210Q6,6,
X2J46u,7,
x5JRk7,7,
F6xd48,7,
81Y5o1,7,
O063mt,7,
a1i5R8,7,
5RU4u4,7,
Jdp6R7,7,
mH55Wu,7,
jlmeO0,7,
78H0su,7,
r80Fq6,7,
C01VBX,7,
hKq336,7,
qR7385,7,
dC1V63,7,
p6lvXS,7,
Q55hS2,7,
dtFy08,7,
1Y6dJ0,7,
5184o0,7,
mp744j,7,
Tm3y3d,7,
q365dH,7,
J73f03,7,
6d74B4,7,
r6UN0o,7,
5MdGbb,7,
5W3pm4,7,
8840x2,7,
77d4BX,7,
v4Dt0B,7,
w27l2J,7,
17fev1,7,
232qv3,7,
1100q7,7,
btHU0g,7,
22n83v,7,
8464lw,7,
Hq6kt8,7,
8TO5n5,7,
y33742,7,
620035,8,
t2325b,8,
R1DMJw,8,
518160,8,
j1412u,8,
52kokb,8,
0gwGlp,8,
L784Tt,8,
3i703P,8,
kbV3M4,8,
741625,8,
2Xu8fb,8,
x66S60,8,
738KH1,8,
16Vl21,8,
5mL8eE,8,
m1060U,8,
vtFdP8,8,
3xLiPn,8,
rP5y47,8,
2x748i,8,
30h8D2,8,
2Y21b7,8,
pyjE73,8,
ejW3P2,8,
0H175S,8,
772b15,8,
F6q2E7,8,
25314i,8,
1q38GN,8,
W08gw8,8,
15lwDx,9,
Y816Fw,9,
316GIf,9,
j8TH4X,9,
813R03,9,
sX557o,9,
0ap80u,9,
QFR7id,9,
8U66C2,9,
70557I,9,
Q7wj57,9,
B7871k,9,
4375q0,9,
Y6Ve83,9,
787Q37,9,
4180SB,9,
2OI618,9,
r5b230,9,
0B7gc3,9,
71dx43,9,
v17873,9,
1x32O5,9,
iVa42C,9,
2rdDfX,9,
Qe75i4,9,
ei7175,9,
Bq42NC,9,
2YpR8H,9,
K5d33n,9,
1x06c5,9,
6C5xI3,9,
i88Y46,9,
rkfCj3,10,
f44E3V,10,
dOQ4KI,10,
3Lh5H7,10,
F77kV5,10,
87R1N5,10,
1d3ehK,10,
Iyk28E,10,
qf0I0g,10,
Itkg32,10,
B24Lkp,10,
8h4268,10,
855MAB,10,
2Qpq1e,10,
rU4bT3,10,
nIgm5U,10,
00637C,10,
21Eh0H,10,
I0mUD6,10,
6ww8y2,10,
1U62yP,10,
O4M3S5,10,
v526Y1,10,
q46106,10,
j77218,10,
32h7gX,10,
m2067l,11,
3fq0OH,11,
iw8665,11,
tfQ1me,11,
sj4wVj,11,
1X153l,11,
2W1X4d,11,
88du0d,11,
h307n7,11,
1p5C4u,11,
ruJ22Q,11,
c1uh7x,11,
3S86O1,11,
ci0207,11,
j3t2Uy,11,
l0L3g5,11,
t7v4j3,11,
cU0LcS,11,
N6nR1R,11,
nS2wlt,11,
t1pKMC,11,
ph6B78,12,
3n07w6,12,
047j1k,12,
O7sxan,12,
0fnyd8,12,
3635My,12,
KF12l3,12,
2W1IUA,12,
x37cdX,12,
3Pv52n,12,
R588nk,12,
T50n81,12,
ltHk42,12,
n6OR15,12,
S7V7AO,12,
e2n2k5,12,
5tJ87e,12,
2HQ618,12,
46T771,12,
c708c0,12,
20yv5a,12,
60KIGX,12,
FQ78E3,13,
1bVRs2,13,
sr1x4F,13,
jxTn53,13,
212ae5,13,
f8vF1u,13,
171538,13,
m3N455,13,
1gdT0n,13,
PrR286,13,
I3J13y,13,
70T5s6,13,
dI28br,13,
85s726,14,
p0S2Xi,14,
1dT2F7,14,
F51aW2,14,
8eY1i8,14,
xTc416,14,
uN17SC,14,
2dS4s2,14,
1JPs02,14,
4Dvy12,14,
W042Y1,14,
g5Mq63,14,
340a02,14,
sCf5wY,14,
227t1I,14,
s7Jx6f,15,
1M7Q8Y,15,
V8443e,15,
d610F5,15,
tNH8TN,15,
V25443,15,
w70r28,15,
u38pa5,15,
258CxD,15,
U8t106,15,
F3R7U3,15,
B3L80O,15,
53D7C7,15,
Su65YS,15,
6A4U36,15,
36j0d3,16,
27p4wr,16,
43Y0v7,16,
WQ2c7E,16,
v7wN8n,16,
lwP4lD,16,
8mMVpn,16,
47d38Y,16,
DRGd0M,16,
328812,16,
GMH3SR,16,
w4HY70,17,
L3K3x3,17,
eowY7N,17,
4k622y,17,
teLf50,17,
Dr5QN5,17,
7SN5D6,17,
7V5kR2,17,
21CL3C,17,
3OUCuK,17,
26457W,17,
c76NCV,17,
2c53O1,18,
5j472x,18,
OU1fk6,18,
XIiF7U,18,
nRC8UW,18,
8JGF66,18,
n40XhU,18,
0iB3f4,18,
2rubP1,19,
4FI08c,19,
3b5yk8,19,
3048JH,19,
322055,19,
1NH71t,19,
aivXvb,19,
O5eY04,19,
yvj03d,19,
Ov282k,19,
01Wh68,19,
g57268,19,
y61567,20,
186A2g,20,
N34463,20,
46n0N3,20,
02Dm41,20,
vbV401,20,
B335e7,21,
hx38T2,21,
65b0a1,21,
2E0Q7n,21,
5ANB2h,21,
542tgf,21,
jtXfKS,21,
6mr544,21,
E4Rdr2,21,
38aCy6,21,
y8biwB,22,
434k64,23,
DG0853,23,
7nVr38,23,
KA8467,23,
QrO08j,23,
S01Qm6,23,
Go2586,23,
1pp4p7,24,
IhIXfA,24,
54ExA1,24,
7yPd0q,24,
0kc238,24,
15u6Vp,25,
GUY3Q5,25,
E6863d,25,
76W4aT,25,
24Tnm1,26,
r1M2LV,26,
vSr144,26,
L16g67,26,
8l25R4,26,
R2dMui,26,
6t8D88,26,
4iQaVb,26,
7S062S,27,
l84T6w,27,
4V4iDE,27,
Pe7536,27,
o4HO33,27,
oRs3l1,27,
45o51p,27,
v66327,27,
3a8130,27,
fK4V21,28,
22C60j,28,
4p3IoS,28,
Y40l0q,28,
ry7CX8,29,
48gv28,29,
Eu8702,29,
261KwQ,29,
264F4X,30,
W5J5El,30,
6Tm50A,30,
UA717W,31,
35dUFN,31,
88kS0k,31,
gq1DH2,32,
QP7rby,32,
c16M30,33,
rN6r15,33,
21U3hg,33,
D0u740,34,
7V6F18,35,
R6278S,35,
0k807F,35,
I7rS8M,36,
KM38Y4,36,
SmCv27,37,
e6G3OI,37,
4Ta7n4,37,
510q16,37,
407er6,37,
oSi40t,38,
Cwx3J2,38,
C6XaPn,39,
18bM6X,39,
5Ab08n,39,
4601p6,39,
4t4L52,40,
e14077,40,
L3cDv2,40,
h30nQy,40,
q7cgVY,42,
x14ilv,42,
tnD83g,43,
JH6g0C,43,
kS143q,43,
Ah3pX1,44,
1uW7U7,44,
256u13,44,
P7H1r8,45,
27KLJ1,45,
JusurF,45,
ByMkFe,45,
uI5frF,46,
62783a,46,
20g4y1,46,
VBC0Bm,46,
rjDW5q,47,
1t6Q36,47,
foP2Ur,48,
D420u0,48,
Gb67S0,49,
62wR68,49,
42x5X6,50,
61Y2O6,50,
8764l7,50,
tV66Di,51,
gWSvG3,52,
y330q3,52,
877s42,52,
eo1Egb,52,
1gwFkj,52,
3Y5hx7,54,
m65PY1,54,
DTTaQ4,54,
yGF6XD,54,
sngnc1,54,
n2g4Oe,56,
i2Q50K,56,
11gEI2,56,
0EpHss,57,
y7EB8a,58,
tV5u2y,59,
0hG431,59,
h01uA0,59,
0Ed4n2,60,
Ah3117,60,
V360ke,60,
pp0M35,60,
443n27,60,
8e4I34,60,
0QVn1P,61,
Xo7nje,61,
UETc0h,62,
m3830v,63,
diT21X,64,
1qqb53,64,
5lo5ja,65,
5aAi7E,65,
473Cj8,65,
2a0iXV,67,
5b5717,67,
6M2u6I,68,
e6rqO5,69,
3a03oD,70,
3045ui,70,
r58dOl,71,
F74552,72,
08yu43,73,
PeL385,74,
aji5m4,76,
jA4IW0,77,
0C60u2,77,
yqxs07,78,
83131e,78,
367YW6,78,
7e1557,78,
xDp2DV,80,
INY814,80,
GG3714,81,
T206v1,82,
0v8w40,88,
4AS1Bw,88,
C3F73L,89,
cso2J8,91,
5A7CtY,93,
VHM616,95,
0578W4,95,
X648bS,96,
43oaUo,96,
05Im7Y,97,
NE1v1o,98,
7WX5q5,99,
Tfa641,100,
23o517,101,
s6FAlT,103,
kCl48y,103,
6EJhTl,104,
J0wA5i,105,
AOI2wT,108,
vQVhjN,108,
XCau8l,110,
j57B28,114,
8P21tm,114,
4723e5,115,
VHWF5Y,117,
4D2O61,120,
p338xS,126,
755tOU,133,
67V82f,135,
E67P76,140,
y10CS8,140,
7824iT,141,
4h3D40,141,
4a155l,142,
bSHV1X,146,
NVqu33,146,
00LpBC,147,
7re3j6,149,
F6KN27,154,
v6Wd3x,157,
748688,161,
RM4u0N,166,
314885,167,
D67w50,167,
v3o7p8,169,
sfK3pM,171,
3ic736,176,
muts02,178,
8c4LG8,194,
FPX1R7,195,
NbSy15,197,
n1388A,199,
D8g8xb,204,
14ai7N,206,
4D05eS,214,
g5Yq8s,218,
j5i4cI,218,
53T1In,230,
d465Y5,236,
L1H685,237,
8V5Wg0,243,
1i5W05,248,
y8wK3H,253,
8dXfbY,270,
2167jS,272,
C06m51,275,
BL56sw,287,
luBGpE,291,
1354o7,303,
1L723M,305,
BYDJb6,313,
mQulUe,345,
h8UIjM,350,
7fbpp3,355,
kgyG68,364,
28y66I,371,
vifnAI,412,
0q6h01,432,
77oiJ8,439,
03esfQ,441,
D1X7v8,446,
yvb34O,448,
163rba,449,
504v3o,455,
5J61xT,455,
vDO6d5,503,
2Vm74c,512,
3u88A5,520,
02xCUe,526,
65mkV7,532,
47002J,545,
7250p4,567,
v8Y1am,588,
R51RR1,591,
Sd1yyo,605,
57FvJo,608,
voi2jH,752,
505JRp,754,
W4WPo3,768,
U6R58f,805,
IynXQc,808,
8m7M6m,822,
7F255d,881,
7Il6vx,888,
7q2vi1,889,
r66215,1059,
u21g8B,1073,
e0p4OM,1202,
05k5d0,1218,
77446h,1274,
2576fI,1387,
6YbNxy,1879,
n525e0,1890,
7N254S,2799,
lYXmhV,3838,
LcXtPa,4561,
