request type,RCD-SE,
i8P5K2,0,
01l4Kb,0,
3d6148,0,
58727M,0,
7E6VU8,0,
8YW7M5,0,
43l2g5,0,
4652sY,0,
78K85e,0,
5MOR74,0,
208352,0,
e6s3A6,0,
p5n53p,0,
ck3Le6,0,
Yag837,0,
20r34K,0,
HIUu61,0,
I3OT2n,0,
2S8682,0,
2G6H23,0,
258aQg,0,
070k71,0,
1Tkn4s,0,
0I0f67,0,
jBe6kf,0,
Fd6640,0,
ygKk41,0,
064LTB,0,
m1k260,0,
061ebR,0,
EkqX54,0,
616w6k,0,
1C6t20,0,
Bg2O7l,0,
6g0Kx8,0,
420RA1,0,
5cV5C7,0,
L5g44E,0,
na5227,0,
7UNJo4,0,
VO63H3,0,
c273hh,0,
78uiD2,0,
13E23I,0,
6f370S,0,
6y6lA2,0,
j23Ha7,0,
4F3F14,0,
20E0fT,0,
GlL3gk,0,
02ObC3,0,
8x540A,0,
70G77s,0,
JOq7b5,0,
8p3Dhv,0,
R123Q8,0,
Y3b4Ff,0,
6fg2H1,0,
pt5037,0,
A7BPNg,0,
711d10,0,
875b0M,0,
4A7562,0,
4o6SNJ,0,
475L72,0,
46Q787,0,
cAcc8i,0,
3W41Rl,0,
3Uk7w2,0,
40H6X8,0,
p3P500,0,
0u3W61,0,
L3M4Pk,0,
1Vn3L1,0,
427tq8,0,
cfMiyl,0,
R0K0An,0,
GiOL8M,0,
62p4Up,0,
46dMi2,0,
Lr8u8r,0,
E0j2V2,0,
E3jj3c,0,
LQy1H7,0,
bG7HB5,0,
8QN107,0,
O62X8g,0,
81MjKd,0,
51b213,0,
moH1B6,0,
1d0230,0,
H78jr7,0,
403710,0,
6724o6,0,
7NUSK5,0,
q6QDA3,0,
5G47OA,0,
e2T5H5,0,
m5Rt3u,0,
N70A46,0,
bt4K68,0,
p6tBP1,0,
t465kx,0,
30KUS0,0,
5Kx8c3,0,
wytRH1,0,
q0ksq8,0,
qKwVE3,0,
cW86y7,0,
E03o4d,0,
R0i2vm,0,
v8F388,0,
78p334,0,
72KH64,0,
7hcrrw,0,
11CY0L,0,
G17smo,0,
Ckk6Hr,0,
E8nr40,0,
045k3Q,0,
y32fAM,0,
228y83,0,
1Ed82S,0,
T4TC6b,0,
5HdC8O,0,
08X4Od,0,
u2fA0l,0,
5u225I,0,
sL4CdS,0,
1347l6,0,
23FTVP,0,
P76N1h,0,
07RL06,0,
03N136,0,
7R5H3c,0,
336q4T,0,
RN517a,0,
2Esbr0,0,
O68s05,0,
fVQ2Ck,0,
2Mc4I0,0,
4X2g16,0,
5P4tV0,0,
Cgm31X,0,
t42tw7,0,
442V2g,0,
DU3sgs,0,
X300qt,0,
12UjYP,0,
E424Dw,0,
d73XFv,0,
68e0Xc,0,
l863p0,0,
0NKf64,0,
8F8gey,0,
61MOO7,0,
HMRD0d,0,
d8620C,0,
7M3Fe5,0,
Ox4wcR,0,
f4S5Ue,0,
a584Sq,0,
872H8v,0,
8T6506,0,
h3f5e6,0,
213Q21,0,
rU5brT,0,
y6gN7D,0,
071X4B,0,
2kN516,0,
AeQiAT,0,
5o3v30,0,
T5o01w,0,
n485Pc,0,
sD5asX,0,
q7CJ07,0,
JQg0Dv,0,
Cl28yE,0,
a4LGb7,0,
44l4p8,0,
5y2VI0,0,
q721RJ,0,
T8C86b,0,
2E87x1,0,
t3aVc7,0,
8Rf483,0,
015A1Y,0,
x33J2k,0,
LV5T15,0,
ysqyma,0,
AU632G,0,
213x0Y,0,
6745U1,0,
EQ023S,0,
30QqQS,0,
4a2878,0,
Le5562,0,
eA23G4,0,
mVOTs3,0,
kBs6E1,0,
8h31D8,0,
jQ5101,0,
0xa75E,0,
f5pAr8,0,
3h1Alr,0,
b3yy43,0,
Donj4k,0,
rcGoGV,0,
5Xj44d,0,
nn3AIk,0,
2o617M,0,
28m2yX,0,
t255W6,0,
gY8R53,0,
PDE216,0,
1iDA0P,0,
825810,0,
kp35wr,0,
3508xJ,0,
gORJ1H,0,
3nD38C,0,
0v17w3,0,
Va62w2,0,
5e0r5U,0,
552uL0,0,
87F120,0,
L234tM,0,
J65624,0,
c01AW4,0,
QK1f68,0,
I734P4,0,
y7k36c,0,
3a3n23,0,
e71Au1,0,
B5x175,0,
wL20t0,0,
616554,0,
O72517,0,
Nr6383,0,
8Srq18,0,
n757y6,0,
Y22Q18,0,
x5DhC3,0,
0nBjtx,0,
T3h5B3,0,
u63oe8,0,
44DWO1,0,
07B46j,0,
Fs4E3n,0,
0qmgAP,0,
6i4Aiq,0,
4116Dh,0,
1m1IF6,0,
MoQK40,0,
vM63A7,0,
537SP6,0,
08616R,0,
p31Q54,0,
l6Cv04,0,
Pyb2Ij,0,
6002ig,0,
1Y7a0g,0,
56cP8n,0,
8Tlyl6,0,
6HsS48,0,
53xaqy,0,
N8347O,0,
n51G02,0,
0iB108,0,
pW8A8y,0,
M064gS,0,
682dmW,0,
YNKTkj,0,
0wOE7f,0,
R328A3,0,
47t085,0,
Cg21Qn,0,
562031,0,
pMlxfU,0,
NX734b,0,
1HMX45,0,
aB2av2,0,
430626,0,
52EGFV,0,
h56sLn,0,
3cMLeh,0,
654JSO,0,
vW1qGW,0,
d3T5u3,0,
YaTFc2,0,
v7dRNI,0,
1q531t,0,
ne6y8L,0,
3g5cFi,0,
x57507,0,
46r01E,0,
eW1077,0,
Aot3Xl,0,
0c850X,0,
KaX3th,0,
0qM338,0,
34BM18,0,
Dk26g1,0,
Y74d7o,0,
35v2uw,0,
47mbN2,0,
820No4,0,
0w8140,0,
4FbqmD,0,
X862BR,0,
1VN3yn,0,
Uii0Ge,0,
88Q686,0,
2p4fCf,0,
Mux4vE,0,
4qcH15,0,
0bI6Y7,0,
6Yh3r5,0,
G0o0j0,0,
6F7Yml,0,
Q18m6P,0,
3j28e8,0,
00336D,0,
GU2786,0,
ie3y3v,0,
O5yV52,0,
5T4n45,0,
500iPm,0,
l8c3X7,0,
565873,0,
uhWIVH,0,
52lDSW,0,
D4qy2H,0,
5Ic6H1,0,
Wk2MI3,0,
C208b2,0,
CT7eOx,0,
Mr6iB4,0,
Ngf1qK,0,
tdN56e,0,
T1357h,0,
o134X8,0,
1543s5,0,
0AyH5g,0,
2062Vy,0,
2Sm3Io,0,
y8631d,0,
Y44Eno,0,
Fe8137,0,
E0G4DG,0,
26xYt3,0,
18V8X1,0,
J58Wkt,0,
B48170,0,
8AX0E4,0,
883uAf,0,
653r6Y,0,
t0kaK1,0,
UC2c5C,0,
0NbM1h,0,
u8wX41,0,
I5HA43,0,
0Q5uU5,0,
y4T5UR,0,
qyHMS0,0,
3uM6bf,0,
004qom,0,
5kARqF,0,
4646U4,0,
1l4s24,0,
15640y,0,
Xl214y,0,
224088,0,
4043P6,0,
s2h683,0,
7255lC,0,
S4B28l,0,
7L45s1,0,
42I1rW,0,
0T62Ui,0,
VPb24o,0,
57H3du,0,
0b423u,0,
8w44cj,0,
11eSX5,0,
hux2U7,0,
ACH200,0,
46f705,0,
R6g02N,0,
80EF4e,0,
J2lgB7,0,
583eSr,0,
D4E425,0,
L045dM,0,
5lcORT,0,
56EA6Q,0,
Eh5Xo1,0,
32eQOq,0,
7j76oj,0,
5H53dJ,0,
5g2RM7,0,
22Hl5N,0,
EFJjC6,0,
3u676t,0,
fI2a0d,0,
vm0Qny,0,
4Yyj8W,0,
818006,0,
147Q75,0,
71XOI1,0,
URu374,0,
6IuSiY,0,
810rXj,0,
28N7YU,0,
00m3vn,0,
C21H5W,0,
Phu728,0,
G2435S,0,
57h888,0,
16ReW1,0,
j45wQ2,0,
a12r5h,0,
4beV0L,0,
56XgHG,0,
170NJ3,0,
Tyt14P,0,
4112U7,0,
g08xmR,0,
Neh4jH,0,
b8P3b0,0,
78D05s,0,
2dc374,0,
318f1j,0,
i62872,0,
L6Y4Lh,0,
36hB2h,0,
0i7vXl,0,
Of7jLG,0,
8Lwpk8,0,
58s1AB,0,
M8620S,0,
fLMF5L,0,
084Nu3,0,
4W1582,0,
p1U65k,0,
g47vJc,0,
7G751K,0,
1782Oq,0,
L07Es3,0,
0U7582,0,
NUI17Y,0,
06F3MX,0,
XPBS7R,0,
LI7A6F,0,
j2MH61,0,
q3ELfM,0,
b0SHq5,0,
56m88S,0,
xVFmSx,0,
3ElDD0,0,
0sy862,0,
4827Ej,0,
p220e3,0,
Y5ONE5,0,
K50sn5,0,
86du0g,0,
6g6jV4,0,
m3865D,0,
XlxFNo,0,
7l6LPB,0,
XWIx47,0,
0JIXuA,0,
Us348y,0,
8Mh7KL,0,
63380H,0,
vdMy01,0,
G74jQ6,0,
OX4E8u,0,
X1q7Gu,0,
8d672G,0,
dOBv78,0,
1w45Dh,0,
3E04y1,0,
sK316P,0,
00Ywk3,0,
5nEF8b,0,
24c27i,0,
28L8cb,0,
36G14c,0,
58H0r3,0,
2155lI,0,
Yu5DS8,0,
UE3015,0,
Hd43P5,0,
53E1WT,0,
q63rT0,0,
W4jT37,0,
p5dmKT,0,
0787w2,0,
5CIdO8,0,
1P7276,0,
SLVb6q,0,
X5St7L,0,
727nlw,0,
e8322e,0,
YO4378,0,
WT083N,0,
YE0mN7,0,
646mmF,0,
vas70s,0,
4yKuhx,0,
2Lkp56,0,
R2p12H,0,
1FcbU4,0,
l0D2l6,0,
K23HK1,0,
2866a6,0,
0Q8D0O,0,
Qy038N,0,
088070,0,
60364D,0,
b0007Q,0,
8007eK,0,
205533,0,
0q543x,0,
D028a0,0,
Gf70dg,0,
3248v1,0,
8s25iV,0,
8D3w0R,0,
Hw6A7w,0,
h7m2LG,0,
20R0f0,0,
3I2me8,0,
OuP8be,0,
71d106,0,
MXc8JS,0,
LPqNAW,0,
535BFg,0,
01rU26,0,
JrP3dE,0,
e0u1Sa,0,
75u61q,0,
10s428,0,
642jx7,0,
757266,0,
27Dbnr,0,
72bf6N,0,
83Mck2,0,
PR6H74,0,
000t56,0,
n83o02,0,
kgqSdT,0,
t582R7,0,
7G1I02,0,
uTO5j8,0,
578ilv,0,
888Q7A,0,
8qn4p1,0,
0w126s,0,
L23502,0,
A3D8lm,0,
2hx4AN,0,
27802X,0,
881385,0,
r58d7r,0,
3c1i6J,0,
M07n33,0,
5445PU,0,
151bl1,0,
x83Fpq,0,
0212Oc,0,
5Y105L,0,
56wO8o,0,
i41grD,0,
UuNqEh,0,
MC774D,0,
PV1B4n,0,
8Oo864,0,
UvmGU2,0,
f8207O,0,
7N4o0v,0,
20r136,0,
p4664B,0,
01I4rc,0,
45IF48,0,
138ko3,0,
6te472,0,
F23nBP,0,
067u11,0,
suM478,0,
1t0135,0,
JdD2Ve,0,
2s01Jb,0,
HjB26r,0,
6GhEjO,0,
5JM74T,0,
eM481o,0,
f81a31,0,
8yn28T,0,
USe78t,0,
3U27Ok,0,
lnN17m,0,
Na70G2,0,
V5a3V5,0,
6k0464,0,
1GFQXo,0,
C8xKiP,0,
U5w444,0,
5sou33,0,
f8h1og,0,
s6Bq00,0,
32M4QE,0,
218iq3,0,
6gv6KA,0,
AMh5S6,0,
8ar001,0,
ek8DH1,0,
3MDNv5,0,
l564E3,0,
AIV1ts,0,
52Ra23,0,
v6024O,0,
4kJ3bb,0,
Uoiy67,0,
o75QWn,0,
eNy58r,0,
Nasooa,0,
w8W828,0,
X3UO76,0,
2220pJ,0,
y83P60,0,
4n7H17,0,
1odR88,0,
u3380U,0,
DdfEjO,0,
360Um1,0,
68Q02K,0,
5CJ005,0,
1QfYyJ,0,
7g1Q0X,0,
63B632,0,
671f28,0,
1vcLwT,0,
66546Q,0,
j64L1y,0,
y2r42c,0,
N5O8B2,0,
854T01,0,
G82802,0,
2KN0D7,0,
s2u70M,0,
F2p54d,0,
v8f6iA,0,
8cxRwI,0,
2b03g6,0,
2tQa1T,0,
72EW71,0,
VA44P8,0,
j5H8eG,0,
40V2fq,0,
O438V5,0,
65D10S,0,
Oo4uwV,0,
15WM52,0,
723qbM,0,
81Bcu2,0,
30030W,0,
AC62p6,0,
G47qpF,0,
Pb1Q84,0,
7HA1FQ,0,
cA0v8w,0,
5P32V6,0,
7KAxmI,0,
T522RJ,0,
q4wJ76,0,
1QX55v,0,
02l411,0,
yg0QQa,0,
Y4Usa5,0,
g56A06,0,
7827N1,0,
140163,0,
A1756R,0,
tJ88u0,0,
8hRh0Y,0,
QWpTBr,0,
4028NW,0,
4f22f8,0,
qYHxf7,0,
776Y28,0,
X552X1,0,
68h585,0,
277585,0,
BiTh6f,0,
Yyh1o4,0,
s80V15,0,
54724x,0,
p2KIDh,0,
55062L,0,
5468U4,0,
F0nQE4,0,
X5hQ4s,0,
x21L0d,0,
71a3Dx,0,
R267j5,0,
oL43dU,0,
1l51C5,0,
M0eljC,0,
5xJnTf,0,
8ir8wn,0,
3j84P1,0,
EJDwjH,0,
qG21wu,0,
W0386d,0,
OY8gc6,0,
15a68d,0,
3HmT46,0,
64L4DY,0,
536A4u,0,
14ydgb,0,
l25726,0,
GUk3tS,0,
Pt86Yu,0,
fk6vWg,0,
Ec777o,0,
Vs5Vbu,0,
kgWr1T,0,
NM0nxN,0,
k3N8e3,0,
34183u,0,
a13cC4,0,
YvQUm7,0,
Fwbc4a,0,
1YL30k,0,
p1HKl0,0,
4N2Ju5,0,
32vY33,0,
D2003V,0,
J12q78,0,
V1Hgul,0,
55p3j3,0,
y8F1C8,0,
EqG4KA,0,
h3E2k4,0,
g8K76l,0,
5sVc4d,0,
Dd3F0r,0,
51M20F,0,
b1C0hi,0,
4B572J,0,
oPR03x,0,
S445r8,0,
OD8385,0,
BB7qI6,0,
1w0847,0,
aqtA2o,0,
YV3223,0,
uqy885,0,
x7ydRG,0,
tu0r38,0,
dX57SQ,0,
XN34k5,0,
B7B725,0,
i6X847,0,
o6127C,0,
KX27L4,0,
Me5553,0,
oa11xd,0,
17F417,0,
5G8Cv7,0,
ei4d26,0,
17KkSV,0,
x7LAw1,0,
8N4T6R,0,
jq6508,0,
5Pe7cN,0,
33Q8R1,0,
gTsEcE,0,
ANi156,0,
Gs7453,0,
Y3OG74,0,
A4G1tX,0,
8533nj,0,
J4S00V,0,
3Qu65L,0,
31a1i8,0,
M4Ib11,0,
E2563R,0,
Q21MAs,0,
2b033O,0,
DGCLMA,0,
t4O743,0,
Wsw77c,0,
g40511,0,
674VGk,0,
p57rLd,0,
5P0S4L,0,
L4bf7L,0,
223vrO,0,
sihW18,0,
2pB2N2,0,
2RY35j,0,
55185A,0,
0p6GdE,0,
8q30QB,0,
Gsi1L0,0,
y30Rs6,0,
I06X77,0,
JGJ827,0,
1F40gI,0,
a2f114,0,
5f52d0,0,
680R1m,0,
v0q05R,0,
64S37W,0,
4130Ih,0,
byu385,0,
11ACY5,0,
537bGO,0,
7n375V,0,
d77WIh,0,
8H03br,0,
H3M0T6,0,
5Qmva5,0,
223125,0,
26RrsS,0,
4e4kBW,0,
n5U1iB,0,
r0626S,0,
D6fmh0,0,
Oe65w4,0,
6V5r80,0,
384RyL,0,
57E43l,0,
by2f73,0,
4qktOE,0,
E85664,0,
52086l,0,
G4aA5t,0,
5N1n52,0,
L2O6C5,0,
587fED,0,
m8SQIj,0,
Y7207w,0,
Lo7C07,0,
4B0P5V,0,
R5fu1l,0,
LS81j7,0,
05AN4b,0,
21dQ8X,0,
50NX65,0,
65v5m6,0,
e7YvD4,0,
8FYYY0,0,
86c045,0,
3X1HuK,0,
fW603a,0,
tB60oA,0,
36I00B,0,
L8b1F4,0,
Ar3dGA,0,
107I8w,0,
e04DFp,0,
1jjJq3,0,
08jDtJ,0,
4qh140,0,
10A711,0,
xrj0oP,0,
1814HK,0,
W8038k,0,
g13HfF,0,
dw5u83,0,
61Y4pg,0,
8YT65y,0,
SPnbpw,0,
8711Jf,0,
CIh28v,0,
k1tH4o,0,
84U8qh,0,
X70278,0,
36071i,0,
336832,0,
b5mjhQ,0,
7w2H6k,0,
3583yW,0,
FJ0xcU,0,
7x8W1S,0,
qU3gGs,0,
7Rq463,0,
401cqW,0,
2870iw,0,
GP1164,0,
R66MVf,0,
I7G21R,0,
8wWQn0,0,
VE507s,0,
6g6m1b,0,
Q61038,0,
ncg2CK,0,
5O75QX,0,
2tDCw4,0,
qX1n8E,0,
1d33X3,0,
3Rxc61,0,
8aF2u7,0,
4H7633,0,
iWLy1I,0,
73RJ06,0,
28C0yi,0,
17YeJS,0,
bU5H16,0,
jK1535,0,
637P3a,0,
0EM5o3,0,
y155Mu,0,
70nIjx,0,
0UNIEI,0,
3b67M6,0,
20u11X,0,
H8W42y,0,
2jjs51,0,
k1OcDi,0,
J3R16L,0,
88DF67,0,
X6y444,0,
7jhym0,0,
1D620N,0,
TG7RTt,0,
8YSGSX,0,
0KU45E,0,
5aKPC5,0,
O75OT0,0,
mbiu4k,0,
8q1rX7,0,
u7aTaf,0,
sc272R,0,
0iNv75,0,
4tEJH6,0,
LGq804,0,
g4l13G,0,
4FD3u5,0,
7J85Lr,0,
f01Cy3,0,
48pXSw,0,
ux4nYk,0,
K082A4,0,
M2iHER,0,
6i5qI2,0,
RAw06U,0,
2M6byD,0,
03mLiR,0,
Q2YDB7,0,
i0I048,0,
8TiBtm,0,
50Le05,0,
4cGmrn,0,
4MD7ML,0,
ja3qb6,0,
Sol87B,0,
6p4w01,0,
B2LSvS,0,
4c544T,0,
28j70q,0,
Ryc3wP,0,
6785F7,0,
04306k,0,
6UD08v,0,
7Pk7I1,0,
8fWgq6,0,
2QcC35,0,
4jARy1,0,
0ti47c,0,
nf4MT4,0,
6050lg,0,
syrJP0,0,
6K6Y0h,0,
uU3cix,0,
70xt4n,0,
21g005,0,
8m50xm,0,
O7qTcJ,0,
Nm28k7,0,
WdQ1g5,0,
L3sa08,0,
gQ837S,0,
55N413,0,
2L08Ej,0,
60g66d,0,
20c542,0,
68P0p1,0,
YN24up,0,
77a1o7,0,
q437yQ,0,
UH40wI,0,
Y3q0LY,0,
ax3Wv5,0,
V14YGO,0,
j8LL26,0,
76X20J,0,
E27r86,0,
vUc5o4,0,
06x13a,0,
IGqMx0,0,
S5NvO4,0,
2s84s6,0,
T7F4No,0,
6Nmspe,0,
j7Vn6g,0,
12hpRo,0,
32as7H,0,
06858L,0,
C3W38g,0,
3u3747,0,
E87BU3,0,
0Xf2LO,0,
427cLT,0,
kw305a,0,
x8l3vh,0,
3V0Q1V,0,
128v42,0,
41pn5K,0,
fMf4bb,0,
Nhh88l,0,
67332V,0,
33HI3w,0,
4mOdDh,0,
2PD52E,0,
0l2E7X,0,
8l00R7,0,
Y26t6P,0,
uxWka2,0,
XR282W,0,
n2kol4,0,
84k48S,0,
ktu4Ik,0,
QCJr4k,0,
W66p2E,0,
V74bYK,0,
6Q76Ku,0,
a7w0p6,0,
5SS01H,0,
3140ng,0,
04G8R1,0,
i7E1x1,0,
C80pER,0,
It410Q,0,
uA8X0b,0,
m0yC8a,0,
SG2L5f,0,
u6415W,0,
twvYvm,0,
73Hc54,0,
hiGn0n,0,
0gYX7K,0,
fE7s22,0,
854078,0,
JP4D2p,0,
WLGE2h,0,
y68ADU,0,
IEF2b0,0,
Y4j38j,0,
5Ka656,0,
387V74,0,
PvAe74,0,
Mrj17q,0,
3NoLRS,0,
kx6Xg2,0,
31xRtB,0,
8ur240,0,
1643Q4,0,
yl66as,0,
qiljk8,0,
PT7YK1,0,
P0MH30,0,
7H3e06,0,
4WNE44,0,
rb00EH,0,
hW0gE6,0,
8w04s4,0,
16H6N5,0,
70rA43,0,
s4Xhu0,0,
03H883,0,
08f2ld,0,
F0Peex,0,
87s73x,0,
0wNEsh,0,
sv43Cm,0,
4PrUR1,0,
b27137,0,
g474mN,0,
5161xv,0,
l52Q2R,0,
1yF510,0,
3684j4,0,
48BC25,0,
tw07W4,0,
14Ia66,0,
b8680n,0,
3647Pl,0,
QFm0MF,0,
b2242n,0,
3Ox207,0,
8LftP8,0,
3w037L,0,
eRy7JA,0,
vQwR8i,0,
ge2qI7,0,
R1GGw0,0,
T6XL6a,0,
8U52Ju,0,
Fddp70,0,
6n8Kj1,0,
85n126,0,
7S71K1,0,
7cJ7x0,0,
mi81y8,0,
0l3088,0,
s41TyL,0,
4E467W,0,
2TsdFL,0,
2b606v,0,
453bQ5,0,
AT1y8P,0,
0MS741,0,
4r216O,0,
5O174r,0,
48FN46,0,
Rvv541,0,
430vm7,0,
hO312b,0,
gD53bG,0,
f85882,0,
G2So8y,0,
01mj5A,0,
143q1m,0,
P6Fl77,0,
pj4U1g,0,
dm71H3,0,
RmV1vX,0,
YIUe42,0,
e3Ic4c,0,
Mc0jO2,0,
h35OGi,0,
jYn1G4,0,
5U640B,0,
V7jv32,0,
708f5R,0,
E5r42y,0,
L8ovRk,0,
07f5g8,0,
7aGU1I,0,
81388s,0,
83lbwy,0,
Ve7ng8,0,
0s6N6j,0,
L1vEl8,0,
gk84fo,0,
V38EAc,0,
447r10,0,
YPws14,0,
15c086,0,
lvD612,0,
5G4bY8,0,
y3i00L,0,
0hX1TS,0,
Y5eq4Y,0,
Qj5Kn7,0,
ax2O21,0,
8060j2,0,
06bD47,0,
d3bUj8,0,
Cp0u00,0,
AP7s7e,0,
XvhOKu,0,
68Ld47,0,
2428cW,0,
56L7Cu,0,
Wc52cE,0,
103DV7,0,
227b4T,0,
4x8cA1,0,
5PS3E2,0,
5h68XR,0,
M2AUFr,0,
645Tl0,0,
2bIo51,0,
j6E1B6,0,
32wuA0,0,
e02rc8,0,
6hS667,0,
w8UA5F,0,
y87vmg,0,
738q0R,0,
f13434,0,
iu02y2,0,
84578m,0,
6Qo5eb,0,
3J3365,0,
M3J2nK,0,
86m15u,0,
j876Yd,0,
42e46v,0,
45uB85,0,
55k0d4,0,
628o1s,0,
h31Frt,0,
g7Hd3b,0,
t87277,0,
244EIO,0,
D577jj,0,
7yC306,0,
282Ou1,0,
wR3Dj4,0,
208aR6,0,
3L33j4,0,
ON6dk3,0,
O3i08P,0,
dFss71,0,
c88H6m,0,
384hU5,0,
g1M26J,0,
24862i,0,
p5LF4y,0,
RT3J84,0,
u06mmt,0,
1h4I3Y,0,
d75yo4,0,
O37bW7,0,
Wb3H3o,0,
22wAO6,0,
O53RJh,0,
6Fm583,0,
si05y1,0,
y0c3bk,0,
7i1qKl,0,
0hVCR5,0,
406618,0,
88o5V6,0,
6vp2lx,0,
417266,0,
8H6601,0,
T0Fd1i,0,
h523w4,0,
I3E2py,0,
2LDk5Q,0,
7140B8,0,
3SUk68,0,
870q7R,0,
t8110T,0,
O325k0,0,
26u8RB,0,
048246,0,
lv5813,0,
1M32i0,0,
BbL1ly,0,
kI2G1c,0,
032s57,0,
Q30MjL,0,
uOn3fB,0,
M3Yrme,0,
87X0D6,0,
O23s37,0,
m88P38,0,
s573mF,0,
XM0DoH,0,
G6coHa,0,
0II316,0,
82lq52,0,
424oSX,0,
53521Q,0,
6A2448,0,
5738PT,0,
6fo033,0,
DR41W7,0,
H06211,0,
07G5E4,0,
55213J,0,
B6rqT3,0,
2yQM4i,0,
pD0E84,0,
a1jHM8,0,
UlT0pc,0,
32g53y,0,
8E153N,0,
p6686S,0,
3d30TX,0,
LN022t,0,
N07860,0,
Q3MddY,0,
56yPOE,0,
FrP7P4,0,
m08Y8s,0,
p35j0y,0,
wCFg37,0,
4Om5vY,0,
xpx8M8,0,
3157Yi,0,
pgBToP,0,
4kA7y5,0,
8G42aO,0,
pO3DP4,0,
A17QPQ,0,
s3J63j,0,
J347Ol,0,
lFj3vI,0,
C3l1Lu,0,
35i3UN,0,
2p1815,0,
50DQ1b,0,
8d2v44,0,
80yN23,0,
880xe6,0,
X45YoI,0,
86WI5U,0,
07tF6k,0,
305nyv,0,
5u7ird,0,
X3f6Yx,0,
3768R7,0,
iG6Ag6,0,
2x1yFL,0,
r884q8,0,
MQ7x73,0,
48f6M5,0,
a8QfP6,0,
8453Dg,0,
X3020f,0,
854Ort,0,
784nWt,0,
F5sDi5,0,
k3aVM7,0,
N7NPsL,0,
RB32K4,0,
8di6V6,0,
447nt3,0,
26307n,0,
34154u,0,
214YJq,0,
x16Dc0,0,
6W0X07,0,
16dM7Y,0,
bV10eL,0,
1X277y,0,
3405gU,0,
oV78UE,0,
46r0B5,0,
wnwV86,0,
042dUq,0,
wy4WT7,0,
6032e2,0,
O0bc33,0,
3IE0b7,0,
6MV15g,0,
7l68hO,0,
Vf6472,0,
Im80tF,0,
rD2Cih,0,
3L65TV,0,
438yc0,0,
6Tpjc6,0,
4082MV,0,
r1l5Jx,0,
56521i,0,
qA1j4D,0,
Ea0C51,0,
34O83x,0,
t8yc62,0,
G7LG2B,0,
L87gE8,0,
568B08,0,
17M3ld,0,
4686m2,0,
7yNelc,0,
hF76qq,0,
O26I80,0,
cjxxqx,0,
78D00t,0,
wG7vT3,0,
ght17m,0,
s0GwAo,0,
52hRK7,0,
35x05P,0,
0HJ33D,0,
o31R65,0,
823W4C,0,
13JmEI,0,
OR0sS8,0,
PUVyuL,0,
1rUj3h,0,
633a1k,0,
4i0age,0,
1n74C7,0,
4n6WEO,0,
2kJ465,0,
J1600R,0,
88i567,0,
7v83vN,0,
1G48h0,0,
0yfY05,0,
2561H7,0,
e0O12k,0,
22B14x,0,
38fseD,0,
Vn0GSR,0,
8LfqT4,0,
336340,0,
4O6OTC,0,
l8JD8x,0,
4H7H63,0,
t0hnxt,0,
7h4N5n,0,
BP2x1x,0,
1m33FX,0,
377186,0,
22I652,0,
SGk2XD,0,
QvAv56,0,
r4c677,0,
521cU2,0,
R247Fy,0,
6c2171,0,
834kP7,0,
RW14Tb,0,
3143na,0,
m3040g,0,
JJpF82,0,
2083to,0,
712yI2,0,
Qb2Bu8,0,
rpE858,0,
85U1o5,0,
888V4i,0,
03652G,0,
0ybF3I,0,
fCP5Qh,0,
XB57R1,0,
4x2E0G,0,
0mCnwY,0,
271nI0,0,
856T76,0,
2558iM,0,
554bF1,0,
N3a166,0,
YEC783,0,
11Rjc2,0,
o5K65P,0,
x0571N,0,
1Md427,0,
2TCq20,0,
A4RIk6,0,
42cDNy,0,
6506P2,0,
VXX88R,0,
sL22Q4,0,
rk8jDq,0,
6078WR,0,
1KH8Tw,0,
Ho78h1,0,
VNF1I1,0,
TL6668,0,
6os432,0,
B83H8C,0,
BrW866,0,
eLI65D,0,
i5wVB6,0,
6kb331,0,
DpTPXY,0,
80sB41,0,
IW8718,0,
paER6Q,0,
456WI3,0,
7s77BR,0,
41000s,0,
3q4NNV,0,
vxUG78,0,
74HAJM,0,
TC17F1,0,
6R0853,0,
07n71b,0,
7p2b75,0,
dMqY2N,0,
G562FV,0,
2bc428,0,
IEK45p,0,
0Avr1E,0,
wI4763,0,
8M1p6r,0,
0LG234,0,
84F2C4,0,
KeWyah,0,
56D0K1,0,
s0656p,0,
gQoyt1,0,
0423VN,0,
5852u8,0,
qL7P3n,0,
0QGpKi,0,
5E1ocp,0,
q2DE7l,0,
YEd1CN,0,
f37SmM,0,
4L066c,0,
85l62p,0,
o4d1HB,0,
Ra3ua5,0,
G73xOC,0,
27egF0,0,
4n18hi,0,
rt76XH,0,
b1S2NP,0,
CIM61T,0,
wX248r,0,
01Wx7N,0,
k0IPIe,0,
2LWIQ1,0,
03dBMi,0,
4Q885I,0,
r1yG03,0,
KF55hg,0,
7D050d,0,
y37466,0,
20W518,0,
jSAID4,0,
44vQG7,0,
00f8Q1,0,
g6E57F,0,
Gje3w8,0,
YV10RW,0,
1GjNd0,0,
Ncr1pB,0,
a74885,0,
Kh537K,0,
35f228,0,
T3Y427,0,
723J4x,0,
i2hQK6,0,
603h60,0,
kd6hq8,0,
P1D875,0,
0845L2,0,
LsV4R2,0,
1oRTj1,0,
02U1y2,0,
T3qn31,0,
nn5430,0,
081oc1,0,
VxVigh,0,
Sv7X40,0,
53vWOY,0,
T0S5U4,0,
83I47n,0,
88q2BC,0,
P414M5,0,
454p01,0,
8752t1,0,
H4j023,0,
H4O7YS,0,
F1mc1h,0,
78186G,0,
LCve7j,0,
3uGo4J,0,
hSnU03,0,
w626S7,0,
57530h,0,
20n325,0,
522chL,0,
pk437W,0,
w1D346,0,
877821,0,
XAD687,0,
0654fl,0,
1qUA8P,0,
p3ffd4,0,
0820i3,0,
A70EHN,0,
Ft602c,0,
00PH2Y,0,
Iw28U0,0,
ruO86V,0,
JPRw3J,0,
uBTW73,0,
0bX30P,0,
471a0v,0,
3mJ3qS,0,
152daN,0,
Y5nLq7,0,
27ui4k,0,
20Ogpa,0,
6516o0,0,
y55V41,0,
S50rO4,0,
3xf76f,0,
7602T7,0,
3V8nx5,0,
41K57Q,0,
0Xu2N2,0,
2Iv147,0,
7O578T,0,
3Bykh5,0,
2k8M51,0,
h18DF1,0,
iYglc1,0,
7XtRk0,0,
Tk420A,0,
222r62,0,
B75k41,0,
maP6G7,0,
1e30qV,0,
73sb37,0,
4d213E,0,
34mv5q,0,
xh4v70,0,
07405r,0,
26B6p1,0,
S266l4,0,
410a87,0,
M1nn4A,0,
q22r55,0,
7xR6JY,0,
Q4LN1F,0,
rB16is,0,
1033Nu,0,
n410yC,0,
A5pf01,0,
5s2VQc,0,
71nyNl,0,
Oq3422,0,
4u67Yf,0,
45xkG6,0,
ElbwV1,0,
fg8453,0,
E4m51m,0,
7QH0MY,0,
rr375l,0,
QVM0bg,0,
44w55G,0,
xx70H6,0,
53261B,0,
2863q3,0,
Y8Myjo,0,
14775m,0,
Xv4Ae8,0,
4gM367,0,
DvAx6k,0,
43c1r2,0,
YGF1JM,0,
U27Dwn,0,
TC2272,0,
tWt1Pp,0,
Di0YwH,0,
d7F1W8,0,
5145t3,0,
J1LYJy,0,
46HKBC,0,
N7tPk5,0,
1000e0,0,
C01X3N,0,
3Cv6d3,0,
u5TA08,0,
4MG6uO,0,
10E2LR,0,
21T5xS,0,
d3a3p2,0,
fu7xK8,0,
oykr76,0,
Y4I410,0,
tv2h2M,0,
jiKk8q,0,
0M8Y63,0,
F3GP04,0,
I4xv6k,0,
Q27138,0,
25mDO5,0,
76504W,0,
REme28,0,
71eP4I,0,
0h5DP7,0,
184R70,0,
s15l3y,0,
fm6YS7,0,
13052q,0,
73eV5i,0,
24741E,0,
qeLx7G,0,
e66Y5t,0,
1x54W5,0,
1JS8h6,0,
807HCs,0,
AvuYQ2,0,
nc12l0,0,
yVrk3a,0,
Q1F8l2,0,
75276d,0,
2ey461,0,
XDOqm8,0,
26CvH8,0,
680HAD,0,
geqtts,0,
Lx5t27,0,
T8cKT3,0,
40d88f,0,
1DD6s0,0,
I0014c,0,
Jl3iqn,0,
60T300,0,
87F5x5,0,
2278w5,0,
S43563,0,
8LXgIi,0,
6Xb66Q,0,
6u76LW,0,
4Y527t,0,
44yq40,0,
rtt651,0,
81w11L,0,
sS0726,0,
5t6s0I,0,
Xrar0v,0,
k61L64,0,
U6343S,0,
g6FLHF,0,
nl5BD5,0,
Y8R1Nb,0,
O81863,0,
8BEa55,0,
U1sc03,0,
4q0Y01,0,
fC16HE,0,
16s5N6,0,
y3N7mF,0,
tqPpx1,0,
27DNdA,0,
5BV6T4,0,
5q28yA,0,
lKG871,0,
164Qr0,0,
KD1Pd4,0,
Pm7M3k,0,
ttBL77,0,
a6nj40,0,
750eOX,0,
u5733H,0,
k73A8C,0,
407sht,0,
7o1Xwa,0,
31I5eO,0,
1k144R,0,
TdyFS5,0,
trU0Gd,0,
5pWMmd,0,
Xx46r5,0,
YLg8x7,0,
17KiAi,0,
Sv225N,0,
30lew3,0,
K8286q,0,
dY5T6R,0,
888341,0,
3365np,0,
6RDd58,0,
jG2VT8,0,
d56635,0,
hf15gC,0,
14k5AH,0,
yAt2od,0,
1PK7D0,0,
S783h6,0,
VA0BtE,0,
t663hR,0,
q78x88,0,
AT8N08,0,
y38TUC,0,
5806jc,0,
74Jo01,0,
86wx4R,0,
guKS6A,0,
0q34QA,0,
AK5773,0,
eJp6Fy,0,
A5Dnw1,0,
7jlMal,0,
3yBodN,0,
J535EQ,0,
ABUhhP,0,
104bS3,0,
x2S505,0,
Q40884,0,
s63487,0,
X63flN,0,
74274K,0,
QU1RNh,0,
yHkm8G,0,
634fS7,0,
rrN8b3,0,
r62Hm3,0,
6g3Mgb,0,
n60M0R,0,
3A72Ft,0,
DTo12b,0,
jLJt4l,0,
DNFN08,0,
2d11FC,0,
4N8131,0,
0E3j3e,0,
N1nm1m,0,
65onkU,0,
uJ6lL8,0,
ycQ360,0,
opuYm6,0,
LMOFmH,0,
q880ip,0,
467n31,0,
G51x2Q,0,
4k6030,0,
8432n8,0,
J3wQb4,0,
M8COj7,0,
4yb3b5,0,
mXu38u,0,
d355mD,0,
rr8T84,0,
04xIbN,0,
7l08sg,0,
50UJ64,0,
7353QA,0,
g71d2s,0,
2454e0,0,
T18Lh4,0,
246V6y,0,
TQtU26,0,
060oy7,0,
8A874j,0,
32r1hh,0,
t18pdc,0,
51BC3b,0,
26YpuF,0,
yi2d4n,0,
1QvL47,0,
V366Yl,0,
W33Thj,0,
w4617n,0,
O486Ob,0,
0C168r,0,
7JYL3D,0,
J0bk26,0,
133gOH,0,
82B274,0,
62K577,0,
5VtT16,0,
A7PsFC,0,
0015t4,0,
6864AG,0,
7KM4lj,0,
65kd76,0,
pcr06W,0,
51hnLa,0,
086DK6,0,
82jT64,0,
11SJ25,0,
4FT7k3,0,
43l11Q,0,
8b1HIa,0,
211dLY,0,
v673Nd,0,
IkWB51,0,
o0h8CX,0,
C8n845,0,
kEXi6q,0,
A8wr44,0,
p5U608,0,
GU148k,0,
k7Xp57,0,
780Jc6,0,
h7T423,0,
BLg554,0,
4nKHTR,0,
47b580,0,
t1113B,0,
6h75Y5,0,
T16bWD,0,
38YBc1,0,
17fI0I,0,
Aco5dh,0,
2BU6v7,0,
Cjm325,0,
2u8776,0,
ksG475,0,
6eTVF2,0,
1GB4q4,0,
8H2YK8,0,
61668P,0,
13j4D8,0,
o775n8,0,
k4C2GW,0,
4OE0BL,0,
438cuk,0,
88s1r6,0,
86QoB2,0,
67SaAL,0,
8Q2K5R,0,
12d8iB,0,
br58l6,0,
v24s53,0,
rdCAPV,0,
4835Tq,0,
OE3OMB,0,
i7r35s,0,
77ek7S,0,
N8s0wj,0,
B73n6n,0,
2c7vR3,0,
IK5832,0,
cWDj70,0,
6t6KI0,0,
46123h,0,
22j483,0,
03RrNr,0,
Ho4ng4,0,
cQw0SB,0,
7Um44D,0,
oMk73l,0,
B8Tf27,0,
lcP712,0,
5LXPB5,0,
5a1510,0,
03nly3,0,
1lbB60,0,
RA35q8,0,
43lk24,0,
6SYWWI,0,
P630xE,0,
uWN3e8,0,
144OL3,0,
talo6y,0,
q0ju3l,0,
rj57Cc,0,
70KY3c,0,
4w55Q8,0,
72noBb,0,
bItR0T,0,
RE028H,0,
3534e8,0,
EXd537,0,
6W7A4d,0,
64y038,0,
k3e87M,0,
206wGD,0,
476B6M,0,
85W2Uh,0,
1L0qY2,0,
28f553,0,
056p3b,0,
d60aeR,0,
542657,0,
76400s,0,
33WV0g,0,
mn8Fop,0,
7063SD,0,
DjBrD7,0,
0Pc4R0,0,
cl41KM,0,
sq8C4f,0,
31EY4O,0,
8xl448,0,
Ltd47b,0,
Dr7165,0,
4Xx4A8,0,
5FJ1F4,0,
4567SM,0,
48415A,0,
g675At,0,
a05DN6,0,
M564PW,0,
I4x22T,0,
8wpc3w,0,
44ECT6,0,
48LWn1,0,
GT3W7v,0,
1ij4h8,0,
TJ8W75,0,
wo7e52,0,
s18OMU,0,
u28ns6,0,
E23520,0,
31Q555,0,
dd8F88,0,
7twK2k,0,
87163F,0,
8pp06N,0,
g8Q0xw,0,
T7S002,0,
LH1m5K,0,
6Kb477,0,
11C5No,0,
7363xH,0,
1EX1Ws,0,
WG4ipM,0,
125085,0,
01f0g4,0,
1Vf473,0,
CT2d11,0,
37053k,0,
305R65,0,
1WGq81,0,
6asQ61,0,
x01F38,0,
62Wh77,0,
FM421w,0,
3q6oHX,0,
8qM01D,0,
02R58u,0,
240q23,0,
xH374g,0,
8j0d38,0,
ge2GsA,0,
R6d530,0,
GX37nt,0,
7x75u6,0,
878iY2,0,
L4D623,0,
r675Gc,0,
02PE3g,0,
bgs4t3,0,
tM1gsB,0,
SJT8U8,0,
hxT6S6,0,
pkNEKO,0,
3L64k0,0,
7FhN83,0,
1K1yr4,0,
5q81oy,0,
pQtAlY,0,
652Stk,0,
3H3y62,0,
258iM1,0,
1205Jy,0,
hI2yAu,0,
3n3B0p,0,
44o0L7,0,
QdC4lP,0,
k51w3O,0,
0KpO8P,0,
1Qi8O5,0,
X8h54B,0,
jGa4Um,0,
5rcFy5,0,
N6w64w,0,
024E8g,0,
07DNT3,0,
3837G1,0,
fD5600,0,
OKLK31,0,
66Q5GB,0,
P7WaxH,0,
81a556,0,
03gi55,0,
u361DJ,0,
41u208,0,
i582ym,0,
N0Pj78,0,
K85038,0,
628113,0,
34aLIP,0,
wO0Lpd,0,
5fb370,0,
5xrnSl,0,
e37O3U,0,
Fn4Klb,0,
5i7842,0,
5gdp88,0,
553243,0,
8W02OA,0,
533ibB,0,
25160p,0,
022823,0,
2H3534,0,
d3184w,0,
l7J1oD,0,
Wi8E12,0,
E8rxO8,0,
TNNB30,0,
5x33t4,0,
AOt141,0,
kJ65xF,0,
1nY2SL,0,
7310IG,0,
k0Q20F,0,
G5hl0Y,0,
I26Ef4,0,
W5fU3F,0,
4Tt1D7,0,
34gvE0,0,
FWjvv2,0,
4N78c2,0,
56y4dx,0,
808TKM,0,
0vx826,0,
TIs2VO,0,
NC812l,0,
mA1I72,0,
rG3O5o,0,
H18184,0,
1ED264,0,
j244X0,0,
2yj1J8,0,
5T5v67,0,
0Sx3DA,0,
B2gnAG,0,
4A2028,0,
dPEb6r,0,
H47O50,0,
375n63,0,
1kLx7y,0,
6Ix648,0,
6Il16y,0,
845561,0,
WbVs8w,0,
IK1G83,0,
k2j1f7,0,
E176ik,0,
O2n5F0,0,
qL4N6M,0,
1e34T0,0,
5r2A35,0,
37n880,0,
byg675,0,
L21Sea,0,
V827kh,0,
28QT45,0,
6YRi61,0,
48G1p1,0,
vjm0P3,0,
rq53mx,0,
05tc27,0,
c1Mf11,0,
53xy13,0,
Pwq7mk,0,
3s4Byh,0,
0R6tkm,0,
85Ck6P,0,
7506yn,0,
70453q,0,
JoVm8c,0,
f52w61,0,
pDu5ja,0,
04NvEa,0,
3324iw,0,
CDK547,0,
dbh8q7,0,
i3xh4W,0,
1N1P0o,0,
1E2UJ3,0,
NwX812,0,
g3OOQp,0,
d21Os3,0,
1Ch3W2,0,
y8650T,0,
06JooO,0,
P4087Q,0,
q3bRPG,0,
TBM5fP,0,
38DF23,0,
SHI2M6,0,
7f1im4,0,
1v437L,0,
u726BI,0,
w2q18a,0,
444jp3,0,
DW60B3,0,
20KY0Q,0,
3JL117,0,
E34545,0,
Eo475h,0,
W5a24N,0,
Y3v35G,0,
vTuLyv,0,
v30o47,0,
1TfMnI,0,
88B24X,0,
gm4137,0,
7X74hT,0,
B4j61i,0,
Rf37U2,0,
4C447u,0,
38qBwv,0,
p0H7iw,0,
ci8E30,0,
5G3q1h,0,
F446W5,0,
k5V107,0,
j36v10,0,
3M525X,0,
d343U2,0,
mk6ktL,0,
N5xA17,0,
LCM4SQ,0,
02Mrd5,0,
7rg147,0,
0m130Y,0,
7u6p7q,0,
Uh7j0X,0,
215yt6,0,
46bHcP,0,
IE70s7,0,
G7l660,0,
LGmXHE,0,
6N5033,0,
uq6klG,0,
44cy17,0,
pqB7Rj,0,
5D2Dv5,0,
a20Qx1,0,
o5l4QO,0,
HG2374,0,
386D73,0,
Bl13FC,0,
8iv0p3,0,
Ycu12o,0,
BGQQoc,0,
71244S,0,
GUPpF4,0,
D70LX0,0,
84kcd1,0,
4I35mU,0,
ge5G4o,0,
444463,0,
rF4073,0,
c68Tb0,0,
26B5BY,0,
6176G8,0,
bY06o8,0,
Kfa02P,0,
3ty3u0,0,
4J6727,0,
4865QK,0,
dbsB51,0,
fr304O,0,
jFo211,0,
4JEY2v,0,
N0L8iY,0,
M5OX34,0,
dBK680,0,
6017o7,0,
302LMJ,0,
36x610,0,
wvtMFI,0,
x81h10,0,
24a268,0,
f1mNu5,0,
53Qf52,0,
F63s5M,0,
wA7558,0,
V08KlS,0,
H283t1,0,
Nf4jlY,0,
53p0RQ,0,
uLBNMs,0,
xTTY51,0,
P1Em3R,0,
IKEKAU,0,
eCKe0d,0,
t16T1S,0,
72FmMP,0,
O0cD61,0,
V1F85C,0,
yPG3ab,0,
iwG16L,0,
jhyX6N,0,
GibG8d,0,
ivBCh4,0,
03y86X,0,
4h56wK,0,
e167iv,0,
8QtbkO,0,
8j488N,0,
005467,0,
oc1022,0,
i812M1,0,
Ifp831,0,
WV0H45,0,
7XlP30,0,
843y0W,0,
1Jho32,0,
Ds1482,0,
7wdIf1,0,
OM8nr0,0,
8d0fBa,0,
jPK632,0,
36B2c7,0,
177d6O,0,
7OY1jm,0,
102e4U,0,
38BOYK,0,
DA25u5,0,
Kr1GwR,0,
4X1rs6,0,
FpN7vO,0,
4VHk5g,0,
787i4O,0,
I5Y28r,0,
b03482,0,
m7HU6x,0,
1G4Eik,0,
f12lRD,0,
hUqul7,0,
u45VEE,0,
Ie8QL3,0,
w1gr04,0,
2a652e,0,
628QvM,0,
l10148,0,
5Gy6Pi,0,
3e1Hsn,0,
2UNxqW,0,
lK77V8,0,
15nhjj,0,
06uy5I,0,
1P55p6,0,
bVB327,0,
060d3e,0,
81H3Vu,0,
6V5688,0,
w1weHp,0,
8H4iaW,0,
7Q8336,0,
5Q4RKA,0,
D877g2,0,
nM80Ff,0,
dCKu4d,0,
O6Q561,0,
4HWU20,0,
4173Mr,0,
376lhV,0,
jjR4qj,0,
EI203p,0,
B41V01,0,
XV7D21,0,
7c8NgG,0,
H68Dd0,0,
28423d,0,
6q1Fiv,0,
24v2O4,0,
073842,0,
c6Q25p,0,
f6W7Mg,0,
yf8Y80,0,
W6W1E8,0,
f0V8DI,0,
7fA5Ao,0,
J1jXiS,0,
w843H0,0,
t2l4we,0,
32246G,0,
vyVmW4,0,
3l6T50,0,
1H0F6u,0,
b2M4l3,0,
81Y0Wa,0,
qJO32h,0,
X33017,0,
4468q8,0,
Orv721,0,
m85cj5,0,
3I0QE8,0,
73y28i,0,
61N27E,0,
YwoI0M,0,
166m22,0,
D1Jb1u,0,
S4f56e,0,
Q8Yy61,0,
8HGMq8,0,
GP63e0,0,
ge8VD7,0,
bd3v2n,0,
48gmO7,0,
m70553,0,
0006P0,0,
26nW1m,0,
yjMt61,0,
4lB167,0,
22lb02,0,
l6a6Q4,0,
H82452,0,
S60q2c,0,
Kt42hC,0,
EQiko7,0,
F30ISH,0,
5Uw833,0,
8004EV,0,
0375xi,0,
dT5174,0,
EUG0Il,0,
ov08H4,0,
A5B3XL,0,
G5Sodo,0,
4P2dyL,0,
jn40w6,0,
6a0VU3,0,
P672WG,0,
yRgkD6,0,
DM770C,0,
j74r34,0,
OAq687,0,
Yb8ik1,0,
088618,0,
278i5L,0,
a14y80,0,
kKBT62,0,
D31PI1,0,
g2Xs47,0,
0s46c6,0,
135Qi6,0,
Od46t4,0,
F0C7Iy,0,
58p6ow,0,
5BH51p,0,
6MLY6c,0,
6603f5,0,
8NeH1l,0,
Jc0mT8,0,
624RNf,0,
88fy23,0,
d4D7Dw,0,
778kw6,0,
x2qghr,0,
7Y84Uu,0,
3DU5w1,0,
aSB6P1,0,
078e6I,0,
3850Ga,0,
MH4yR8,0,
DDyf8v,0,
CGk66v,0,
2o4SQ1,0,
UU8yDr,0,
1365U5,0,
h7OC71,0,
Dm2NrR,0,
Qw2E0h,0,
x30H6n,0,
56lJc2,0,
05R3Td,0,
yo485l,0,
VdEd4T,0,
32Cb5S,0,
Q8u0xT,0,
3yNb30,0,
4Kc36J,0,
70k0n8,0,
Wu7W77,0,
I830g3,0,
r126R7,0,
Js662e,0,
MsynBj,0,
B5M522,0,
7118W2,0,
lMeNdp,0,
7LCNQc,0,
S0L33U,0,
6v45h0,0,
34ap44,0,
18y078,0,
50Q688,0,
13pY8n,0,
16lGry,0,
SK17eP,0,
154N7E,0,
ch3hdn,0,
I3GNA3,0,
471V01,0,
N3Qr32,0,
FEnDNA,0,
4oI3xl,0,
eTLAKq,0,
32BrpX,0,
f5x5S6,0,
2A2776,0,
UT3J66,0,
P0M5KT,0,
UN2151,0,
56m1aA,0,
H4D755,0,
230556,0,
C00PNw,0,
1iK7P5,0,
R4n8o5,0,
6O178I,0,
5HVQ74,0,
wS02vo,0,
K01bSw,0,
SNN8X1,0,
DtwonD,0,
d4sl15,0,
7j14U7,0,
416h3V,0,
2uo3x4,0,
3w0M28,0,
EWBIy8,0,
60c3lF,0,
s17AL1,0,
1350A3,0,
6OyS23,0,
iy1m08,0,
24L3d2,0,
106e2x,0,
cIa163,0,
vc2C37,0,
By8c22,0,
1jj8a1,0,
s5oH41,0,
US72u7,0,
c775wB,0,
CSpBWw,0,
O5bKkC,0,
K06k2b,0,
7XO5T6,0,
53uCI1,0,
k4y44V,0,
14ft34,0,
e5O2I3,0,
i6WD54,0,
Qt0yyi,0,
aA141a,0,
0YMWM0,0,
w6Kajb,0,
w11626,0,
3TdC45,0,
8511cw,0,
hn30W2,0,
r5iBcl,0,
66M308,0,
VNghkW,0,
41AB87,0,
0ivI2n,0,
72Y4pv,0,
j1NsHW,0,
pWQ362,0,
0QBfuC,0,
kW5C2Y,0,
RjmOC1,0,
2A7ru2,0,
2k6k42,0,
4D6r47,0,
8m0448,0,
1H88aY,0,
qpbLT0,0,
XV848B,0,
w52L1X,0,
CKS353,0,
76bQ2g,0,
18g7i8,0,
0712si,0,
42o4YB,0,
HXWN7f,0,
5255c1,0,
qVVP8h,0,
kQ6JK3,0,
4tWpeG,0,
DAKo76,0,
724T5U,0,
4d72y6,0,
3ogQ0x,0,
0Jw57e,0,
47875b,0,
5R8815,0,
Jf51yw,0,
63K720,0,
CL6KO4,0,
fVj736,0,
K8781q,0,
8c4AXD,0,
750j47,0,
N5VdO6,0,
GSF566,0,
Iab68i,0,
W1k3j7,0,
KnT634,0,
V6I476,0,
tAk61E,0,
8i1L25,0,
GR08j7,0,
MM2u72,0,
21tC5L,0,
lQJn27,0,
5y2fk0,0,
rdedNP,0,
8j6gkB,0,
cfL232,0,
78P8Y6,0,
1X724C,0,
8n37sW,0,
7Mx74n,0,
6D6Pu7,0,
G283Lt,0,
73B5A8,0,
0rFB2p,0,
45AJc5,0,
13u7J3,0,
51Xxx3,0,
QupR46,0,
G6kdur,0,
3561gH,0,
0d0e81,0,
5r4836,0,
56qr30,0,
5q5Qac,0,
034NhC,0,
8A833Q,0,
00A5Gn,0,
K8B0p6,0,
y1pn6Y,0,
1ag5v5,0,
85s861,0,
240kd0,0,
3Hd61e,0,
GScnb7,0,
2K7G57,0,
28ch1L,0,
0PPJv2,0,
88t174,0,
BblPqu,0,
1wE62U,0,
234X38,0,
oB5OjM,0,
F316Yj,0,
636637,0,
182642,0,
h5Y82a,0,
5d06J3,0,
g74Rh4,0,
O2Bc3J,0,
XM0e4o,0,
5E0Aa1,0,
M57MO5,0,
81w6c7,0,
Icsm8t,0,
187082,0,
6f8500,0,
r5Ur7v,0,
1jo47X,0,
78yI7Y,0,
662ta5,0,
0e1bao,0,
70A15j,0,
CIwyE1,0,
xhlB3R,0,
dw2lLS,0,
0Ac173,0,
8EHGWH,0,
D7v8Iq,0,
dm3G8n,0,
WwS258,0,
3b1W2C,0,
sc6Vf6,0,
25V46x,0,
ilX06x,0,
IP8c68,0,
E14WLQ,0,
7cgG1q,0,
6twaVO,0,
C2111o,0,
08g015,0,
81rVtP,0,
62Q2e5,0,
02312g,0,
Ck3xXc,0,
43658H,0,
FPdVji,0,
L75cJK,0,
2DB3CH,0,
h5bya2,0,
b4t2n2,0,
40714t,0,
5gN258,0,
ieEC40,0,
04ywEN,0,
o1T380,0,
8bMjd6,0,
xU7y31,0,
1xeu56,0,
353F4o,0,
nGCL50,0,
N6VOOP,0,
MA7ju6,0,
W6Nr8w,0,
QM4W7A,0,
I0a4a8,0,
c1nf8K,0,
yOKQf8,0,
6g0115,0,
1B18J8,0,
i8I8Et,0,
M6Uh73,0,
twT1wb,0,
83fQJ0,0,
BMvH6L,0,
AH2346,0,
1n34X0,0,
62u75L,0,
rTWYEF,0,
6sG57Q,0,
Ei548t,0,
827425,0,
F38aJk,0,
6qVl78,0,
0cNw2w,0,
LuJc6C,0,
456603,0,
18824k,0,
7sjNH8,0,
C6FGlU,0,
oas38S,0,
2wPL06,0,
b057Fs,0,
32830W,0,
Rx5B7W,0,
5Sla5P,0,
655cq4,0,
6e4NIj,0,
1ep670,0,
8WI51l,0,
w18M52,0,
T0w860,0,
kSOtwS,0,
7Ct7Ul,0,
0uT1Y2,0,
dv4150,0,
1S74d2,0,
367j07,0,
72Ex6X,0,
DIqJ7G,0,
81wDdc,0,
rn8384,0,
S22EnB,0,
Db0s5D,0,
d7VBB5,0,
j8t7S1,0,
7382dn,0,
h074eJ,0,
w70w8t,0,
s0c4b1,0,
5fN2r5,0,
L1TT71,0,
B3O3ot,0,
sIGji7,0,
8Pe5Ye,0,
y3IL54,0,
23625a,0,
711GKc,0,
60I72x,0,
x481I6,0,
n6JNf5,0,
1BuUn1,0,
V477Cu,0,
342M15,0,
337mxy,0,
6K1C18,0,
5hapH6,0,
x7m4S6,0,
crnAH7,0,
64B103,0,
PQ7DSo,0,
f10v6u,0,
RcTAi7,0,
A8Y7KY,0,
n83o2a,0,
4r82Ff,0,
5484BN,0,
ro7N0j,0,
S2iy5a,0,
u7g4bn,0,
8m78L8,0,
0bfG26,0,
63521r,0,
F8tUUh,0,
6YvD35,0,
M5E5FH,0,
iviO73,0,
6ix4D4,0,
8NUg6i,0,
8kK6dh,0,
F03k6k,0,
0l650I,0,
P5h18g,0,
hCykN1,0,
67556i,0,
e88Ji5,0,
6s70FS,0,
KO1Nq4,0,
c3jBOS,0,
p843f3,0,
hrk2Tx,0,
J2M87q,0,
5243S6,0,
1Aw28G,0,
sn682M,0,
34Fy38,0,
Sh4550,0,
2N7o83,0,
68POME,0,
8UVTQc,0,
6sj4n3,0,
7q4DS3,0,
rT5638,0,
c7My86,0,
y2La01,0,
0g8E3l,0,
7267W1,0,
F2F830,0,
U4Jh0T,0,
VJ3675,0,
5u4332,0,
7064J8,0,
tG2qxx,0,
6c0805,0,
cWU5G2,0,
I44x60,0,
W84hmp,0,
27V8we,0,
ok18Hs,0,
11T852,0,
aT4t78,0,
4we536,0,
Y1eVws,0,
E85qe0,0,
M6nl57,0,
p28R3B,0,
1I6c67,0,
301854,0,
32861v,0,
l32qUq,0,
U1Hpre,0,
71y8jG,0,
H81nVX,0,
C3KlH1,0,
lY2iPC,0,
s11fjx,0,
yH7833,0,
K52b3N,0,
AAB11C,0,
5DlesB,0,
5u0048,0,
M1iy8M,0,
m4B50J,0,
G5b053,0,
0q58r0,0,
x760Kt,0,
xCywS0,0,
1E6t01,0,
n3Jh41,0,
1qn43D,0,
5451TU,0,
f8g024,0,
68ljKm,0,
851x6O,0,
AdbI84,0,
7702BX,0,
Hy4843,0,
80pgfW,0,
373f17,0,
Q11h76,0,
152mFX,0,
k88Lof,0,
H21oJ4,0,
R31tBi,0,
3emNy2,0,
RU440l,0,
04v7dB,0,
tF4428,0,
20S40U,0,
kXo5X2,0,
0G7I55,0,
Pdstm1,0,
3V8QAd,0,
aO024S,0,
h2vKdh,0,
4Tj40O,0,
46754x,0,
o7S18k,0,
4fEXuB,0,
w25w4D,0,
g325Bc,0,
237R1j,0,
tCB5RE,0,
bf2RF4,0,
40N558,0,
500lbg,0,
1Gf4F2,0,
0sWBVV,0,
873e67,0,
Ay5yBN,0,
m16658,0,
CVIj1O,0,
Y2f5K3,0,
02WVc4,0,
81N4GP,0,
6dmmX6,0,
4y1Cwa,0,
j8p6O1,0,
w34C2E,0,
d546B3,0,
Q4rD6r,0,
hPi2Ow,0,
2y40JO,0,
57Y558,0,
n62301,0,
262w83,0,
HG23yC,0,
05q835,0,
57B0eT,0,
5g7gq8,0,
MXaE73,0,
672Q2c,0,
0860i1,0,
C472x3,0,
WmkO58,0,
oI7251,0,
R72806,0,
m58WHD,0,
ex6N75,0,
83CKe3,0,
8247r3,0,
v213KV,0,
c15Idq,0,
fJ5i40,0,
7Kkx8U,0,
3G1348,0,
7sq400,0,
8dA3J8,0,
23e866,0,
t7xiY7,0,
CC4ah0,0,
n5FR7X,0,
r55gYj,0,
4KU7Um,0,
P62225,0,
2RCs7N,0,
j5xa25,0,
R0023C,0,
dx66Sq,0,
86qk04,0,
hcGVe2,0,
H17586,0,
ywe600,0,
346a52,0,
04A231,0,
Jc5n3v,0,
53pL84,0,
03fup1,0,
X7nl6v,0,
1N27S7,0,
QB076B,0,
82dH07,0,
3V4552,0,
fxb8VV,0,
6H2c8D,0,
DWh54p,0,
4pUH13,0,
rh4m8a,0,
7cbFV1,0,
B8wb78,0,
A4810p,0,
6Fo32g,0,
k1HEVl,0,
A8p5Yc,0,
y60g12,0,
ja202U,0,
6TIQrC,0,
aSU015,0,
tN1jVF,0,
lQiAGn,0,
MacoV7,0,
1k316O,0,
u82Ent,0,
471i3U,0,
oJWmJ6,0,
52lp2J,0,
864L03,0,
0082u6,0,
npjRDK,0,
34e2J5,0,
3575I5,0,
35T6Y7,0,
014Dy3,0,
E1guje,0,
he1H34,0,
cr767D,0,
1451bt,0,
v13Mex,0,
cG16sr,0,
LP245e,0,
4O67px,0,
0v5U3N,0,
72IUv7,0,
J322T5,0,
U08Mx4,0,
k0aK6w,0,
rd1041,0,
R1QE55,0,
8KbH3i,0,
cD84oc,0,
MFEEA5,0,
6NYDs8,0,
lmG6qB,0,
vlT705,0,
3cBceB,0,
48S8jV,0,
245061,0,
fnnOK5,0,
3D62Yi,0,
SQ7263,0,
E7xH8K,0,
T276D1,0,
2f26um,0,
780H6R,0,
2k7UJw,0,
t0S347,0,
lfr655,0,
Gp4We7,0,
NRQPg6,0,
v4RQs8,0,
u4wiK6,0,
qx6ql4,0,
58v5en,0,
gbG10B,0,
tpbA41,0,
2tD33S,0,
0VL6R4,0,
6Wx114,0,
jG7VGa,0,
o2b25m,0,
a0830v,0,
u8oK4f,0,
M64dOa,0,
bE52J0,0,
E767J2,0,
37T6b2,0,
pg78k0,0,
a8hae8,0,
S1O57b,0,
5u4WNH,0,
HJ000B,0,
LEb546,0,
3271k1,0,
4y67i6,0,
o1a804,0,
NeO1W2,0,
C6SII6,0,
4ylt1r,0,
QWxb67,0,
u1B46v,0,
7r5U42,0,
2l1o6S,0,
7bd8VH,0,
bjM587,0,
134i31,0,
5L056c,0,
5A8Y1I,0,
lT1r41,0,
l8V8rP,0,
84hqjC,0,
A5Hdo2,0,
E34Ce4,0,
2E7cS3,0,
5AL80a,0,
1yoOci,0,
7m3gFp,0,
8w5pwD,0,
G08J4t,0,
cf43Je,0,
8SsNRs,0,
3l0N45,0,
22f067,0,
4yD2y3,0,
5JIuxk,0,
C0583y,0,
23Ava6,0,
207g03,0,
45378q,0,
uqYgF6,0,
22Y12W,0,
H4Ra4k,0,
Vs5y4K,0,
y66124,0,
K03165,0,
4iPu86,0,
28aWxI,0,
0h531r,0,
Ct62G8,0,
M330w5,0,
3k35d0,0,
6iu110,0,
07d50F,0,
RY0n1c,0,
jHDTx8,0,
iBOt24,0,
Nmd3O7,0,
T13140,0,
660c72,0,
l68Nl3,0,
S8oD5x,0,
JqcDd7,0,
M0G76Q,0,
b87TG1,0,
778qX2,0,
g36eA5,0,
e4D0g2,0,
6Bd787,0,
80I8t7,0,
5kKo7I,0,
4151K2,0,
g8D6OI,0,
S678rI,0,
vt012m,0,
3A2kDA,0,
3kg513,0,
5JiTsa,0,
847I44,0,
UB6802,0,
080308,0,
b4086B,0,
2d2bF0,0,
oJ7eVQ,0,
yNoL2V,0,
2Q5r03,0,
nhcX8f,0,
037C0n,0,
SST06v,0,
325tYF,0,
F2627R,0,
8h2iS2,0,
j1owJ5,0,
fU45r5,0,
7dXr6a,0,
ujvHGg,0,
n77qll,0,
l3VcDb,0,
5s0855,0,
WQ08Sx,0,
gv6o5g,0,
b4Ip81,0,
niDX4V,0,
62GM77,0,
H0IDtW,0,
b40m2C,0,
hAmwYS,0,
51u4SD,0,
2k8gNf,0,
g70M85,0,
tW5658,0,
86AA0u,0,
243QW1,0,
7121qK,0,
B5GM74,0,
ji4Rr8,0,
nvg685,0,
7fD38g,0,
j186AD,0,
oe4L82,0,
4502rV,0,
W33343,0,
1HV3Ay,0,
RjpgMW,0,
787k57,0,
53n42v,0,
qhq0Qy,0,
130e2A,0,
25i03d,0,
5y4hV3,0,
038b1F,0,
e23p4N,0,
3305W1,0,
Oo570B,0,
Ij12aa,0,
I8rr8G,0,
554P8f,0,
41i1G0,0,
83J707,0,
vdL3Yk,0,
o58fL5,0,
57am8n,0,
4Re477,0,
fm3D4T,0,
00B67A,0,
E6Sn04,0,
565SGP,0,
58X7mb,0,
q58V1S,0,
48hH08,0,
IJ3733,0,
e1016m,0,
7n17aY,0,
N1l563,0,
KHMcQq,0,
R5Os1A,0,
04343S,0,
IF622o,0,
0m5WPh,0,
H1W175,0,
14x65x,0,
1K5ljn,0,
3s4r5p,0,
5403F5,0,
1e2BLD,0,
47ppe0,0,
1U0M7V,0,
t0LWLV,0,
hGOf60,0,
61K2YH,0,
23c6W8,0,
E3Bv7y,0,
L14767,0,
6aBb3J,0,
G3ML1r,0,
htCo04,0,
X41gb3,0,
6mT1N5,0,
03R1RB,0,
Kot06y,0,
2v7R4N,0,
27os0f,0,
7S156E,0,
2xl1Ps,0,
3df54i,0,
j763v4,0,
6wRn8x,0,
k2776G,0,
036I61,0,
G6b3DP,0,
c6U6V1,0,
81O65e,0,
46t0qy,0,
e57iKm,0,
Jkr3X8,0,
67AUo2,0,
48O0Lp,0,
8Rk6F8,0,
Yixt0O,0,
e30V32,0,
2n0f2k,0,
7lr5O6,0,
Mj1E70,0,
4gO5W7,0,
vW1a7M,0,
463I28,0,
HcB0Mq,0,
3gUsy5,0,
e7pF40,0,
HThv20,0,
4288Tq,0,
HS6nGp,0,
mP5RL0,0,
7Qt8CN,0,
3jBs7O,0,
n61K0G,0,
omesvv,0,
l8032a,0,
56pIfS,0,
6m7r85,0,
35a71x,0,
2X1055,0,
dH6ddo,0,
ItxeLA,0,
mt4K28,0,
5Y32Ww,0,
M176E7,0,
7O1i11,0,
3BPN8p,0,
Wg2568,0,
573bUe,0,
8aP101,0,
pH1C80,0,
51i3L3,0,
l2O071,0,
xV4862,0,
525606,0,
22owr1,0,
u403mK,0,
8Pl1K4,0,
873700,0,
7y1JjQ,0,
m6404G,0,
0Q8U34,0,
a8lQTQ,0,
jC784n,0,
26s7ls,0,
1pv48F,0,
m4LiL6,0,
0ssUr0,0,
3vT2y4,0,
Yt07R5,0,
Lyve6e,0,
1Cpr8a,0,
Q0sw5b,0,
5G5256,0,
g3ohF5,0,
aR4VB5,0,
gU33eR,0,
v6ad0d,0,
j1528G,0,
PnO56I,0,
x2f6k4,0,
G6fs7y,0,
k16W76,0,
m7ywe2,0,
6u252i,0,
Tm2u14,0,
TVgFFg,0,
1Up7Q2,0,
U7cRB5,0,
ULba0d,0,
7H36D4,0,
3G41r7,0,
f58C4c,0,
X2OYNQ,0,
V1R7U0,0,
T1047x,0,
0BVS8e,0,
fVJY4I,0,
f7623q,0,
0shsGY,0,
Lu703P,0,
VK13Y0,0,
5i1i51,0,
N4168k,0,
7741AV,0,
26x3wf,0,
F7QX86,0,
LH61e3,0,
4x307e,0,
80enxw,0,
v12UA3,0,
c77P8v,0,
Bc5X76,0,
H4X12X,0,
8U7rWL,0,
17447V,0,
dqMSB3,0,
15RF8t,0,
4R22TT,0,
0102V4,0,
8NnS7L,0,
26VADs,0,
16m70g,0,
FaVTdv,0,
04hKog,0,
4P3xR0,0,
0b421L,0,
bc20Ui,0,
626key,0,
0w1746,0,
51q81r,0,
O4c6IV,0,
v84AU4,0,
jie3N5,0,
DmvEQX,0,
eVT513,0,
r4V1q7,0,
o2O5iR,0,
41ev7I,0,
J2cu35,0,
8W3W61,0,
5y4dk1,0,
s26w65,0,
owy5F6,0,
A8oQv4,0,
4u7244,0,
08uj61,0,
04LXtR,0,
GR03jL,0,
52H120,0,
64lS4P,0,
LRm5tv,0,
O1F171,0,
18o55I,0,
1800KA,0,
5M35U2,0,
c1085x,0,
M35636,0,
7cC86R,0,
05K717,0,
8OB140,0,
2A361u,0,
053dJ3,0,
2l26h1,0,
475QGK,0,
3GCJ13,0,
Lo3kF3,0,
135411,0,
I7XPR7,0,
xdN38x,0,
0317P6,0,
nIp541,0,
u536aU,0,
gj38qm,0,
OIRYSh,0,
00563s,0,
toECO8,0,
Ph33yv,0,
x7I6an,0,
3vlw1G,0,
M41850,0,
7m0651,0,
5l441q,0,
a77Y74,0,
Lv160R,0,
ifV12w,0,
c2c845,0,
M80207,0,
vr04DI,0,
20g000,0,
57c46G,0,
B20w1d,0,
E6P2t3,0,
1j57AV,0,
87YV3a,0,
1BRjTw,0,
65V57A,0,
3J5768,0,
lVeC53,0,
7DJ3aW,0,
UI441a,0,
2W2Bl3,0,
64034b,0,
7tDe1M,0,
4d4314,0,
O62241,0,
o51lV1,0,
M547Qs,0,
nJ432R,0,
vvU0FT,0,
06q863,0,
f2D8vl,0,
humn68,0,
3fo2cY,0,
4A3s4V,0,
w04kXB,0,
kCP5St,0,
u88B4C,0,
58RW0W,0,
1niX02,0,
5xKiBw,0,
055hF5,0,
5V57k4,0,
W8M8Wn,0,
8k2XK2,0,
SS1b33,0,
hD540i,0,
12L8Bl,0,
8i8dp8,0,
C1M2CQ,0,
341Lq4,0,
0R0845,0,
OfjNV0,0,
2td763,0,
550c20,0,
25kK0C,0,
44WoTm,0,
BP55YX,0,
w703Th,0,
sW3yoW,0,
s04b48,0,
861hke,0,
2eos64,0,
mggj8g,0,
7Pc571,0,
dD2QO6,0,
W4vIu1,0,
kQsO57,0,
33W8c2,0,
4c4f4W,0,
W2DrTp,0,
7g2Wg8,0,
v0E0B0,0,
N20wM3,0,
0U13c8,0,
RN4L1X,0,
j46s42,0,
t46t30,0,
tbK077,0,
85S53R,0,
1gS23V,0,
3L8P20,0,
6Ky143,0,
uv1541,0,
46o3wj,0,
5T6P87,0,
c11H48,0,
Mo6Ipo,0,
7RP1u0,0,
sA86hR,0,
1Uk426,0,
J7a1y6,0,
Q7hC0Y,0,
eVGpC2,0,
1m3S1w,0,
4086Gn,0,
nec3fm,0,
j56304,0,
8k712a,0,
3j03HK,0,
G2bFJS,0,
1Uivd0,0,
0NBvdK,0,
VF66nr,0,
UvT66G,0,
1s2m3b,0,
Cyf2a5,0,
OC0rnR,0,
0W54YH,0,
mLbR14,0,
7qxn4x,0,
813Xh0,0,
2ndBMq,0,
xg5t3l,0,
03048A,0,
0472Uw,0,
a7JEDR,0,
I1S31u,0,
7k32U7,0,
EO5jW2,0,
S87JR1,0,
y188Qo,0,
43nHOk,0,
4358pq,0,
6k3ool,0,
0B0liX,0,
5K87Fd,0,
5BmoC0,0,
pG6862,0,
Y6N4QD,0,
5P475X,0,
T36BP0,0,
34y4fq,0,
W7V3cx,0,
7647S1,0,
W84tjo,0,
S5lNrt,0,
6J2MpQ,0,
4Jw615,0,
wh6XTN,0,
6E5y66,0,
d2158d,0,
Tn0861,0,
qQHQ38,0,
A3462A,0,
xTp30Q,0,
1O763S,0,
501v0V,0,
EeRhVV,0,
74v3j7,0,
TbN8Y7,0,
R034S0,0,
34WFV7,0,
k548f1,0,
75kw7b,0,
4XNoV1,0,
kX45CW,0,
BCQ775,0,
xs4v37,0,
oDEKi0,0,
68W50c,0,
867855,0,
2XNQ72,0,
854IEQ,0,
T51o8g,0,
r8Ft10,0,
8OoV78,0,
C62FX6,0,
pD165G,0,
3U7DF6,0,
w3W3vm,0,
8Llgky,0,
Dshk41,0,
426R54,0,
sC21tN,0,
8R3wp2,0,
G1E136,0,
77YS6y,0,
7ch66o,0,
44P005,0,
65ck47,0,
r07008,0,
774786,0,
VDnUFY,0,
8PyQKO,0,
P5X377,0,
628i2W,0,
0pGal8,0,
Fnd317,0,
C076n3,0,
Kq56F2,0,
YT51cl,0,
058joM,0,
0B3Ec4,0,
FR2f6a,0,
xN0Ncu,0,
IAL1R1,0,
5w10b2,0,
cniPI7,0,
6Y7aX0,0,
74l730,0,
sAq61L,0,
i3362a,0,
522lYf,0,
1g541W,0,
1U6tO8,0,
1084k0,0,
6X145X,0,
06TXYN,0,
U5kv47,0,
qUn3e2,0,
Oy53Sa,0,
3lp6QQ,0,
63o2FI,0,
v52e56,0,
L0X8N5,0,
03B7uL,0,
P07723,0,
8WM3d2,0,
X41r71,0,
66MEC6,0,
O3C78v,0,
3oG125,0,
62150P,0,
xMJ0aa,0,
83331r,0,
pQ7c85,0,
0x580H,0,
bn354N,0,
8o2003,0,
74y3c1,0,
6hP1qE,0,
N82y56,0,
BM876Y,0,
7c68o7,0,
O3i6e6,0,
uw8677,0,
0XY862,0,
H0oa71,0,
6yJ752,0,
i4345R,0,
40Yo6C,0,
O6k5S2,0,
U61RYf,0,
3hR0w4,0,
xxQDh4,0,
g4SX5L,0,
Ddd3fb,0,
l43IY0,0,
Nww0u4,0,
0u1058,0,
6ex0xJ,0,
NG3BNp,0,
e85jqC,0,
c4Lbe1,0,
PQB3C5,0,
D7006L,0,
67504e,0,
2CIc63,0,
R6Xx23,0,
pfAVE2,0,
XG7cN1,0,
74KRto,0,
iy37P4,0,
ohbl05,0,
5yH14p,0,
gk78W7,0,
1Wyr80,0,
0JV6W8,0,
g5w3kg,0,
j528n1,0,
4xo0iL,0,
0gVJss,0,
3e02R7,0,
068SQh,0,
cP23kf,0,
YW866X,0,
64l5FO,0,
2UVcQ0,0,
t7uJ0Y,0,
QW6736,0,
32NgI6,0,
74530Q,0,
32R5a5,0,
dvJ78e,0,
28166c,0,
prR8P4,0,
nq0v00,0,
33YKLO,0,
ec7668,0,
8qNvf7,0,
8066pX,0,
467206,0,
3r482Q,0,
70L0TS,0,
re2207,0,
7p8Kp4,0,
02pPlY,0,
7u20y3,0,
X8Bi4M,0,
D834cU,0,
0TB068,0,
418SkB,0,
Yd2E24,0,
746O84,0,
4fMM5D,0,
WDsL44,0,
265G50,0,
82H580,0,
61qO0r,0,
sJo520,0,
3oBD3g,0,
0k6782,0,
Ds6r7K,0,
3adq6P,0,
7eQph3,0,
4QjVM3,0,
p5i1c3,0,
4sW0w5,0,
5a38L0,0,
m2CtAT,0,
q5780O,0,
ARBbcu,0,
5eV165,0,
03fA16,0,
3wb106,0,
5Mo58K,0,
35E84F,0,
YB6i0l,0,
il32pl,0,
G1duN2,0,
25t1k7,0,
Ew1277,0,
355725,0,
u7U0ca,0,
3364e7,0,
IWR680,0,
7u184O,0,
C24C3B,0,
q0a8qv,0,
n7f6RE,0,
Hllj15,0,
msrO6V,0,
i1qX1n,0,
31470j,0,
E53tRl,0,
5x7b45,0,
3576gn,0,
F40c58,0,
E00667,0,
iLx12u,0,
5P4738,0,
2Q88m6,0,
GD1uA3,0,
lMR32y,0,
wI7Xu1,0,
y80ceq,0,
pwFFS2,0,
k3681C,0,
471qHO,0,
J3p2v2,0,
l61Mmb,0,
LW63tm,0,
1AJ3MK,0,
fT4MH2,0,
CQJcq6,0,
XH1lT0,0,
8ttc34,0,
O3j1nE,0,
41As7u,0,
hlA07K,0,
44102l,0,
Xjwkrj,0,
66M537,0,
0s2o48,0,
416SUN,0,
Q5G842,0,
fEMDg7,0,
027baU,0,
14v58U,0,
4364xq,0,
tO618P,0,
56x4Y0,0,
s3v8C4,0,
K323fb,0,
B0vF28,0,
DPv1ke,0,
q80NT6,0,
8g75QN,0,
cs6g35,0,
j06284,0,
6lVMx3,0,
Oj5UX4,0,
05Qwx3,0,
r1y562,0,
1Qb4Td,0,
V8hQo8,0,
V844U6,0,
Bn3N28,0,
s0n576,0,
c11T26,0,
78PYcK,0,
0Od5QG,0,
X56104,0,
1uHP4J,0,
4W4lf6,0,
2g5D2k,0,
663T3O,0,
M4g1w4,0,
846jH4,0,
7j48W2,0,
yXyUlf,0,
j7V65C,0,
ti32Dg,0,
17584y,0,
7jy6xd,0,
iJrh55,0,
4n5184,0,
748V02,0,
PtuNKX,0,
y0h0N7,0,
617IJT,0,
1ppL24,0,
kA6U4E,0,
0Eo30D,0,
A8q302,0,
83lG47,0,
eh5LQ6,0,
6Fm656,0,
25A5kE,0,
q4N48e,0,
J4n3b1,0,
5KA25m,0,
aG5T5o,0,
v8gus7,0,
56kmQ7,0,
RPF584,0,
E6S221,0,
r23aB1,0,
g737r5,0,
8e43i4,0,
310et8,0,
f7A3B4,0,
5d8L0H,0,
O06Es5,0,
T57333,0,
K7182q,0,
16kie1,0,
610nFr,0,
7Q4Wq8,0,
dv180I,0,
w0F163,0,
76y05X,0,
XJbT0X,0,
jKpb3V,0,
5AJ7cJ,0,
SO46U6,0,
8Nu5LB,0,
1la7B8,0,
32LLGr,0,
0l655g,0,
Wc21F2,0,
JHgL8E,0,
wSv544,0,
6P4t4r,0,
7wD03i,0,
5ik58u,0,
X46b6S,0,
m85lR8,0,
XCnn2h,0,
5JV5C8,0,
6Nw117,0,
a5GHwp,0,
78244m,0,
Jvr607,0,
25u368,0,
432vHu,0,
367M42,0,
11dvxI,0,
Tn8DB6,0,
B5wqPP,0,
JY127s,0,
n7O86T,0,
3Hd804,0,
1M0Hk4,0,
3PJT8N,0,
85R187,0,
ffW076,0,
Vljnhv,0,
G7531U,0,
x46vL5,0,
Uxe0f7,0,
O75VjK,0,
x21juo,0,
71o7EU,0,
rKmUC7,0,
oH8R46,0,
gd62a0,0,
y4UG71,0,
2JwYY4,0,
u7W3Fs,0,
W3GsAt,0,
vH354F,0,
Ca3i3y,0,
K1Wd0g,0,
7duaVv,0,
0be4rs,0,
f1k0bG,0,
k5q11h,0,
236886,0,
2572Hh,0,
nnNo41,0,
IJ1f48,0,
J8k023,0,
f8Q3s1,0,
X47cl3,0,
8f07c6,0,
k6f8k4,0,
0ebT02,0,
340UKS,0,
140o8x,0,
h087I2,0,
5G621v,0,
76rp63,0,
5755Rc,0,
h2Kll1,0,
bSA6U6,0,
260Cw2,0,
2E0xl4,0,
G5HGh5,0,
3D843p,0,
S106aM,0,
VI844F,0,
KM4ELk,0,
B211Xr,0,
558o4M,0,
2j05Eh,0,
5Y3QSn,0,
lu4A51,0,
0i1T87,0,
082120,0,
72Jt65,0,
baF04K,0,
j5Ju61,0,
l3QUVW,0,
301865,0,
8Fq235,0,
8kfS43,0,
726c60,0,
604L82,0,
Kk166r,0,
5512ok,0,
514DAT,0,
XS7k58,0,
6Y3J47,0,
XO2I5g,0,
P44r28,0,
x64sdf,0,
5Sd113,0,
EsOD5A,0,
lX8Yv6,0,
d8v4R2,0,
708u0H,0,
C06IT5,0,
aDlXpy,0,
O3C03W,0,
23uMN4,0,
Yalj0B,0,
G1064D,0,
041c1O,0,
4273nh,0,
fWu1qU,0,
e52tN5,0,
m24M75,0,
00d32w,0,
8J5OE1,0,
q1m1te,0,
6F61Q5,0,
4T21tH,0,
3738j0,0,
8116jI,0,
24onoA,0,
04e774,0,
S64h6i,0,
S13X5O,0,
EwW235,0,
Va4tY1,0,
811w86,0,
yxJi4g,0,
Ow705a,0,
VvH741,0,
8xL3L1,0,
a2751K,0,
22508y,0,
466S3N,0,
35yy55,0,
YxSv86,0,
10J440,0,
1O0W21,0,
1yHeY8,0,
3K762n,0,
v318mK,0,
4487s1,0,
5385u1,0,
vg8575,0,
7U28t1,0,
1R68J7,0,
xldh48,0,
4Dvs68,0,
E20qkI,0,
78CS1n,0,
FBSoEi,,0
D11b60,0,
1BH243,0,
I05035,0,
775042,0,
2jy738,0,
7o764c,0,
I64P8J,0,
UlR4o3,0,
7IM62L,0,
vV6I4c,0,
05B75n,0,
KjCqX6,0,
l768EC,0,
216wP8,0,
tly5ec,0,
613u21,0,
o08gA2,0,
kW7MYq,0,
I46rp7,0,
T8361h,0,
0O7N1c,0,
x6V2ei,0,
2nKW2O,0,
7FcRg5,0,
5CTRw4,0,
14Ic07,0,
N4v8x7,0,
2n60OB,0,
4g421J,0,
pD73f4,0,
6i153d,0,
FLd4Dv,0,
45x25r,0,
r2UDWW,0,
07L387,0,
se1so7,0,
68EI64,0,
80G0pX,0,
64J71X,0,
287f32,0,
a50C72,0,
dQUuh7,0,
65EreD,0,
rO06l7,0,
822371,0,
Dg1t54,0,
6lt68t,0,
HYNl7S,0,
8yfC6L,0,
ueT1J6,0,
ge32H6,0,
12W7H7,0,
647866,0,
jG400Q,0,
277f32,0,
Eqv128,0,
5p3630,0,
ABD0is,0,
740I54,0,
L1bcwF,0,
x4oLV6,0,
fr84xf,0,
K1r1Q1,0,
Uc3813,0,
kd85Vx,0,
N04X7e,0,
K2n1fP,0,
Y6a6m4,0,
Xv12YM,0,
13jkH1,0,
O6S67i,0,
BALS75,0,
V60G3A,0,
413488,0,
05po2j,0,
25fds8,0,
H07iF0,0,
L6j1Kg,0,
t10UX2,0,
3185iF,0,
35f6b6,0,
X2M5sy,0,
1wsU6I,0,
6HmPa5,0,
62VL35,0,
8qaR8j,0,
02G6qQ,0,
p8gEgG,0,
2uFyoH,0,
1ddg53,0,
XdT12f,0,
m13S7i,0,
T412f1,0,
7y1k2d,0,
D4bi2y,0,
pu1TR4,0,
ERi3u5,0,
1Tr1F2,0,
ic31O6,0,
3Gm1C2,0,
62hoRr,0,
X08424,0,
23Ac8P,0,
fI0yX3,0,
j3Gw38,0,
05j68d,0,
nY84Rd,0,
xI1G71,0,
X7G155,0,
K2u031,0,
53D3Qh,0,
jK1438,0,
5m0808,0,
A5UV47,0,
jl8801,0,
3eO5Fp,0,
CFGft0,0,
7TBfq6,0,
k1g434,0,
iJ18lJ,0,
0SAaNJ,0,
VL0j17,0,
16mcuN,0,
RG626R,0,
lL45a4,0,
p388h2,0,
QR8dSp,0,
404301,0,
021dl2,0,
CUmu85,0,
7Y1UJ4,0,
13v83R,0,
g6F507,0,
VE3pCc,0,
K47K83,0,
6n127H,0,
Tnqo58,0,
5B7i2G,0,
U52Qm5,0,
P8HN40,0,
ctfG3v,0,
5547w0,0,
5M2V7w,0,
E6QW8B,0,
6XGUu8,0,
683Tlk,0,
8Yr1IN,0,
7n50R6,0,
n4657p,0,
8UHFMJ,0,
XW3v4Y,0,
rh6J08,0,
3N8nQK,0,
MPt850,0,
mvT565,0,
8tLUVi,0,
720Ov0,0,
177172,0,
K2ucA8,0,
FW406P,0,
k68Bk8,0,
p2l687,0,
fc8o1T,0,
5173ud,0,
317310,0,
0ja281,0,
48x86R,0,
m7rEep,0,
8W2Uu0,0,
2fo3Q7,0,
oM7V31,0,
1IYs67,0,
be240n,0,
iew4aW,0,
EL1w60,0,
l1PYd5,0,
410r66,0,
5465r7,0,
d46i14,0,
k4c25U,0,
64C237,0,
P4RQ75,0,
Qj28S1,0,
282370,0,
I14ffe,0,
tB3j25,0,
fYFGo8,0,
PV64ar,0,
gj4124,0,
5vPBYh,0,
HG5h53,0,
2p6220,0,
TL8q4l,0,
8ELLK1,0,
1mCsV5,0,
415C3H,0,
ib6jhT,0,
Dp2GF3,0,
3YfIag,0,
KX8Y74,0,
7A15AG,0,
J0ts7R,0,
TKA175,0,
u08e3B,0,
YT48d0,0,
038c7Y,0,
E0y346,0,
GDyvRi,0,
O5J577,0,
Ra1x86,0,
06i888,0,
o0i10U,0,
VT2n16,0,
2V87qF,0,
V25457,0,
QHq3lK,0,
R23lSf,0,
e4I322,0,
62Vq0o,0,
460O3u,0,
16J4KU,0,
2031N8,0,
71E1DG,0,
UYaet6,0,
44b57D,0,
2814B5,0,
H61s3T,0,
825Ns3,0,
rp0GEK,0,
IvG1Y5,0,
0Nmk68,0,
f02HI8,0,
YSC7Y1,0,
oCR7mo,0,
Kmn3f8,0,
P70uF2,0,
1a0U70,0,
O31Q32,0,
5xf886,0,
80I0Y5,0,
pYRHPY,0,
535K78,0,
tW110p,0,
BLJ5pb,0,
4qa142,0,
5s8H7o,0,
373Ah1,0,
glDW77,0,
dTY6g7,0,
v4i873,0,
8br50S,0,
4J7a2P,0,
BS3W4q,0,
40H331,0,
J5G5ld,0,
7Q3H82,0,
w5n0o0,0,
r1hG0J,0,
44t4f2,0,
i228Gb,0,
55n0Sd,0,
Q1Ys1x,0,
Sg31NM,0,
E63qD7,0,
201670,0,
i06ghX,0,
qbAM3F,0,
Otq2Yf,0,
68Hnd2,0,
4q378G,0,
t1Eu8s,0,
3V6H8m,0,
QBv1Ka,0,
Hdy1j6,0,
5uNya5,0,
q48258,0,
d57qm7,0,
7bIX5Y,0,
11oRme,0,
04E87B,0,
j13H02,0,
04E5b7,0,
D400SX,0,
1b5GQF,0,
88epG3,0,
4he80O,0,
33807u,0,
5SHn1V,0,
1oia0y,0,
jBEb04,0,
775xVJ,0,
4LH1hN,0,
7d86W8,0,
0t4I2d,0,
6Um5Tg,0,
caJ8QP,0,
f22u0D,0,
j126M7,0,
v834jd,0,
T6cK5O,0,
7dg3R5,0,
gqS246,0,
0qd5Vx,0,
763d71,0,
65717p,0,
0iFWhM,0,
BimR40,0,
SY62K8,0,
s24t12,0,
Yf0QU4,0,
Gx877a,0,
c2NSWm,0,
U6JP5q,0,
5ae64O,0,
b7Eb6F,0,
466o7m,0,
Q25WR2,0,
1bM0MJ,0,
PU08o5,0,
2dK286,0,
3V4m75,0,
8rJ882,0,
d0128v,0,
0T1a66,0,
d1CD8b,0,
3t37Wo,0,
0bAFTa,0,
Dx2O2v,0,
2O65pd,0,
Xi3t1U,0,
6L2hO5,0,
7006Lc,0,
3nsYOK,0,
1qDX66,0,
6o8076,0,
uC0q0t,0,
MhdB12,0,
iw8wL3,0,
Hm1f63,0,
151g32,0,
85QO35,0,
0Y54OO,0,
a0q535,0,
6H41Ag,0,
U8NQ88,0,
S14000,0,
tw5q86,0,
3K5wf7,0,
GnW4D3,0,
370SSO,0,
Bo3253,0,
o20t7b,0,
34eU21,0,
V755Jk,0,
ypCs4A,0,
I14017,0,
4g43f0,0,
osAX2m,0,
L62WsW,0,
15I734,0,
0704aL,0,
v4PT7E,0,
U85eob,0,
6O207u,0,
7U3j55,0,
A8bCFO,0,
8W18n0,0,
aA0y33,0,
mFP26b,0,
22Sh03,0,
r4l1Vw,0,
Ehi4UM,0,
K5Hk15,0,
Lm7VU0,0,
j0X3Fg,0,
n64FO5,0,
43E5m6,0,
21K3d5,0,
6kj0cx,0,
il7bN8,0,
47LD71,0,
e4tQ1M,0,
8dwwRq,0,
O8q7q3,0,
c84i1V,0,
1la6yD,0,
871b5u,0,
250R12,0,
s2do17,0,
V7IuDf,0,
sLD123,0,
6QwYr7,0,
R83sCj,0,
28AwK2,0,
0454Hr,0,
n5VxMC,0,
8cBA0n,0,
3DkFwF,0,
748qK2,0,
dJ6v56,0,
7RgL44,0,
j7U387,0,
N4484i,0,
iv3V6t,0,
55Wr2d,0,
oGEEdC,0,
p00S63,0,
757k16,0,
bJQ804,0,
882UG1,0,
3pd7u0,0,
066o57,0,
33N0Lg,0,
cSu0uk,0,
212onp,0,
r1C3D2,0,
41shjL,0,
teg45U,0,
gjuM4k,0,
86L2pW,0,
82CH27,0,
760k7T,0,
6sF60O,0,
AG0K1c,0,
75ha6V,0,
5C5GcA,0,
j67DD2,0,
G28i6E,0,
178232,0,
B21f10,0,
Ce3O21,0,
058EVs,0,
53xMkp,0,
4x63rk,0,
2bi5g2,0,
caOQ0R,0,
2S7CE4,0,
l817RX,0,
4c4xVW,0,
6m55GF,0,
o60USM,0,
giDDmT,0,
NA1326,0,
h2HAi0,0,
sx4R8i,0,
h8Ca4t,0,
hk4uW5,0,
1AlQb6,0,
3fp32K,0,
VP6Y72,0,
28H5GF,0,
76kF45,0,
B6U4nl,0,
282d4G,0,
Wrx846,0,
we1yiI,0,
4WBq22,0,
41T67h,0,
3146m3,0,
8h7015,0,
55rPAe,0,
323wwv,0,
6mbk2f,0,
o87C1p,0,
uR3p4m,0,
5y1q8u,0,
Xe2P4m,0,
74C0QU,0,
804D6e,0,
vLh1MR,0,
5x1p52,0,
7yir26,0,
krL313,0,
w8a71y,0,
l6dpk5,0,
l3u0JP,0,
uh8rm7,0,
0j85Xm,0,
nT8715,0,
27GYei,0,
R7MY1j,0,
7pw6M0,0,
251470,0,
JAY3Tp,0,
t2mRc4,0,
Eyul80,0,
F70b43,0,
S00n6p,0,
gi4167,0,
062F28,0,
88mYgP,0,
3qdBPu,0,
q6a037,0,
nkJsAs,0,
Tw23DV,0,
01x741,0,
UckXAa,0,
6y07s5,0,
71HE8c,0,
0WbHQM,0,
qr3a1P,0,
RE4o62,0,
Jyq3G7,0,
3Nc7Qn,0,
K4gT58,0,
K6d3w4,0,
80q210,0,
108IJH,0,
888Mi7,0,
e40686,0,
8aw2m6,0,
pibu00,0,
Y18U84,0,
1k250P,0,
l4xU6g,0,
733n83,0,
MXFQ35,0,
S01212,0,
Cnt3Bn,0,
3eDul0,0,
78d042,0,
3lQe7b,0,
G68811,0,
2570na,0,
3Qgivk,0,
2Dh1ah,0,
4uV1w7,0,
lT6558,0,
55C236,0,
1gb2n0,0,
DwwyQ6,0,
548Eu4,0,
N0CcfL,0,
XkB5EM,0,
s0T7tF,0,
1162vE,0,
Qh12DH,0,
5hIb6F,0,
3a4778,0,
086027,0,
MA55T0,0,
B3h16l,0,
e5403f,0,
55v6MO,0,
jT7Id0,0,
ID7lEN,0,
8KuA2r,0,
uwCf4s,0,
8I0X8m,0,
5402xh,0,
64D116,0,
m0I8H8,0,
870Ed4,0,
x15P73,0,
adv70O,0,
5163B1,0,
058s7o,0,
68BJ8k,0,
75856v,0,
o544P5,0,
0OG5F1,0,
75ae17,0,
5qFeFi,0,
8Fbr73,0,
jX2N7s,0,
ar4Q8l,0,
P7A322,0,
6E1fUm,0,
6V7IG1,0,
n3ok76,0,
61x7Uq,0,
T8uu18,0,
12k4dR,0,
FRD7Yp,0,
JV4j41,0,
kB7K6J,0,
6E754S,0,
Ni7233,0,
TL1lH8,0,
O25gSm,0,
0s7ad8,0,
267M2B,0,
O43Ht4,0,
0b6022,0,
LHI2h2,0,
j77uG4,0,
40300P,0,
TKK684,0,
GyBS84,0,
v0XREB,0,
OFmxF7,0,
1s1I04,0,
26VF3V,0,
8o1R70,0,
6W8480,0,
786k0s,0,
887j52,0,
P2Wosu,0,
p1333d,0,
Uq7X5A,0,
x54E56,0,
b7K1ws,0,
xP20Gf,0,
Ys0143,0,
0m1B1P,0,
71nAp3,0,
ifM0S5,0,
Msc8R0,0,
82d641,0,
8p1H5Y,0,
1l5mRT,0,
HPMT5Q,0,
7j7b3T,0,
y0wp4P,0,
show7n,0,
N85663,0,
Ph8I8F,0,
l54j8S,0,
7Yb254,0,
Yo6N33,0,
75nd78,0,
DxEE33,0,
Unj310,0,
FW1010,0,
J0247y,0,
k7g230,0,
4nV20m,0,
Mq5P6R,0,
31M4H6,0,
732444,0,
o3i650,0,
q4176q,0,
bp46T1,0,
4jITRS,0,
Q5562v,0,
4jG166,0,
LX0rYJ,0,
v3122D,0,
pCED51,0,
31F3T5,0,
83x143,0,
h44CAA,0,
s41711,0,
25s226,0,
0tf48x,0,
800ofT,0,
V0U7xb,0,
eG4JBp,0,
71851B,0,
47o1R6,0,
Hy5SY6,0,
68c8Nk,0,
eb3b15,0,
sJ51Du,0,
PoqXgq,0,
8BB6Y2,0,
752c84,0,
m10T28,0,
87452L,0,
72Qfbr,0,
h384V5,0,
l4WOF3,0,
62i2we,0,
F2d500,0,
4X2S82,0,
XVR7uL,0,
1e74A4,0,
NjRm34,0,
Q30s1g,0,
DVO7I1,0,
15w4Tn,0,
NwL64e,0,
2r5sBy,0,
wKA6K2,0,
NtVkLn,0,
bAF3KJ,0,
c82bn4,0,
4r7557,0,
8q1Ynf,0,
33L731,0,
pEOP11,0,
2m37aV,0,
7283py,0,
PbSCf4,0,
h1R0qW,0,
wU1804,0,
1c53o7,0,
22j0c4,0,
KIC17Q,0,
374701,0,
61msh2,0,
Qk551k,0,
6G5tw8,0,
7BX4M8,0,
1724aC,0,
jXH2p5,0,
l5EQ48,0,
2l3v70,0,
7W55Rh,0,
cuK845,0,
20NrJP,0,
3LM2iF,0,
xQ0BF4,0,
2inqo5,0,
111E55,0,
1TQyyI,0,
1jns50,0,
d6b455,0,
DQ24va,0,
DhfL3R,0,
3I1Gos,0,
M64O8G,0,
54o0us,0,
660682,0,
66x7y5,0,
40e6Jj,0,
2gdh7l,0,
VKjyJ4,0,
WT7I52,0,
8N8EjY,0,
aV4e82,0,
3rJ3cx,0,
fNj11t,0,
4O1QoG,0,
R1WLo0,0,
fW0735,0,
T36ywO,0,
TVSo53,0,
6L5V5b,0,
4sn48M,0,
B8tuaR,0,
445k2I,0,
85Yj1C,0,
ei1602,0,
8Ie065,0,
AFwgNP,0,
8C53v1,0,
H7V306,0,
0hD8Q1,0,
mdIl24,0,
iP3f1j,0,
336UB3,0,
3X6O5F,0,
5N3k8E,0,
mw1342,0,
UJ7vo7,0,
P68sqr,0,
gwypKL,0,
KLF7GH,0,
qftJ7g,0,
T32682,0,
U417d8,0,
To8f15,0,
m0UU3e,0,
pAMPKw,0,
031V04,0,
EHUNUA,0,
50G3n5,0,
E2B753,0,
roK700,0,
5AW2AH,0,
f30KQ7,0,
33XP8b,0,
G5C56p,0,
3l5L3S,0,
rxtC1O,0,
d8g743,0,
16KA3n,0,
4fFJg3,0,
80otD7,0,
286252,0,
7Jm1JP,0,
I0Y1rC,0,
S1u00P,0,
a46qji,0,
65m1j4,0,
h6KJdG,0,
i8POVY,0,
5p74h7,0,
67ky2D,0,
L5TFV8,0,
02P252,0,
F8J2ss,0,
2IR6x5,0,
53i87k,0,
Av63q4,0,
78nf2s,0,
U1i06c,0,
AUdoa4,0,
81573h,0,
6LuYmK,0,
6VM4A3,0,
7t30N4,0,
g38Fc4,0,
86FJyc,0,
gdk15A,0,
f75ES2,0,
M488OW,0,
T656b0,0,
6y1a4E,0,
hdRfRe,0,
18FB0h,0,
xgxjY3,0,
575T4r,0,
3cl81d,0,
B2108E,0,
v08452,0,
74q1Mt,0,
4V4U06,0,
6ef880,0,
SWl567,0,
178aJS,0,
826Bud,0,
607X0L,0,
S4A4S4,0,
2RU42S,0,
skq30S,0,
6joP33,0,
825r31,0,
P874co,0,
1m7b47,0,
Ql6q77,0,
U0g58l,0,
685e16,0,
U01j20,0,
w10547,0,
036L8s,0,
5iqfhJ,0,
4KRgc4,0,
8te8qU,0,
2467I0,0,
20e62r,0,
IA05J7,0,
NpieBQ,0,
7O3wv5,0,
T64RIJ,0,
6kR4ow,0,
gmU2fl,0,
34hU1v,0,
I1K318,0,
J8Vq74,0,
8FlLQ7,0,
3qyMMd,0,
q4JU72,0,
21014j,0,
J70613,0,
2wN2fM,0,
Q0nT7C,0,
1Vjj58,0,
e1XAd0,0,
B2S463,0,
Pn8jaU,0,
n5mknO,0,
60jm41,0,
6RIltu,0,
P5x1a1,0,
5XVD15,0,
8R70E2,0,
0k5Rt8,0,
ix3y7o,0,
hoeMMS,0,
f48o11,0,
Q41Grk,0,
B7572j,0,
00D26L,0,
1KeEpL,0,
RCV34r,0,
WTa825,0,
565Y2b,0,
6jU6rb,0,
tq286r,0,
f72BK7,0,
6VUTf8,0,
Cny046,0,
6d044H,0,
6mVBYC,0,
3Fm0uO,0,
5M862j,0,
u623mu,0,
862RkG,0,
yT0v8S,0,
5h2648,0,
53iWU0,0,
WIle50,0,
74P8SD,0,
k2eMV6,0,
wNm6gf,0,
oA11H6,0,
513s0G,0,
6kH8l0,0,
mR528O,0,
DQ28Sl,0,
N7g4r7,0,
7f5253,0,
RYR73r,0,
84v045,0,
C30870,0,
UD8M0g,0,
156f28,0,
yK767W,0,
2P2F36,0,
PFhle6,0,
5653ye,0,
R3hnoC,0,
5T1C6u,0,
J1r4uA,0,
m3a275,0,
22ifd3,0,
ilF88f,0,
081V8t,0,
3sNq10,0,
40O0CB,0,
8w400E,0,
l3c152,1,
p1cH30,1,
E608X6,1,
D1T6e5,1,
dIF760,1,
4bR2f5,1,
650JqV,1,
JHq3Oh,1,
X60DJm,1,
BE2X8J,1,
0qXt3M,1,
u04kTG,1,
54ug04,1,
R75c4a,1,
13SDsw,1,
4V6faS,1,
713N87,1,
787O5u,1,
FCg2g7,1,
41pLBJ,1,
mp8I06,1,
J58iS7,1,
75qh3f,1,
n1C88L,1,
0yU4JT,1,
aj0247,1,
c5m1q5,1,
e4m12Y,1,
RxQ8mO,1,
03VfDG,1,
BnRw2i,1,
72tFVK,1,
3l6qfk,1,
34Q6ID,1,
E7W2I7,1,
rO6h25,1,
B5383I,1,
DQ0F22,1,
5C5Sh2,1,
B0J06R,1,
0uV12i,1,
07JNxm,1,
6j0psG,1,
73H066,1,
H4nFU1,1,
g42VkF,1,
s4N34K,1,
52s0N4,1,
1264Y7,1,
v25275,1,
8b1P05,1,
LI7xu2,1,
34qWrT,1,
F8S3P6,1,
3Lm7C8,1,
77Rv3Y,1,
L6B5n6,1,
37xPiN,1,
y24FFK,1,
T3v450,1,
28rL80,1,
7N23I8,1,
85wS5S,1,
3NV1us,1,
k6fceQ,1,
2417g6,1,
mv4a44,1,
R82eQo,1,
5s57Go,1,
00cYj4,1,
t5205i,1,
2x784U,1,
v1rN4a,1,
78066b,1,
uM03r4,1,
H6m6GE,1,
38x3oP,1,
26454r,1,
0552J2,1,
42N206,1,
A1784A,1,
0H1o6v,1,
300571,1,
sYVJ42,1,
m10BX3,1,
XPlL7K,1,
0j0Jp8,1,
4E4848,1,
3428db,1,
4yW8KK,1,
j6USy1,1,
5i125H,1,
5d5363,1,
SBl8V0,1,
p7JS07,1,
0404J0,1,
m1Smcv,1,
nMgS1d,1,
qFmkpH,1,
1PRLP7,1,
2pr088,1,
74pMSY,1,
n2VQ87,1,
1R0176,1,
7gV7K0,1,
Q0YWY8,1,
810px2,1,
47GGM8,1,
63xQ0o,1,
74xT4c,1,
55584T,1,
F1m530,1,
Ebp7IV,1,
e1p521,1,
Mo76bV,1,
2425kC,1,
763v7h,1,
cw38GA,1,
FBxbW3,1,
0iY54G,1,
53Sts1,1,
47K4E4,1,
M624I0,1,
I2k60k,1,
ey4323,1,
Y00Gq4,1,
jSa527,1,
7ov24g,1,
2nHY5a,1,
0S4FNd,1,
2572RC,1,
Pq244s,1,
Iy1V3g,1,
54038b,1,
01Mv4H,1,
n3738a,1,
077s86,1,
15kl36,1,
102CV3,1,
44S8kf,1,
c2sF6S,1,
606656,1,
2aY8Sn,1,
4075x1,1,
D5fJnh,1,
YlXw1v,1,
20xq7G,1,
C6yy52,1,
0I18T3,1,
C03436,1,
86VMT3,1,
I76378,1,
Bt68L0,1,
7f4hX7,1,
5JuY1H,1,
E8fc8t,1,
i6t5S3,1,
A1e52g,1,
f0056f,1,
YI24Ve,1,
5513j6,1,
ODSF2W,1,
7165M4,1,
587wsP,1,
005AL3,1,
T7O404,1,
38Bm62,1,
O3dqd4,1,
WoK13t,1,
722V65,1,
OK603m,1,
N553EI,1,
p4te7c,1,
832s61,1,
p28JCj,1,
48O6Wc,1,
lb88d6,1,
SR0H7L,1,
2MnBY1,1,
F3d2hV,1,
22QOT3,1,
600SGw,1,
55sr36,1,
1nbJhE,1,
88R2s8,1,
J3e5wD,1,
5feH4v,1,
0Mq84o,1,
N6VgXs,1,
nv46C0,1,
tXJFm3,1,
Cfl6f8,1,
p0p7bV,1,
Dw2J5g,1,
1075V5,1,
g7PHk0,1,
HE3wJ4,1,
31K85S,1,
8p03Lk,1,
0Y883v,1,
xD4185,1,
76EQ72,1,
7dje7t,1,
8kL815,1,
sp7t1y,1,
Q4Tx33,1,
44Fj8k,1,
0vgU03,1,
j8di6m,1,
7Gd0af,1,
f6D2J2,1,
2h1710,1,
2F7Y25,1,
AD8458,1,
p7Qpfb,1,
cI76DM,1,
4l0b7h,1,
7750Hm,1,
t3t3m5,1,
l1cV2v,1,
u83r6q,1,
IM74Y8,1,
iXSx8B,1,
35u433,1,
B33073,1,
54481b,1,
PR2iAv,1,
31hn16,1,
JJFW07,1,
88Lt18,1,
f50P5Y,1,
88d5nh,1,
2l8D4s,1,
Tv68Pg,1,
771K8T,1,
3lUO75,1,
uIn2Km,1,
16543N,1,
h624g0,1,
5VD4Jr,1,
yB1FGF,1,
f2e3f6,1,
0sS36v,1,
viV27F,1,
2c03TO,1,
4i4Jp0,1,
d1Qaj4,1,
64Gf8u,1,
63UR4B,1,
PKx0Wd,1,
317W75,1,
8q131n,1,
08P206,1,
1y0v3E,1,
l2280d,1,
33Ot67,1,
5Gi875,1,
f46hdn,1,
h8651N,1,
0p36Ly,1,
EOj60d,1,
621N2M,1,
o877s4,1,
2n26eI,1,
SfHo33,1,
8nO545,1,
yDJQLr,1,
kQiy7r,1,
Aa2B18,1,
851B78,1,
f3W3wx,1,
ip0n4C,1,
47QNp8,1,
42v83W,1,
pnh3xh,1,
x7sil5,1,
eO2066,1,
SrU26C,1,
F8Tkm5,1,
QflUJV,1,
2k36W2,1,
0lDIPX,1,
06bI63,1,
20ri8p,1,
wVqV3d,1,
4vKJ82,1,
3ph750,1,
6XHbbd,1,
87j6Ri,1,
DiNY3C,1,
bB0271,1,
0ciqG3,1,
Y4VRu7,1,
F0Vq4W,1,
761P87,1,
4r44u7,1,
7i7hr3,1,
D870R0,1,
C7S18t,1,
3622w5,1,
704a4e,1,
00n83e,1,
33EK2F,1,
2i43G1,1,
7uy8lx,1,
u40T2p,1,
v6402U,1,
CKMs65,1,
73n36T,1,
eWpfr7,1,
T46tB7,1,
iW6Tl2,1,
4tTSxH,1,
cnFcu1,1,
3w517X,1,
8PQ8ID,1,
l0421G,1,
vb576I,1,
W5OJDa,1,
xJ3Poq,1,
3YIEg3,1,
ib38OT,1,
a83eqY,1,
H6U61U,1,
7En74H,1,
nTm850,1,
AoB312,1,
J072y2,1,
E720Y6,1,
W12168,1,
0c2X83,1,
LDl6W0,1,
M1g256,1,
PG0h46,1,
X570S7,1,
bl1aR8,1,
5Yptnf,1,
344J0T,1,
HsrG6v,1,
4v8xlK,1,
E37g7w,1,
n63244,1,
62626a,1,
G5Y2F6,1,
Cs1581,1,
1b13E8,1,
4eQuTj,1,
kwVlAW,1,
e18k01,1,
v7HV0r,1,
7p1w0L,1,
4bs65l,1,
wT87bw,1,
25Iq3M,1,
6Q6Rev,1,
642eA6,1,
730lMt,1,
178o0E,1,
6VUr2A,1,
3EHUEg,1,
1I02pu,1,
13K114,1,
ut38gb,1,
560b37,1,
k86265,1,
41F5R3,2,
S82WE8,2,
b77457,2,
20hln2,2,
4PaRQ6,2,
YMnb5e,2,
3TR54a,2,
hfu2Ic,2,
aN154G,2,
77NXk0,2,
Tk7200,2,
0ei34R,2,
wpdybG,2,
G8V073,2,
u12A11,2,
2hc2A2,2,
T55X60,2,
65u5Tb,2,
p81g5b,2,
04Ru30,2,
0j7f17,2,
76J8f1,2,
V5SMP3,2,
DD5257,2,
mu446X,2,
20T1j3,2,
3750hf,2,
yU7v4l,2,
PgkT71,2,
6i30Tp,2,
074N3b,2,
p710U8,2,
Id6152,2,
3k04Xq,2,
505YTN,2,
K1oDfg,2,
1tLv56,2,
3A4D8C,2,
bCGbdK,2,
LYF84Q,2,
0A4Cys,2,
64058J,2,
M68X08,2,
P2U8N5,2,
QU645G,2,
rMQwmv,2,
83yi4v,2,
Cuw4x2,2,
67LMeX,2,
A4004q,2,
7o3WlN,2,
73Y774,2,
1860m0,2,
1c5M6u,2,
pw146p,2,
45342i,2,
7hlMn2,2,
01h7JM,2,
5066oE,2,
0U6EXs,2,
0pI7Lv,2,
E6C3m6,2,
f8QKcm,2,
UXU65d,2,
07454K,2,
w48B14,2,
tg004S,2,
wbgg64,2,
8m8o24,2,
CEnc6p,2,
i423Rb,2,
rS60Yb,2,
x677hs,2,
C3x60e,2,
40nNBY,2,
2i61CR,2,
J67861,2,
8R1bT1,2,
41w852,2,
5612FE,2,
RU2LD3,2,
01glXc,2,
G088Gu,2,
QFU00D,2,
TU3D6g,2,
RL0Ih0,2,
443EmI,2,
5yg10v,2,
3746c3,2,
kR078X,2,
CbkK15,2,
P37YPO,2,
s47pO6,2,
7ibb8B,2,
7tO4Kr,2,
2LYMDh,2,
7728LV,2,
3x7Ijj,2,
7Rrh2J,2,
5G1fLE,2,
4eNw0w,2,
6O73oW,2,
7rwkHx,2,
X8J443,2,
i48WqO,2,
HS866f,2,
1o741a,2,
xw5H71,2,
MMi6EQ,2,
Fc56P3,2,
18tqpj,2,
31i5SW,2,
To600v,2,
h151o2,2,
52XB2R,2,
7S54xV,2,
47W404,2,
Ihb540,2,
0T7O2X,2,
0312uW,2,
3l6nM5,2,
82aI4O,2,
N4v5l0,2,
W3KJ1i,2,
Sf2821,2,
o84x65,2,
L5AUX3,2,
V4SJec,2,
N57058,2,
1nS430,2,
a0xp0S,2,
6XY4jV,2,
34738T,2,
0t6023,2,
32XQ0b,2,
02t4G6,2,
E2DTGF,2,
72154U,2,
kBr306,2,
Fdewy6,2,
75mbty,2,
udGPRQ,2,
355lpW,2,
j0v282,2,
E62pXS,2,
0f71I5,2,
fNPE2E,2,
56hIeW,2,
65G14a,2,
010Iy3,2,
B238ln,2,
6MTHgT,2,
3QK44D,2,
qJnOt4,2,
7gxR08,2,
3J7J6C,2,
c5xQoh,2,
781aW2,2,
Uljn6m,2,
EE774n,2,
44C2Ac,2,
06mO84,2,
550n06,2,
4282O0,2,
K5188h,2,
81kBb6,2,
s2sQ20,2,
g68Ye1,2,
3iJ514,2,
6t6Vo4,3,
UQH74O,3,
m6n667,3,
1y25B6,3,
00HYVL,3,
1Swks6,3,
68CHO0,3,
6n6Gma,3,
hJmU01,3,
KiXE87,3,
466s6J,3,
1GR213,3,
Bu5lL2,3,
775QE0,3,
5875V0,3,
344260,3,
42b4oD,3,
a535y6,3,
573l4D,3,
8e7Kn5,3,
A8541X,3,
y1lqH6,3,
Gdkbh7,3,
2R84T4,3,
088Td3,3,
V20243,3,
M52nqp,3,
6N6586,3,
2gluuq,3,
v6RNb5,3,
e574U8,3,
847X7r,3,
JuUEv5,3,
13kc2p,3,
3L0d0X,3,
574v50,3,
H8P051,3,
DT4317,3,
b2bB31,3,
d5023E,3,
NU701E,3,
74Aal1,3,
552f18,3,
70AHYh,3,
8O20yg,3,
h173YO,3,
5Q5w5u,3,
1tnJ7k,3,
477w60,3,
67shi6,3,
JJypei,3,
0p8dlu,3,
BM20V5,3,
ernIk2,3,
nw3fKV,3,
yUd8vQ,3,
1h23vR,3,
83564B,3,
8JHE64,3,
4Rv5w0,3,
R05271,3,
5F76x5,3,
31806U,3,
2v7J63,3,
238UGi,3,
sM1tAp,3,
ulAk70,3,
23U1jk,3,
P32328,3,
k1Wx60,3,
e1agF7,3,
251Y5f,3,
811p64,3,
v10S18,3,
qO15q4,3,
j85B55,3,
N760ka,3,
oiAc40,3,
da3pVL,3,
I87omG,3,
Oun143,3,
j44KOo,3,
8F8854,3,
b4hr16,3,
P2hhTS,3,
GBWv11,3,
ue74u0,3,
II2L60,3,
7f578s,3,
70Wp6d,3,
3NS0gM,3,
1lMi72,3,
sKg208,3,
1M02Aj,3,
h75y28,3,
Hk51m7,3,
F3hn6Y,3,
235sxh,3,
n313f4,3,
3x5V33,3,
po4C8L,3,
2sj1f2,3,
360645,3,
I464b8,3,
7cws4d,3,
Q07PnA,3,
34sw70,3,
3Y38Yr,3,
bL4kpp,3,
I63G88,3,
U4M48q,3,
gE2ubJ,3,
2oxQ1A,3,
020757,3,
50e735,3,
lBIERM,3,
535vVo,3,
6I38yH,3,
860KOh,3,
6F3eI6,3,
77c8G8,3,
3lOIDH,3,
yEuSpA,3,
3Qjl2Q,3,
rS6rh5,3,
g3N6S6,3,
7xLl41,3,
1B10P4,3,
66158N,3,
2o4O7F,3,
l8T008,3,
LD1A6H,3,
X4dcpq,3,
3jhlc4,3,
0PKJXL,3,
227C1A,3,
m718R5,3,
33Nx1a,3,
o8ISH4,3,
G0xa07,3,
0301Oa,3,
sDt0g4,3,
qrEc4c,3,
k520i0,3,
fUq3DU,3,
B58dEk,3,
57V63j,3,
r85x50,3,
F82Y86,3,
g2o57b,3,
b85721,3,
r70f83,3,
8w03fo,3,
4QG0l5,3,
3emS6v,3,
T11dq8,3,
o3wHI7,3,
N838B0,3,
R6p085,3,
3XUn7H,3,
10umi3,3,
W57524,3,
122j0a,3,
GK4Hm4,3,
20b888,3,
HO4c48,3,
V303o4,3,
0337T7,3,
8U3ta8,3,
naV70X,3,
ES7fn0,3,
2Dcs7P,3,
32B0qK,3,
dbS0P1,3,
D1G5Rp,3,
2T5570,3,
s11755,3,
c66403,3,
l42twq,3,
04E7Ko,3,
KKE6Al,3,
6W3iwc,3,
8036di,3,
4l6NpS,3,
412422,3,
8uM5mN,3,
Us4sJ2,3,
O3EO7r,3,
Ifp3kc,3,
237E66,3,
K57v4p,3,
fsFFaJ,3,
6b5D42,3,
b00n03,3,
0272gK,3,
6v2Iip,3,
bu4hk2,3,
0Ha327,3,
D16I06,3,
jgoC8Q,3,
6bE6iJ,3,
7y6FXB,3,
I3o3Q8,3,
2q2uUY,3,
8ixfjs,3,
C4466q,3,
5r6sS0,3,
wospE0,3,
84e08C,3,
F4n3W6,3,
Y2liMJ,3,
ni64W0,3,
2550Ky,3,
7df0mR,3,
52372k,3,
48S178,3,
14T471,3,
fN8jsr,3,
gNBi85,3,
276C6H,3,
AJbMps,3,
26742G,3,
bxT7oQ,3,
Uh6vEk,3,
8T3jM3,3,
k211QV,3,
3H6Qr4,3,
U3I5c0,3,
nYGDm2,3,
8u1XHY,3,
8T8124,3,
G27TbE,3,
AXAO7G,3,
556ghS,3,
Gf5k71,3,
1Y6hhR,3,
4TeWJN,4,
GT8ni5,4,
HU7Rn1,4,
r6a3r1,4,
786504,4,
0Q01vA,4,
DyE6xo,4,
55Mpx3,4,
c70i62,4,
6nGCj6,4,
B5076G,4,
6l400s,4,
16G0nu,4,
22rA24,4,
068bB7,4,
lw13pH,4,
07RB6a,4,
6b771D,4,
32444T,4,
t8m54F,4,
U12302,4,
S27701,4,
N4e4wK,4,
M5I806,4,
547x30,4,
R7mjhK,4,
DUrL37,4,
X2468s,4,
xreYa1,4,
ms0d6N,4,
A6dQ04,4,
tb38L0,4,
FVky8L,4,
mOyR84,4,
8UKT55,4,
xO8Xbc,4,
5Tw6Il,4,
22USY4,4,
kJO4G4,4,
2h40e1,4,
1M3in5,4,
aoc1UP,4,
6QFU5b,4,
G2d68P,4,
441X41,4,
5ncF75,4,
c5Tk1m,4,
0p68sh,4,
G3416k,4,
d6sj5h,4,
VXu76y,4,
00D64j,4,
8l7855,4,
177H51,4,
6y0C7N,4,
6y8O2e,4,
Bu6WR6,4,
187R37,4,
70FIbq,4,
f0Kg04,4,
CAxfK3,4,
3CB02x,4,
06rR2u,4,
4petWE,4,
358Q28,4,
3j4pJ7,4,
78r44J,4,
7I228o,4,
4tb6Wl,4,
8y5VyU,4,
VD6a6r,4,
g2v28x,4,
17G3k6,4,
31K4O1,4,
Y1M7vb,4,
701N52,4,
E0o5Wn,4,
3UOQb6,4,
26gS7v,4,
8742yA,4,
K12b64,4,
0c45Pn,4,
NCe064,4,
pVQ2o5,4,
25F4qD,4,
HGo555,4,
34yl4X,4,
2I5106,4,
X5UR80,4,
7kRvi7,4,
35383f,4,
iJ13Gx,4,
8evrVg,4,
TbpMeA,4,
68IueG,4,
do57so,4,
G43Y11,4,
ViK3fu,4,
BBa71s,4,
832E2B,4,
2nOnJa,4,
0h00Dg,4,
41382E,4,
7iu70M,4,
V4IUx0,4,
746625,4,
7pl38R,4,
o5265D,4,
8rVRyJ,4,
8rJ37j,4,
4vOy24,4,
20WJms,4,
dP3v63,4,
NRDr68,4,
A84Mm3,4,
3n231K,4,
s226b4,4,
M10226,4,
477PC4,4,
Wt0JK8,4,
GU1y52,4,
x7E783,4,
yl643a,4,
p15sda,4,
2d2ne0,4,
nnsF1n,4,
0N33H8,4,
6H6I04,4,
VieMdw,4,
4L3eJ4,4,
qm6e26,4,
kgW02A,4,
71PDu2,4,
6yxyi0,4,
4e854b,4,
N8LEf6,4,
3V85qy,4,
2c7V2X,4,
325q4i,4,
7P1Txl,4,
18Mcw8,4,
2OIo85,4,
18V52B,4,
4t0orv,4,
28t847,4,
Jfabk3,4,
2dC10d,4,
H30hJe,4,
23r0f4,4,
6S185G,4,
8t03Q3,4,
B515dG,4,
b5J128,4,
iGF60L,4,
mM32VN,4,
244628,4,
521h56,4,
WvC6y0,4,
Ym375f,4,
AQ5o73,4,
x6L6I4,4,
u27Bj8,4,
s10DL6,4,
363K6y,4,
4I115T,4,
qe3b05,4,
016wX1,4,
0082I3,4,
2084Dg,5,
7216uJ,5,
501507,5,
f5wV7x,5,
5It2dd,5,
J3W32Y,5,
v3NsD2,5,
if148S,5,
LucS3R,5,
16745B,5,
53t2Dk,5,
r4d2AC,5,
c27c36,5,
xP46G0,5,
fh25A3,5,
204qt2,5,
784Bi0,5,
234st1,5,
7hC0qW,5,
jVWpX7,5,
3R2F2J,5,
Aw7k10,5,
8O80Tt,5,
81ER0A,5,
A5u683,5,
6e26te,5,
2fvq5j,5,
UqUr5A,5,
R6421u,5,
6V56M8,5,
1Ob4LK,5,
B286iT,5,
U5136L,5,
hK0B3G,5,
43cIGi,5,
64E1dv,5,
T1Nq73,5,
UG3Y70,5,
Li52JV,5,
CEK54c,5,
2553JP,5,
2keJlr,5,
77Y3y6,5,
60pD2c,5,
1878YL,5,
Vr87WT,6,
0x0tYv,6,
VV246a,6,
68040N,6,
24V7r1,6,
e33jG1,6,
2y725R,6,
452U0I,6,
h0N1B0,6,
Rc884v,6,
l3eoUR,6,
Nc2I74,6,
b5m6S3,6,
Q3Y6v5,6,
5Uw382,6,
f0x5AP,6,
08m5Dv,6,
b3h310,6,
LG565i,6,
787l8M,6,
J7Lk74,6,
0b42Cu,6,
4674vI,6,
rds464,6,
lQbJ5d,6,
oe2k8q,6,
j50653,6,
cX5Waw,6,
0G2M22,6,
7777KH,7,
15ge78,7,
R08j2b,7,
060b7o,7,
4e84QK,7,
Il72KL,7,
025CG2,7,
Je5XBp,7,
276mo6,7,
0N77T4,7,
0WIF8v,7,
3NfAa8,7,
bRe61n,7,
hhBk13,7,
5UDh86,8,
u85c5d,8,
T85Qss,8,
RfEm44,8,
r376F7,8,
48220j,8,
oc1GGA,8,
2oA8E0,8,
B0Y3r5,8,
up028q,8,
6T033W,8,
Ok43R1,8,
nnEGJ8,8,
wULh65,8,
611270,9,
65y11Y,9,
4j2p0G,9,
6Ul67D,9,
6HOS2c,9,
XFCG43,9,
357Awb,9,
JmFhd4,9,
4p07D6,9,
ET886n,9,
jm23v5,9,
436010,10,
MyvJ5p,10,
T0bTP5,10,
35N8gj,10,
34qn4Q,11,
O5505X,11,
05m31b,11,
M3R838,12,
044Ev3,13,
150pp8,13,
2kQ3rB,13,
4317L2,16,
c0eaa6,16,
