request type,RCD-IN,
T32ODe,0,
Ar053H,0,
7t2a43,0,
I70Y3y,0,
6b22q3,0,
c2EBgX,0,
7062t7,0,
Urq561,0,
2u2Xv6,0,
X27px2,0,
SKU481,0,
P728No,0,
kVB756,0,
JoriJ4,0,
wl850P,0,
6Q8086,0,
C1ttOo,0,
Qud13n,0,
717Olq,0,
mUVVSQ,0,
4Pwce0,0,
45X385,0,
L034Q1,0,
W366vY,0,
r82vo5,0,
681N42,0,
0U8eHv,0,
7tixIu,0,
537U5G,0,
S1b67U,0,
4315C0,0,
B37555,0,
oOtv53,0,
G28UJA,0,
3F1b1D,0,
HK42sD,0,
R51266,0,
0Dpa26,0,
pTQ725,0,
6471KP,0,
s8ad1q,0,
G5M247,0,
qy82tU,0,
553qIS,0,
0IoMa3,0,
h633By,0,
M8oDgR,0,
0nBobE,0,
7v5Nuc,0,
X40R63,0,
L0W4G8,0,
887pSr,0,
SMjS34,0,
4Fh8a4,0,
c8WJ2G,0,
0cN3F7,0,
t1FbR0,0,
JG04qS,0,
Xd05nl,0,
AO7Nd0,0,
tgP4g8,0,
1K18Wt,0,
vl58WI,0,
5H0ELA,0,
B833w3,0,
5356Cj,0,
802u71,0,
17N81c,0,
wm26eW,0,
F4EtBu,0,
7wJR7a,0,
h5DW65,0,
75lJ6q,0,
v7osq2,0,
0t3m8K,0,
063k7l,0,
435GY6,0,
pI1735,0,
Q31f7X,0,
01t2XB,0,
a7mEq5,0,
L6l5N3,0,
BEffCd,0,
q40rg6,0,
200D50,0,
7yj12n,0,
GS2I15,0,
07261w,0,
tgdJYX,0,
Id0400,0,
wbqJqC,0,
7qmxdP,0,
44UO22,0,
OC5v47,0,
n8758n,0,
0Cy7Ye,0,
pr75Xv,0,
Niy57Y,0,
eqpv02,0,
FG6gf0,0,
8R8j7o,0,
025v8c,0,
0S0600,0,
6M1778,0,
7T82M0,0,
614OIt,0,
H8pI58,0,
5040r4,0,
000728,0,
21U5Ju,0,
4ao338,0,
33eH10,0,
EJa4K5,0,
72410D,0,
57Y417,0,
7713qK,0,
L5A3S0,0,
2S072o,0,
Yn06Fi,0,
67owDI,0,
2235gX,0,
v7xOI3,0,
fQ0161,0,
DCd2Wh,0,
0ub08h,0,
tcB2oh,0,
10HKqb,0,
EOt0W2,0,
EkWYj7,0,
4v564b,0,
74GVd6,0,
DT050O,0,
88FB77,0,
1i61CW,0,
1k687B,0,
n6Hi4Y,0,
84l8b6,0,
d1ej2l,0,
5Y1N7p,0,
xT30sX,0,
o83F51,0,
05IA47,0,
fud7aH,0,
7L1h61,0,
g7g2o1,0,
84e33D,0,
5E53w1,0,
1I7x78,0,
i4kO43,0,
2Smr8A,0,
F63B38,0,
a81V71,0,
0G1a3G,0,
c087wf,0,
0WFK22,0,
D428Yx,0,
1giQ6V,0,
8jw47N,0,
E3CiQC,0,
iV875m,0,
IM11V7,0,
572pyX,0,
s44532,0,
0J81a5,0,
0DE3m2,0,
e3w2Ad,0,
Ok8j8L,0,
81O01c,0,
0ad5yf,0,
0H07QL,0,
Go16f3,0,
Me34xW,0,
t407my,0,
C0dIq2,0,
0y0B54,0,
1053Uw,0,
14t60A,0,
3Bn8cd,0,
0u5J0E,0,
65GU68,0,
P2E05l,0,
AQ608m,0,
4JqA81,0,
7nCn2a,0,
E753eG,0,
553mFb,0,
rL8cxt,0,
ep67F0,0,
A2076m,0,
1103jm,0,
nO76tB,0,
5l11t8,0,
C5xrk0,0,
55t7lT,0,
CVWRKR,0,
dV20X6,0,
6q8i0O,0,
N7kf63,0,
jxK1P8,0,
TX5JX4,0,
15x53P,0,
E4Jdht,0,
r3Ih08,0,
yNn07J,0,
7B7YPB,0,
Hy4po8,0,
30mn08,0,
3F4x87,0,
jhs4l0,0,
20Xtqo,0,
xSyO81,0,
6355Qa,0,
8335v6,0,
gC0k64,0,
5L3W56,0,
6p60Y8,0,
XjFd36,0,
OF8f53,0,
KMx67G,0,
bA38A2,0,
3CO4J2,0,
YJ4c6U,0,
283nc5,0,
LjYtn0,0,
pxngB6,0,
5F13o5,0,
2234MN,0,
012x6W,0,
U1d310,0,
77tI0f,0,
500Arb,0,
3774Ek,0,
B4D58n,0,
0gR1lG,0,
5712K2,0,
s0b2Sf,0,
f1IAJ1,0,
JJxk13,0,
k34TC7,0,
Ag1Rs1,0,
33H26F,0,
447TVd,0,
RK26k5,0,
E6isDh,0,
5Bwi58,0,
452Jg2,0,
tisF00,0,
VE0mNh,0,
a52b82,0,
G48lQ4,0,
vnE7V8,0,
3sOl6J,0,
fn6LlO,0,
nN03jp,0,
6L1vEF,0,
q8W745,0,
3888wH,0,
7t4187,0,
5Y00T2,0,
8vC66g,0,
R2w42L,0,
5o3U1i,0,
18NJ08,0,
I14H1A,0,
06bp61,0,
0q2154,0,
w64341,0,
lG3U0e,0,
Y1bkE3,0,
183TKP,0,
noOy2b,0,
56AeFv,0,
12J8Rd,0,
OfJf5x,0,
6r8ppl,0,
2325e8,0,
rpprT7,0,
MBES2Q,0,
3c7w1D,0,
HGqr84,0,
P440N3,0,
T248N8,0,
a3Budy,0,
711g68,0,
c852u6,0,
Aoo6l4,0,
58dn37,0,
dl6A3s,0,
1r6158,0,
J6Kh1h,0,
7Fu33v,0,
Ohr437,0,
3FAl5V,0,
12672p,0,
7433Yj,0,
1IS46i,0,
0K3O7Q,0,
Q4r467,0,
h61041,0,
54v1PO,0,
tMN2YN,0,
0053m7,0,
D6W84b,0,
6n57x8,0,
Qty33E,0,
63228B,0,
tk7C11,0,
82t3ae,0,
5b421H,0,
f0N5lb,0,
T64E01,0,
I0o7x6,0,
56muA4,0,
315088,0,
LYw125,0,
Y3Att4,0,
27eYec,0,
y15X3k,0,
jN38xT,0,
23267H,0,
0Ar4u6,0,
JHB10b,0,
3803fX,0,
235nsQ,0,
74iQaS,0,
0A3CRk,0,
fVg5Vf,0,
b036q1,0,
VLKR60,0,
058F6i,0,
w35Fj3,0,
32p4n1,0,
w4Q151,0,
p31qSi,0,
12Mb3p,0,
3E0uC0,0,
746Fb1,0,
i3S026,0,
3WJaF6,0,
mSu5E0,0,
Ugq301,0,
52iVHa,0,
SQ7253,0,
4w36Ev,0,
2q6o10,0,
dv3wj2,0,
s353Oe,0,
R6ld4P,0,
2E8na1,0,
eci855,0,
2k1MSR,0,
b43smh,0,
t38bb6,0,
5a1o1D,0,
405Y2m,0,
8Uy06D,0,
X7363q,0,
5v71Qi,0,
60vm17,0,
75pYk7,0,
5wv08r,0,
666R2m,0,
cAa6ip,0,
3J7Y46,0,
Ah8xD5,0,
T61f5E,0,
oG556x,0,
V75t46,0,
6843N8,0,
3s1N86,0,
0W67D0,0,
0P2c0g,0,
Q07ld3,0,
8NbX50,0,
6C0NE5,0,
M4Tk2y,0,
T10103,0,
DOk5i5,0,
Pe4nS5,0,
2S0008,0,
0E5833,0,
r6j2hK,0,
052bp2,0,
CO6QPB,0,
38212n,0,
38R3m8,0,
D02xEu,0,
bp0327,0,
41SDNv,0,
G3Lm6k,0,
Fd7f1n,0,
oI6T4g,0,
7ebuX4,0,
24WA13,0,
j3j43L,0,
brtm48,0,
163370,0,
12873I,0,
6awX28,0,
dp54b4,0,
8185X5,0,
w304Ac,0,
k6IcR0,0,
1x6p25,0,
j0s8A7,0,
0R1181,0,
5Oi227,0,
C250AN,0,
Aw50NE,0,
tuEQka,0,
ta0e43,0,
lH8cs8,0,
SoR1OK,0,
KxB8h3,0,
T6H60f,0,
34Tahj,0,
60oVi1,0,
2iuw18,0,
8T2K22,0,
748l8V,0,
bGe53m,0,
Ugf3UK,0,
bh3843,0,
775xI6,0,
J50F5B,0,
720xT3,0,
5UJoR5,0,
86kGkj,0,
tu835H,0,
2S2jpB,0,
Y54B4B,0,
Und0IW,0,
qB847x,0,
5j275w,0,
1152GL,0,
d1G412,0,
2310hY,0,
0M2WJ0,0,
1j11P3,0,
7FA022,0,
c58m5w,0,
R736R1,0,
666yTT,0,
o6oJ60,0,
I02IR6,0,
327375,0,
72865C,0,
q83j4T,0,
i7U172,0,
D37ES2,0,
21Sn68,0,
At87aU,0,
x1BM3F,0,
nvYmp4,0,
R7F7a1,0,
6b141O,0,
Jr4q46,0,
38y71Y,0,
y48O8K,0,
pO6FHo,0,
35PU8G,0,
3k66Xs,0,
68Fa8s,0,
7C43wK,0,
582B00,0,
31x152,0,
C0mg32,0,
782fcM,0,
Q58KYn,0,
rh66J2,0,
612377,0,
53f63e,0,
dUYH38,0,
5Ebbhh,0,
N4Y36w,0,
AIv5O4,0,
o486g7,0,
G2xv6n,0,
t7EAQW,0,
25duW5,0,
M2mD1G,0,
X1o545,0,
U2gMH1,0,
21f570,0,
B7wm5y,0,
IKGb45,0,
j2i574,0,
Kn168E,0,
36W36Y,0,
xUYL83,0,
l6b0q3,0,
0ajqgS,0,
0073uk,0,
88FQf4,0,
j46M04,0,
1783CV,0,
NksF71,0,
k488Pi,0,
232T37,0,
3ypQG7,0,
56mxO7,0,
g017e1,0,
W12641,0,
tF334p,0,
q3x11O,0,
312Ptr,0,
34ypIg,0,
5i8384,0,
216818,0,
0wK02B,0,
78F20b,0,
e67Ms4,0,
XjdbN4,0,
w73L16,0,
PJ814e,0,
25a2kE,0,
P67106,0,
7Bw18f,0,
NNY8D7,0,
4t5c12,0,
851x3d,0,
2mPT8J,0,
25g384,0,
s8815U,0,
4763Ar,0,
naR626,0,
besiIL,0,
2w7RT6,0,
7JVN65,0,
C0X23m,0,
H2P54i,0,
8I6D81,0,
rLp2q8,0,
Ro44NH,0,
K38Ng8,0,
wp28E5,0,
83fT12,0,
k5fQ4V,0,
SWjn36,0,
vB6QP8,0,
61Uj75,0,
j3cGIA,0,
W60OOb,0,
kSxpj8,0,
20155Y,0,
4g5qv7,0,
1I4FVb,0,
5qp1eK,0,
0gdH78,0,
2LX6JQ,0,
O25p8J,0,
145jkj,0,
1wy010,0,
Cf481c,0,
D1g72h,0,
82E5jS,0,
h1r0TR,0,
Q8UQB7,0,
6j5210,0,
lE35gF,0,
nj0B27,0,
4818he,0,
d2ORRk,0,
bEr67E,0,
x5wY5g,0,
kHo0t6,0,
i6A616,0,
JLaf8q,0,
2ffgwq,0,
JPOC14,0,
p34viJ,0,
o7pf0m,0,
0HI513,0,
JxK78g,0,
JCv457,0,
qndgpJ,0,
1v8Q61,0,
bX7SwX,0,
f416o2,0,
85q04s,0,
0Q133h,0,
vBTC60,0,
s1Vgu6,0,
2s3Dg7,0,
u47kPL,0,
na20Tc,0,
2JJh81,0,
o52FFs,0,
4581x7,0,
3U3mn2,0,
78hIW1,0,
q7672E,0,
34bi0b,0,
wW1nAR,0,
cQ43t5,0,
LE22p2,0,
q480Ey,0,
E23J8j,0,
31S6L4,0,
X22CdY,0,
20sh05,0,
626815,0,
6PB26M,0,
6uF2k1,0,
0uD432,0,
N250hF,0,
JelFP8,0,
842m65,0,
03g86N,0,
d0F116,0,
G1416c,0,
3AD0yM,0,
I1803K,0,
6n526A,0,
62g142,0,
P80UmO,0,
6jwhH1,0,
2V2444,0,
2Ud1DF,0,
45386i,0,
6U0Xgc,0,
00Iv3h,0,
d1457L,0,
075870,0,
18dW4I,0,
570388,0,
cS4Fse,0,
41fr00,0,
46FqQJ,0,
ka1I27,0,
4jBLx1,0,
v4112n,0,
dhcCV3,0,
784v47,0,
878Y38,0,
73000l,0,
868djk,0,
pfl27a,0,
8x2Q1x,0,
53E5uD,0,
Ex37L2,0,
617Sr2,0,
8RB0aB,0,
66n80t,0,
t88W0D,0,
148VIK,0,
6I2D5P,0,
K3w225,0,
0j5446,0,
101ac6,0,
pPtS4H,0,
3T8SRW,0,
v86718,0,
1Gdb57,0,
on1336,0,
8a67f4,0,
1B53w0,0,
M741k2,0,
Br3030,0,
F66b8P,0,
B26LFm,0,
7qH0nc,0,
Eal067,0,
7vph57,0,
4f7YS6,0,
de2825,0,
26wEH1,0,
4Uc0OS,0,
l755k4,0,
5151Tv,0,
51P4c3,0,
N57yv6,0,
a6R3N3,0,
Qj1Jn4,0,
41sdX6,0,
64B52D,0,
h67vbd,0,
f5mrL7,0,
72f20P,0,
06D6s5,0,
aUB3B7,0,
fEOp40,0,
tPQrsB,0,
vR2kO3,0,
1j8v5H,0,
7e0enX,0,
86w062,0,
5r1C8f,0,
I8038p,0,
H8v1tD,0,
c142qq,0,
02PT3p,0,
e1GT37,0,
x1is66,0,
Srg5An,0,
o4gXeu,0,
g25782,0,
b4285o,0,
gT36ky,0,
560535,0,
Hhc703,0,
sueacY,0,
cX16QM,0,
ymgE08,0,
y23F71,0,
Mrx301,0,
2678vC,0,
300TrM,0,
SS18e2,0,
2EYt2X,0,
57742O,0,
447106,0,
0R4S08,0,
Y44C46,0,
OOpN0o,0,
x22LxC,0,
dSd246,0,
l0uTPW,0,
pQU47x,0,
86T532,0,
18h47y,0,
YB46U4,0,
0r78p6,0,
vJ76Gr,0,
3CJJI6,0,
763841,0,
323R6h,0,
F5588O,0,
7126C2,0,
K031O4,0,
mN4m18,0,
FjxdX0,0,
0445Jc,0,
72JF3B,0,
I177q5,0,
N34Be3,0,
Sb43SU,0,
u3pi63,0,
2q23mi,0,
T82y04,0,
756568,0,
12PLAD,0,
0n7I11,0,
cat50t,0,
wLkS2Q,0,
8R88BB,0,
5T8n7y,0,
dR10fP,0,
02KF81,0,
B0myBf,0,
743I5b,0,
0yY850,0,
wrei3C,0,
82300x,0,
IO3a1n,0,
gb62Bg,0,
7014oF,0,
77KG7f,0,
PR284A,0,
P6q6Q1,0,
H54A8u,0,
LABrcI,0,
YSq0D4,0,
FJS62u,0,
VcTy3r,0,
EC266v,0,
7BuNiK,0,
4664b7,0,
2lH7w7,0,
2647F2,0,
P2OE7V,0,
c8b72y,0,
VU8st6,0,
1007S2,0,
37336B,0,
01XIRt,0,
578I8i,0,
DdHJ1c,0,
24S8A3,0,
PJ585w,0,
S42Ht6,0,
E0c78c,0,
D7vi12,0,
4r5O06,0,
nRM5k1,0,
jjYB65,0,
Ir686x,0,
LwV754,0,
WB5S0R,0,
IU8sfL,0,
cPD51e,0,
3g8wod,0,
DwK17a,0,
R3g3hG,0,
0DG2k7,0,
5L7x3f,0,
l4QJmo,0,
06r408,0,
5p05h4,0,
j7ha41,0,
B1573x,0,
7K4f50,0,
r2Edx8,0,
Rg4A34,0,
K47q13,0,
07u1u0,0,
kf474x,0,
c61450,0,
T3N28c,0,
H5sg50,0,
83G88o,0,
4832mL,0,
1CN6af,0,
757y8F,0,
0c6673,0,
Xb20DG,0,
Csf53n,0,
7lgv6P,0,
22hS5R,0,
6048e6,0,
5cRHf7,0,
xnA2vs,0,
L7t00u,0,
517Ib7,0,
XN43b1,0,
s630D2,0,
D88V53,0,
1JvdRW,0,
2aK4k3,0,
38cRBX,0,
3OhccE,0,
kG1SBp,0,
6I5y4S,0,
25OD86,0,
40NyR1,0,
SU0FNy,0,
ili8D8,0,
73I2R8,0,
41o681,0,
147ga1,0,
t63VDN,0,
05U20Y,0,
881og0,0,
2T4y54,0,
OF1V86,0,
126QFB,0,
Ber2HI,0,
X87QCm,0,
56cx3C,0,
6RW84F,0,
441wv8,0,
mk3B7C,0,
1p7cw5,0,
30c2Fc,0,
yw4Na4,0,
PC86e7,0,
j6x847,0,
RsbYB0,0,
0VA2Y6,0,
137851,0,
GGBy3G,0,
21Lj21,0,
0H8N5o,0,
N70Ih1,0,
67j127,0,
1gw6R7,0,
62Rr2m,0,
15ya3m,0,
ai5XYW,0,
8745iV,0,
8D1VjA,0,
AF6362,0,
A85t5j,0,
w54KOy,0,
5F4hS0,0,
I488V5,0,
05X08a,0,
5ctLk2,0,
48l8y8,0,
Sqo4cQ,0,
34g64D,0,
7506K6,0,
0Phj67,0,
13yeDC,0,
e1q7V7,0,
LVCyO4,0,
0k7r7w,0,
wnF60w,0,
2t771j,0,
7wH2V0,0,
4l52Tr,0,
20JhsK,0,
N525NG,0,
50bv70,0,
LWe620,0,
5yje05,0,
a4Emm6,0,
11xehe,0,
o37v7t,0,
l2qt1v,0,
wDPQk2,0,
eJ48d2,0,
v4E153,0,
05340S,0,
h87666,0,
h0i61h,0,
034L6d,0,
je5j26,0,
e22Lwk,0,
1h41W6,0,
1nC048,0,
043K3n,0,
0hgAUU,0,
18XU6H,0,
DWE862,0,
MV00F5,0,
63171i,0,
5XQBhj,0,
1sGd7v,0,
7510x5,0,
8b744Q,0,
1bi86i,0,
H3S05I,0,
Gx5130,0,
6uKX0I,0,
764J1e,0,
2V4L3x,0,
4IdIs0,0,
V3Uc28,0,
hqM115,0,
4oT0Q3,0,
0wNOj3,0,
tbd71C,0,
RsH3n5,0,
2a7148,0,
7K33y0,0,
6s20T6,0,
7JV176,0,
hCE4T7,0,
66x703,0,
w1T554,0,
7o31J7,0,
0qA067,0,
P6Yn14,0,
bVMKpT,0,
86T72c,0,
d77331,0,
0jw1a2,0,
F55Rmd,0,
8g1NRV,0,
4310Bl,0,
Ov1c12,0,
W6Nb50,0,
Vb5i6h,0,
31533u,0,
3b5lfY,0,
5p17ys,0,
37412C,0,
016PB1,0,
80wM5y,0,
4uRPJ0,0,
0160SK,0,
G38iX2,0,
60K80i,0,
u12C4J,0,
V63KaD,0,
80lO0H,0,
6Y8rTb,0,
u606o4,0,
0j107f,0,
7L8a7l,0,
sqJ54R,0,
35Lds3,0,
QG14YE,0,
pi458t,0,
56VKA8,0,
4w5j3Q,0,
70A2II,0,
mFfCpL,0,
k5Ill5,0,
LY35I1,0,
701OS7,0,
0078y2,0,
8T2bUq,0,
j778wF,0,
0rJ4M4,0,
hv35Vf,0,
2aS634,0,
oJm831,0,
008P0L,0,
7lq087,0,
w48k53,0,
DcIT81,0,
CCSm3r,0,
PVHItG,0,
oB6375,0,
0c701G,0,
Y3ilj0,0,
6f82H7,0,
551F65,0,
jrJ46U,0,
s164v2,0,
dHh6BQ,0,
50cSu1,0,
P58JV2,0,
HK6WQ3,0,
6tGH64,0,
c0MXyw,0,
RTs7nH,0,
48hPN8,0,
23yLO5,0,
Bv280n,0,
2og3h1,0,
E5CRt1,0,
5RY31g,0,
2N6Xha,0,
513k36,0,
3M0718,0,
5Dk1U7,0,
872085,0,
A6p77L,0,
mu0H1l,0,
xB85T4,0,
2BLFL2,0,
Gg61pD,0,
72Xn57,0,
cDQAYS,0,
TB5xC6,0,
cJ4PY3,0,
50E2H2,0,
no8pcF,0,
1566Ja,0,
g8Mnjy,0,
6i6KJi,0,
M6Mk46,0,
8X6e5S,0,
k074JV,0,
aP5562,0,
jX6c1y,0,
75674T,0,
0d1oIq,0,
81Ki6Q,0,
d540nj,0,
1S5046,0,
3VBt3C,0,
67w087,0,
h11M42,0,
R3k5Bu,0,
tQG32o,0,
TMmW0e,0,
6kV1OP,0,
083nfl,0,
VxGl0k,0,
NxyX36,0,
1hHfn3,0,
61785W,0,
KSD408,0,
R24XX5,0,
E5ryD1,0,
lniM6n,0,
cT5t30,0,
7kX5Gp,0,
W76pHJ,0,
PCA122,0,
3q837i,0,
GGg1g1,0,
20S6s5,0,
431dhR,0,
825NY1,0,
Ps07sj,0,
003628,0,
5m4814,0,
84482L,0,
52hP67,0,
m5W1O2,0,
faNb16,0,
033w36,0,
QiI145,0,
oVp6I3,0,
eJrq63,0,
2dGw86,0,
t8H26r,0,
U110A3,0,
83rO67,0,
2xCI1w,0,
1k0y8L,0,
8vm58H,0,
4a8WC5,0,
H473iX,0,
j72wIr,0,
4G0120,0,
sBwQt4,0,
mc2LX1,0,
0b7m8V,0,
otEa01,0,
755100,0,
7L61YU,0,
6343lF,0,
4081A5,0,
Q7AN7b,0,
12C7a3,0,
ro0531,0,
637Y0x,0,
1E5M5g,0,
H1k714,0,
oEc347,0,
uF1Hf2,0,
j3I0kC,0,
C33i01,0,
78I6j2,0,
Wjyw31,0,
6r058R,0,
18d818,0,
opr2s0,0,
BF45w7,0,
INal31,0,
7SAUI0,0,
52T7hU,0,
1GvM31,0,
nQc83O,0,
c482B4,0,
31s600,0,
1vy5N5,0,
mHj1xR,0,
6356q3,0,
pCfy57,0,
2QnJe8,0,
b4n8fb,0,
6To6mH,0,
Hhf6j5,0,
v5k2XU,0,
NY0I1u,0,
oYcfI7,0,
ck8l2j,0,
042T2S,0,
7qL5el,0,
cPQVfq,0,
H843N3,0,
81wA14,0,
S75813,0,
L15rBj,0,
5y0T84,0,
178vr7,0,
8x3c3K,0,
D3LV6S,0,
dYC023,0,
177000,0,
3CHO5S,0,
143TV5,0,
Km22f6,0,
Q4t4aM,0,
G48231,0,
m156y2,0,
08M88D,0,
7sX1eL,0,
0SfQdH,0,
Fs5214,0,
28G030,0,
77738g,0,
w410T0,0,
B8kOC4,0,
1bIpiS,0,
c288S8,0,
31d060,0,
7mN6l0,0,
O60580,0,
1O0y3y,0,
5654Wh,0,
E07BJk,0,
hx8E30,0,
26U477,0,
8fSkSa,0,
x6sT44,0,
s7Tn84,0,
8482t4,0,
Pbl7gQ,0,
T01516,0,
2SBCv7,0,
b4aN3i,0,
7275x2,0,
v4WHy6,0,
5871UJ,0,
5wA8tY,0,
Qs3yCU,0,
M11615,0,
yj30c1,0,
DfP8LO,0,
262813,0,
12350F,0,
eAFaD8,0,
88JWLO,0,
5n1142,0,
xfddBn,0,
O0qYTo,0,
M5H16g,0,
0PLR17,0,
0nJ2Vg,0,
slw06v,0,
3547PW,0,
CWQrI8,0,
5e55an,0,
F88Pap,0,
m7U1Dn,0,
M71tV4,0,
EW24Ge,0,
11RMvu,0,
65edY1,0,
71xGb1,0,
SM30n4,0,
yBH3E8,0,
ET2228,0,
6Y227P,0,
L84GtK,0,
51h3S5,0,
k51B41,0,
aJ38O8,0,
wQ810B,0,
n5T367,0,
d453To,0,
35Bcc8,0,
L8w6eO,0,
QMh61h,0,
12K608,0,
80R4XE,0,
5041aj,0,
Sgxa6K,0,
5xu647,0,
365L0f,0,
056S36,0,
5Gy447,0,
ND6262,0,
f7K4X4,0,
1733Q4,0,
NmA2S2,0,
Jr0rYx,0,
0XU6t7,0,
p8810H,0,
lcN461,0,
Yr6Tl8,0,
8c2j0S,0,
Y5wp37,0,
NcC03v,0,
bqnlcQ,0,
tq6R8E,0,
5an711,0,
20Ij7A,0,
3E0bs6,0,
72Es71,0,
57O40I,0,
8H4SU2,0,
E3Tr6U,0,
383785,0,
2N1pdu,0,
1Li30X,0,
RX140W,0,
A68C2S,0,
xGS1Ai,0,
32aj7n,0,
62i7Cd,0,
W51e4r,0,
UNh275,0,
Erx14R,0,
20l1J8,0,
NF06b7,0,
400sJ7,0,
h0nSNX,0,
2yx8Lp,0,
p7D350,0,
rVKuY1,0,
Kp4d03,0,
K55V65,0,
s08u8D,0,
o20s0J,0,
TsV5p6,0,
r564BI,0,
f83226,0,
3103bH,0,
4D4283,0,
8Lrt7O,0,
Sy1to1,0,
2Ib2FW,0,
H4p003,0,
6PWw45,0,
I65j0r,0,
ea0h8M,0,
BlK85A,0,
3o27q0,0,
87u42g,0,
B5y113,0,
6d6E6d,0,
fO5788,0,
1Bg16d,0,
E5eUBD,0,
8d0nXU,0,
WH84ME,0,
ySpf6y,0,
275Cw6,0,
i3x47L,0,
u6kw23,0,
r52375,0,
Uc0Rd8,0,
8p64ov,0,
4w5jYE,0,
7xS26l,0,
4t371N,0,
55m7J4,0,
5xV3yI,0,
m32612,0,
j6I6wX,0,
b6m2VA,0,
OiMPtd,0,
274gy8,0,
5O135Y,0,
Lb5872,0,
O8Q12V,0,
068G5e,0,
7aP30p,0,
h01Sc7,0,
HA3Pgu,0,
4Q0022,0,
s5Hf85,0,
wNAE06,0,
wJ2v02,0,
B4t1s8,0,
d46533,0,
7v6GWr,0,
Ixf5gA,0,
W5SODR,0,
242r03,0,
65DCy6,0,
86eQ5e,0,
F01o1R,0,
WYWKMX,0,
3h16Yg,0,
6XL3X1,0,
5UF20y,0,
E60aO4,0,
3E86iJ,0,
0ogP6D,0,
l5t8g1,0,
B54370,0,
l6d86V,0,
8k57XC,0,
83i3L3,0,
5KY2aW,0,
Wr7k33,0,
5dy712,0,
Yx1fmT,0,
o5R57d,0,
250715,0,
1H3P3S,0,
O4Q785,0,
2wN7eG,0,
20XCs5,0,
45iGM7,0,
A01t3B,0,
IEAESr,0,
QSdwe3,0,
s66GP5,0,
RKQ4M8,0,
1qD3K1,0,
frY0c1,0,
LlP42j,0,
3i4b47,0,
E21oeJ,0,
KdEsNE,0,
d436K1,0,
3t0X26,0,
0h564B,0,
pnpbC6,0,
28vCl8,0,
w5D834,0,
75x1D2,0,
133n13,0,
7a5113,0,
11v7jJ,0,
n06LUh,0,
YO4113,0,
hsEbW5,0,
4O3nmu,0,
O08UHM,0,
MRUu40,0,
65G4hg,0,
iQuTD6,0,
W4faj8,0,
ipBb4b,0,
i3RFQY,0,
S7405N,0,
548028,0,
m08oV3,0,
8074Y7,0,
4s5lC2,0,
25Hr8O,0,
rfq0N3,0,
6VkX05,0,
5AL027,0,
Mnuoj3,0,
TsPi8i,0,
Ajw34r,0,
7351mT,0,
Fv20o0,0,
6t15s5,0,
461yT3,0,
33s26M,0,
415hbG,0,
i8G61t,0,
5iB22F,0,
p52043,0,
N6yog0,0,
v3w5FY,0,
3a2m51,0,
04aDx6,0,
6v2it4,0,
N5KmMV,0,
0N4O85,0,
60pn7E,0,
5nRbN7,0,
e14474,0,
4b4n34,0,
Pl3bXW,0,
q87M2K,0,
765U6Y,0,
UHq43U,0,
175750,0,
o7u63Q,0,
43nIjY,0,
R314gY,0,
3JHBo8,0,
P1C86v,0,
YXRP85,0,
g04yq6,0,
0Gu557,0,
M55rPa,0,
7Mk5Ju,0,
X5O131,0,
rP5L74,0,
vea212,0,
Q4h6lV,0,
48HD61,0,
12WF08,0,
b1C21C,0,
ekYDI7,0,
sEr62r,0,
734Xna,0,
77Q1RK,0,
741RUX,0,
47tF2k,0,
gME86A,0,
0J261A,0,
FdBbA2,0,
723KjV,0,
8T6M06,0,
7cX33y,0,
541Q1U,0,
ms137d,0,
81KH68,0,
X2TG6I,0,
87ud4G,0,
05n8S5,0,
AK7X02,0,
77f676,0,
811f76,0,
Y7t241,0,
88Jo0t,0,
gm2536,0,
8r1QA2,0,
g56V80,0,
522F32,0,
28V2n5,0,
K5Rb2N,0,
y2D03c,0,
EJX483,0,
6g7pHM,0,
8Lxj7Q,0,
0RVPCV,0,
13J745,0,
2250J7,0,
G5cS81,0,
M60H53,0,
2AM6o4,0,
uBei6C,0,
VmqY4V,0,
u6ck7a,0,
JL06Aq,0,
1nI0X7,0,
e24t4J,0,
dD01xQ,0,
J611ms,0,
0447Cq,0,
76Cj67,0,
15db3n,0,
C37E72,0,
c0k23j,0,
06yWkj,0,
1T086h,0,
D182t6,0,
63aYm2,0,
8owXlG,0,
6DeI0x,0,
14Uv1U,0,
28t2g6,0,
08j7PV,0,
q55p7M,0,
2q68we,0,
qh4hW0,0,
73ic3j,0,
62g03C,0,
Ji6pth,0,
w2s5Rc,0,
Hp26B1,0,
oOy3Y4,0,
MpK05O,0,
oGa68x,0,
xs1g5a,0,
m7tn76,0,
t3i016,0,
51r3RO,0,
3Gsagb,0,
7T6HVJ,0,
A72iAD,0,
o10P6I,0,
rpKD25,0,
288D76,0,
5Fd3t2,0,
2aE338,0,
lr0Js5,0,
NeXg7l,0,
dtEBD2,0,
02U588,0,
d37bL5,0,
R8s5ip,0,
M4W1O8,0,
3b2WM2,0,
j5P2X3,0,
pW8aBJ,0,
N332mi,0,
RO01B8,0,
1K67j4,0,
6b28FP,0,
E5Kutl,0,
Lhw233,0,
W31b84,0,
538B4w,0,
H6D58c,0,
t11FXu,0,
G2M50r,0,
c4bJRF,0,
L4K12E,0,
r56432,0,
36c2nD,0,
70Y56e,0,
74122a,0,
5yc2B1,0,
18AQ1t,0,
fb6lYn,0,
1224Jb,0,
1MA16Q,0,
Y6642w,0,
LC4a2w,0,
i42dek,0,
487Hb0,0,
H5U0dC,0,
d3EJ7v,0,
1wJTXf,0,
kSa38V,0,
hymvBP,0,
00q86c,0,
X12325,0,
Tk83GW,0,
717j1s,0,
0i177M,0,
gn3t8h,0,
B4OW1G,0,
2f73g4,0,
4q6K81,0,
5ht552,0,
v20Jl2,0,
f00803,0,
5H25oa,0,
or74r4,0,
1n530f,0,
354j5A,0,
715Q0a,0,
14Lr33,0,
O3iR21,0,
YJcmxM,0,
NO18Sd,0,
2B7F2Q,0,
1i7Ub0,0,
U0txF8,0,
u08y03,0,
45T8SL,0,
xh5T58,0,
qnU4K6,0,
783stx,0,
nHJ4vq,0,
a78581,0,
354285,0,
5p0j48,0,
l038kS,0,
8odb8D,0,
u20188,0,
eb782G,0,
e1ec5i,0,
7Pv23n,0,
2J42U6,0,
104752,0,
85fp4R,0,
Axw5oF,0,
612553,0,
2d65p3,0,
7P3Ptw,0,
HWsQK1,0,
xN0K1O,0,
eM31gf,0,
I4Drq3,0,
UjEr35,0,
337233,0,
HR0633,0,
eK1G7I,0,
eP772I,0,
5R7F78,0,
I5Wi6S,0,
Mp0m84,0,
j0YJ25,0,
Y3783C,0,
J004s7,0,
626t40,0,
rmeA01,0,
lJ5KeP,0,
8156fJ,0,
468ghL,0,
l834y4,0,
yC0EcT,0,
teD702,0,
W7UVVu,0,
RR77j7,0,
728ui1,0,
Wc32PE,0,
o5UL2X,0,
75102f,0,
KMn4X5,0,
j7LGGY,0,
7775E6,0,
1Xf7xi,0,
767boM,0,
4tq8Kh,0,
73u7n6,0,
8132F2,0,
5X825Y,0,
7eN1d1,0,
XIq1WT,0,
V8u682,0,
86G2Vl,0,
6EyTV8,0,
8d2j12,0,
5Qqv2I,0,
mbtMn0,0,
S688Ya,0,
Q081Wv,0,
Go8Qc7,0,
1F30kQ,0,
J07yJ5,0,
P4q41g,0,
usA584,0,
S24ipH,0,
4PX322,0,
j25hN4,0,
P0Bn7h,0,
n448u5,0,
b6045K,0,
M7yrJl,0,
8xwVK8,0,
156Wv0,0,
m7ub3r,0,
0cbg47,0,
681r8s,0,
b44e18,0,
7s64FR,0,
y8H64h,0,
V7516X,0,
48282r,0,
7368YQ,0,
G11yE4,0,
wyaXv6,0,
2037MB,0,
mu3S52,0,
O477AP,0,
87Y1a1,0,
TXx830,0,
pO5Sn5,0,
7753bt,0,
28s0m7,0,
xmkn4q,0,
887hkc,0,
S7Pn52,0,
7K56S1,0,
18c120,0,
i6A5R1,0,
5877UO,0,
3MJlGT,0,
8GWE81,0,
7dk4Q8,0,
8yv1mh,0,
aV5654,0,
652ru4,0,
2xv52Q,0,
J4P80l,0,
Fe3043,0,
v34PT0,0,
6sR250,0,
aF7307,0,
PGXDO1,0,
513NPX,0,
N2rx4W,0,
3AcBJD,0,
84m80p,0,
H4p4X3,0,
1T6R2q,0,
53vVK2,0,
D8781p,0,
UK2Gyy,0,
E02d7S,0,
g3qY20,0,
35Q71u,0,
l2KgiK,0,
78X67Y,0,
oR0DnQ,0,
5n1361,0,
552x25,0,
X6j75b,0,
511a42,0,
41rn8n,0,
4xHF5B,0,
DDF55a,0,
3168l1,0,
64L6s6,0,
q2L388,0,
8U8n3i,0,
kHwt1w,0,
re42Oo,0,
33LwBu,0,
622XjC,0,
o15b2b,0,
86T14N,0,
4F0Jx0,0,
3PSu7B,0,
7u58N8,0,
f85m56,0,
0348f0,0,
pbk6YX,0,
36F06j,0,
umFLwI,0,
i4X587,0,
6qt48p,0,
4k0388,0,
cJC30n,0,
N5HG65,0,
M0erV5,0,
86428s,0,
k12C15,0,
5223aj,0,
mM52cA,0,
EY4yQa,0,
D6YPJH,0,
35QmC1,0,
QlkuiQ,0,
Tsx2nA,0,
ej6D06,0,
H1C72N,0,
lal44a,0,
3KiEfK,0,
fD7tgu,0,
46S52d,0,
n2045K,0,
3j2634,0,
C1c71r,0,
5y857y,0,
LnbB3K,0,
8I2cp8,0,
Dq1U51,0,
3bRC5q,0,
hM0y48,0,
5Bo82X,0,
N7d82X,0,
xne77e,0,
X6e48L,0,
J683L3,0,
7N3641,0,
076788,0,
pv86hB,0,
2a14Pk,0,
j68yP2,0,
7U0tAc,0,
8bjfw4,0,
1m5UX8,0,
8802B5,0,
SB5C2T,0,
x8g7t2,0,
Ux1620,0,
iWN2a1,0,
N82010,0,
n28B52,0,
WWq8Bw,0,
8U412g,0,
we3Ve4,0,
4Qk763,0,
4iyo67,0,
7r48sI,0,
85BU5d,0,
SKaT2n,0,
87266a,0,
va18L8,0,
5M0BXP,0,
66B4wH,0,
7d727b,0,
83T08A,0,
16fL38,0,
3K5128,0,
67bW83,0,
s0p06K,0,
F18r45,0,
ed25Wt,0,
0e563e,0,
2664M8,0,
B8Tr36,0,
6PtJ3w,0,
085k4u,0,
7W62J3,0,
1w435K,0,
V150gD,0,
L7468P,0,
M036Gl,0,
qk38dL,0,
eDxQE0,0,
3TaX3f,0,
j8NB61,0,
N18426,0,
3152i5,0,
HR83p0,0,
xa56ia,0,
Bis6Js,0,
W5jP2J,0,
Asxa68,0,
Q3TaU4,0,
5T8KL1,0,
11T503,0,
H34C2M,0,
106200,0,
f3U8S6,0,
2oHf2M,0,
0x46G3,0,
Do6dd1,0,
a423fl,0,
EQ54e7,0,
6S233E,0,
566354,0,
8464B6,0,
24g14X,0,
etUX1I,0,
D57dBs,0,
u23657,0,
4YjYb1,0,
B22V2P,0,
381LGE,0,
051044,0,
F4DaJK,0,
P30V27,0,
62v6gI,0,
jlsSSR,0,
b6W7BD,0,
IoC71v,0,
02uxA7,0,
c01c44,0,
22wJJL,0,
J4g5P4,0,
4P57L8,0,
8akSSM,0,
F87if3,0,
36d6jd,0,
F3M7KX,0,
55pb76,0,
LJD7f4,0,
AvU723,0,
HWg8du,0,
C6fUWI,0,
157e6U,0,
8281i2,0,
EjHg83,0,
5j63F4,0,
i2x5xu,0,
lY64Fa,0,
a1rs30,0,
Va5y20,0,
BC6dd7,0,
5r3V51,0,
udWH8x,0,
hWg7sn,0,
g6UM0T,0,
3r42e7,0,
V31Pvm,0,
0S075c,0,
124y5t,0,
I322I2,0,
36S411,0,
bfBq8X,0,
yc20U1,0,
8TNl8l,0,
5X1UXE,0,
b5BD0j,0,
jk431C,0,
kELVP7,0,
3qmwK8,0,
1tI4ks,0,
UHfD43,0,
644oip,0,
117106,0,
00RWeT,0,
Ds0887,0,
2M8cYU,0,
45BK1K,0,
1mtj08,0,
S1Dbd5,0,
0eKnVv,0,
sY4475,0,
O0i8y5,0,
otMJ7T,0,
J1apXh,0,
hKQv54,0,
Ds1656,0,
327L4H,0,
EC0b7W,0,
4c10gV,0,
332h30,0,
86x07D,0,
7jdPwl,0,
748g2w,0,
6ylPhV,0,
m3Lj8B,0,
854jaF,0,
uM727P,0,
824uQ4,0,
XO2i6q,0,
dG5721,0,
4g70ax,0,
6W73f0,0,
V4666L,0,
m688gf,0,
T0Fg1a,0,
Lk73Q7,0,
1na762,0,
ti6GDS,0,
13Ly8b,0,
8845ki,0,
c76281,0,
D28D6y,0,
Fx2685,0,
LfI0R3,0,
0805DS,0,
7m8344,0,
M5j8u0,0,
2T183m,0,
NghQY6,0,
Qp0q47,0,
ftRuY5,0,
585ApX,0,
Q1cJ7M,0,
44174m,0,
4GftC7,0,
7yg173,0,
kI6BBT,0,
6CtX7G,0,
7772c7,0,
6U50I1,0,
8Luw42,0,
430e43,0,
040L0q,0,
U1D236,0,
17m744,0,
x21482,0,
315eX4,0,
INKCc6,0,
13L65o,0,
4a4t22,0,
1vwh78,0,
NidXan,0,
73r84b,0,
Di6BG4,0,
0PR1WP,0,
24pA42,0,
F03X3s,0,
y44o6f,0,
PHDx4n,0,
Grq2EU,0,
tw6K3j,0,
6260Sn,0,
7NSp3O,0,
Jr162E,0,
41Y46G,0,
q05b8S,0,
7Y3jt0,0,
D1B6i5,0,
60Y6Jb,0,
8Um04P,0,
3LP7R2,0,
521f5W,0,
iREsS1,0,
5e1a8V,0,
hc2dF7,0,
48WJo6,0,
8183N0,0,
57Lw40,0,
Dq7qA8,0,
Lu0b8n,0,
H5e08U,0,
YYfQ5S,0,
32Wn86,0,
Uc4Qh1,0,
W0il7y,0,
5Xef4U,0,
5x74v2,0,
2038A6,0,
Pc121G,0,
2E2JfJ,0,
N4W66n,0,
4Y2LRW,0,
6lad4k,0,
0L7Q7B,0,
R87t6b,0,
7041h3,0,
L60503,0,
66B32m,0,
0bI84x,0,
HV0821,0,
mB0u0a,0,
6s4YQ3,0,
1701x6,0,
15Q31k,,0
IA7147,0,
p24OK4,0,
C5Hh7I,0,
sus7cn,0,
3hg14s,0,
ytGi74,0,
Ho7Wkp,0,
81a7J6,0,
Q02a5O,0,
vC0c4i,0,
4030e2,0,
paX28y,0,
q8y73g,0,
680p8c,0,
Nia011,0,
QM0pK4,0,
N35O4j,0,
wQFB28,0,
3eJMs2,0,
sV28O0,0,
kgYY52,0,
GpU1oo,0,
I6NW82,0,
AVqWsx,0,
suil4k,0,
XIW047,0,
P4oG62,0,
7oQ7qu,0,
hx3385,0,
GWa8k4,0,
SF4l75,0,
Q4y1JW,0,
7O3N18,0,
s34688,0,
gi1U1R,0,
Bt081I,0,
F5Tth5,0,
ah3387,0,
R882OI,0,
7L6TgB,0,
752210,0,
p1w1CQ,0,
MB2DNM,0,
S8dhHn,0,
b7vnf1,0,
iQU6Ei,0,
YgOq70,0,
454D51,0,
t0j8E8,0,
452B7u,0,
TJ46GW,0,
0q3ikb,0,
83Ll8W,0,
2JJy0Y,0,
R30CO1,0,
Av2323,0,
G8672D,0,
83Nm8S,0,
7N6W11,0,
An75Pk,0,
32a0ea,0,
M4f820,0,
2v0A1h,0,
6qpRJ0,0,
itU8es,0,
7X832X,0,
3128ET,0,
131o3R,0,
wo0143,0,
n72T72,0,
6o0XjD,0,
18x18V,0,
t0PUkL,0,
8Kxm46,0,
ci40mx,0,
B105l0,0,
diPH71,0,
1P5YxO,0,
p808O1,0,
bM7718,0,
eR2p5X,0,
O40B1e,0,
x730n3,0,
e8N156,0,
4SK3pg,0,
40G0H3,0,
28JQv4,0,
6A517M,0,
R6mNPs,0,
4gYM2E,0,
1nF3S5,0,
w0t1c7,0,
32D378,0,
s44w1m,0,
lQW686,0,
0fMiBW,0,
b21G8w,0,
7B7u11,0,
Y5j16d,0,
7TyNF6,0,
85B2Rv,0,
75MR5I,0,
e60LJe,0,
5R6ie3,0,
7FP434,0,
3SefLW,0,
13r1IS,0,
F1CD6A,0,
6H8K6l,0,
5X1IOc,0,
86f34M,0,
ub360a,0,
GR8r0y,0,
RCp0S1,0,
6Y87oc,0,
32hu51,0,
777v27,0,
03Yp03,0,
055b88,0,
666IxI,0,
60Ea41,0,
WXtY4R,0,
UKx3Q4,0,
ju84D7,0,
bj5UsG,0,
k55YtG,0,
u23O0u,0,
V6Xpm7,0,
y75mkA,0,
Wqdj2J,0,
V87dh1,0,
1YR55I,0,
V4Dc1Q,0,
PC7177,0,
4pbw1Q,0,
624553,0,
2p85TS,0,
VJ2qf1,0,
U7N3Bn,0,
412YIo,0,
HPL2gA,0,
LvVf16,0,
UKdyax,0,
g6O00K,0,
7Y52q3,0,
AoAH8l,0,
368Mp3,0,
144e2r,0,
8q7vf3,0,
cap840,0,
s4TQJE,0,
Q28R11,0,
3Fuq6h,0,
qc6xg8,0,
0p5638,0,
01Nn46,0,
67Ug47,0,
23kP8j,0,
w2m234,0,
VVM8t1,0,
q11P35,0,
K35OP0,0,
4S2S67,0,
0b52oq,0,
vn724K,0,
IE68S2,0,
x70t1e,0,
b3660f,0,
fy0632,0,
ip8C74,0,
W1hk8O,0,
q2q22W,0,
a008l6,0,
D7yRD8,0,
48yF72,0,
1g47f8,0,
0B8881,0,
EQ00an,0,
Bo4Ky7,0,
68P742,0,
472nl1,0,
EJIQdl,0,
IldlA0,0,
56rKt5,0,
JiX4m5,0,
0Yl88P,0,
4oX7y2,0,
U6Uk78,0,
EVVgHH,0,
4AgYAJ,0,
JkQUU8,0,
0w05W0,0,
6CR43y,0,
8v38Ti,0,
w15x04,0,
3Ca13O,0,
KTMJ8M,0,
27N722,0,
3863u4,0,
84p424,0,
dXFTC7,0,
b251Q6,0,
1iA41R,0,
gT3Ky3,0,
W1e386,0,
Fa5884,0,
5Uj2Qc,0,
mvR26P,0,
1s344h,0,
wP765L,0,
22Akcg,0,
3CvH06,0,
u84158,0,
X3qW0p,0,
751BMO,0,
F33652,0,
xvFH5r,0,
2ooc63,0,
17p334,0,
1sl3O5,0,
jYi4u8,0,
75LlA5,0,
JO87f2,0,
3582iC,0,
FTv138,0,
O5e7dX,0,
2047kA,0,
5v03jq,0,
d20816,0,
5Ihllk,0,
i1D54y,0,
1d225e,0,
lwR0q7,0,
8261p7,0,
hlpv8K,0,
E8nP0S,0,
tD8Aq8,0,
A1yd3O,0,
3558RJ,0,
5OEAlT,0,
034ywO,0,
0j414v,0,
7Yr8R3,0,
04KFo2,0,
2jkH82,0,
MU8OCv,0,
qA002k,0,
4O0hB3,0,
2E28m2,0,
xcRP35,0,
FBr52R,0,
33yS7o,0,
v31O55,0,
IS4qx4,0,
3SA40R,0,
614101,0,
221ul2,0,
EtC2Sb,0,
6e1EP5,0,
DrDjJn,0,
85158J,0,
YnHJci,0,
y7852H,0,
636UCm,0,
Kse517,0,
b6t700,0,
f80s61,0,
74p446,0,
mjKV1l,0,
556h5y,0,
6tvmwK,0,
IlI4lv,0,
3VNi0C,0,
U41W28,0,
b185r8,0,
1757G0,0,
6C856y,0,
n2Iy2g,0,
jI1754,0,
c7TY1P,0,
t18OC6,0,
x4u08D,0,
r6lk66,0,
hvWPx6,0,
psvq56,0,
C6013D,0,
7HfA50,0,
UaQ1IH,0,
5cCe7q,0,
4e4U57,0,
Rl6517,0,
0B6X2K,0,
68h210,0,
25xTUU,0,
0T2O71,0,
74pL3t,0,
fg84Uj,0,
of6gg1,0,
70f0hR,0,
1A080S,0,
2j188F,0,
T511r2,0,
35ykU0,0,
X52Q68,0,
8sD8TT,0,
QFJq4T,0,
766Ixq,0,
142300,0,
46vDH3,0,
ka0618,0,
4cR3u0,0,
sc4igx,0,
2kTT4A,0,
Bb8DDy,0,
13HHX3,0,
541eeg,0,
lPD6xb,0,
vgYF2X,0,
5n4bi0,0,
5pId21,0,
2ICyP5,0,
0CiA5j,0,
V41j3b,0,
7No644,0,
yGV6K8,0,
365l6R,0,
Q235i4,0,
gNaxhg,0,
57pg32,0,
43sQc8,0,
SrN16p,0,
84513S,0,
46Qg8y,0,
ux5016,0,
7lD813,0,
pg65hG,0,
10077T,0,
b80226,0,
tAR4f0,0,
p4vt06,0,
2184rH,0,
26hBd4,0,
N651i0,0,
876382,0,
615227,0,
q42s0W,0,
4F30F7,0,
u833s6,0,
7jIgo5,0,
M4vkYd,0,
801741,0,
6R31kQ,0,
p23P2Q,0,
331A18,0,
i78331,0,
3u6By2,0,
KsriA8,0,
RbT0LH,0,
0Mwsjq,0,
746D26,0,
8W2yh2,0,
j7VNma,0,
H60oM8,0,
18I0P0,0,
1iE8I0,0,
U00723,0,
M2Lp08,0,
850fTq,0,
7vexXB,0,
V5F235,0,
j6K238,0,
1rmv86,0,
k56F1k,0,
1mwPYV,0,
176U83,0,
X51cp0,0,
hMw04U,0,
vJXaer,0,
76hq0I,0,
6v7XRP,0,
2h3CLV,0,
Xq6b8i,0,
812DD1,0,
12xwXG,0,
J7Wge2,0,
ji86S2,0,
17Y7IJ,0,
2B4547,0,
8TN104,0,
un1Q5G,0,
0uhyfy,0,
5U84VJ,0,
270lD4,0,
288U3k,0,
7811K1,0,
UXLS27,0,
8O7G68,0,
17lc1v,0,
3h4o8K,0,
824C03,0,
BFVq7k,0,
7U36K2,0,
1Q5735,0,
2Q5ppD,0,
24hQ72,0,
836G28,0,
uNXln1,0,
vSuWb8,0,
7W3113,0,
673535,0,
w07QN3,0,
k1j15w,0,
GQrxv2,0,
126m11,0,
06805c,0,
cX1l60,0,
0On4fr,0,
8Y4su4,0,
yg5h4q,0,
2W0P30,0,
qgU6Tp,0,
Fud64x,0,
Xn0815,0,
Dl51PP,0,
275113,0,
p38g8n,0,
11R34K,0,
6pr644,0,
esQ06w,0,
NH53hB,0,
N4J332,0,
sn2s38,0,
0M756G,0,
1DaI31,0,
DT76m8,0,
QJL10M,0,
j0V4Y1,0,
55YUc5,0,
50m6CH,0,
84B1dc,0,
wy5b42,0,
1688Cl,0,
0CRsc5,0,
r78368,0,
3e1s64,0,
U2Gv4I,0,
744u25,0,
61sU2p,0,
m4168G,0,
0cpS6O,0,
64SSa3,0,
7260C8,0,
5y3PPM,0,
cp5655,0,
8W1tOK,0,
qBD6b3,0,
2ALO4v,0,
044akC,0,
4H5t46,0,
1R30FT,0,
0PVw07,0,
4MAgny,0,
1736Lp,0,
6ch2Mh,0,
44V4f5,0,
3QNPyE,0,
bL845T,0,
86d18E,0,
304411,0,
7Q58f3,0,
8M866f,0,
C46wf7,0,
j1538o,0,
78C877,0,
x8EdJP,0,
18o74F,0,
7G0h3j,0,
A463MC,0,
Ea711W,0,
H843r0,0,
f8h74O,0,
k36A74,0,
6C3283,0,
EUU61e,0,
kC2155,0,
f1X6aJ,0,
RY8Ak1,0,
55sImC,0,
Ibs0LD,0,
0e145L,0,
7u1Ci8,0,
sX70rw,0,
5h2405,0,
YmS8oV,0,
1VL52i,0,
1S2858,0,
bA1215,0,
H23525,0,
PR0G00,0,
qvb38J,0,
3VXLi2,0,
52bi4Y,0,
t220O1,0,
17I24q,0,
sa2n38,0,
Or0PgV,0,
30wG80,0,
67nRJJ,0,
Ev7f52,0,
ES6f7J,0,
n76R2E,0,
88ga81,0,
6Bu01A,0,
HuO42F,0,
k0mi2C,0,
7fY644,0,
81H084,0,
sEuQw3,0,
13F58K,0,
232246,0,
W66F70,0,
26271K,0,
60e671,0,
Iki2Cn,0,
Myj823,0,
C2GnTm,0,
25f420,0,
1c1akI,0,
greg87,0,
217IYT,0,
0at20S,0,
De2D5s,0,
h0Banc,0,
546g8k,0,
u4Q817,0,
Lv3Lf1,0,
IUE7u1,0,
R2deDu,0,
7q1Qi1,0,
7yQDP8,0,
4LBNj5,0,
317058,0,
022Oig,0,
jNdr5H,0,
I3U6K0,0,
5605Qx,0,
Mw572U,0,
8Ub8YQ,0,
k4VBga,0,
SD0258,0,
on5kek,0,
pb7XDY,0,
383xTt,0,
627n86,0,
7Hj3R5,0,
q6C57A,0,
XB71o6,0,
8H8p7x,0,
473L6V,0,
1s46P2,0,
UM5036,0,
FL24yv,0,
1kq2YS,0,
y05OQ5,0,
B777V0,0,
7P521j,0,
255u06,0,
1D7J03,0,
147660,0,
J4pF3J,0,
1Ufu27,0,
Y4lL54,0,
U7fJ70,0,
vl1viL,0,
P6rpG7,0,
0v5wk3,0,
My2K35,0,
Avv26i,0,
4407r6,0,
43X10w,0,
Y1p15n,0,
KOx20C,0,
NVU2X6,0,
6212h3,0,
H34J5b,0,
pmo8r3,0,
a2B0So,0,
0GUgSr,0,
X40K3m,0,
451s41,0,
S265gB,0,
65521l,0,
Gg8b1O,0,
7518Aa,0,
7f6G1l,0,
3F4XS1,0,
G1Gw0R,0,
1W6Ymd,0,
8vbO47,0,
NC327X,0,
Q0l10g,0,
jvR638,0,
S8DC72,0,
42b106,0,
HKq1j8,0,
H4Mm03,0,
50mw31,0,
4XR8Jj,0,
13Tb2s,0,
6NK3S0,0,
Eo5oxo,0,
1KgYbw,0,
47e8v0,0,
43Ew17,0,
l7pBe6,0,
6f0x50,0,
1l8b1R,0,
dF5V5A,0,
Dgp40Q,0,
86W05a,0,
5XQ0BI,0,
lt68fo,0,
75588V,0,
04E0Ir,0,
5F34ph,0,
53203Y,0,
P43478,0,
EdGU6N,0,
8aL08q,0,
550q77,0,
HAM5LX,0,
v5U2Q2,0,
6i4EXY,0,
858747,0,
q3rl5n,0,
66L6m3,0,
A217E4,0,
56ieAA,0,
6jK7Re,0,
M52v6S,0,
01656M,0,
1SC3J4,0,
2YWY58,0,
0Dekdo,0,
756J32,0,
2a1Q3K,0,
47dB8h,0,
05rD0F,0,
711h51,0,
xfUI11,0,
E506M6,0,
xS4O12,0,
0W6pCj,0,
7Qy8r3,0,
M6611T,0,
13GA0Y,0,
vD0OR4,0,
72e7uT,0,
i8I0Yu,0,
6rxf3i,0,
Tg1lub,0,
54Md68,0,
lvgak1,0,
b40sV3,0,
2lK3mX,0,
bK51M0,0,
g332n1,0,
8Y2454,0,
14vY85,0,
o863OC,0,
1s752A,0,
Ogs5r7,0,
0Y068X,0,
l4mV2j,0,
d5bvRq,0,
58370B,0,
Y50pLH,0,
27113G,0,
5303Q7,0,
2oE67I,0,
F286C8,0,
2RKw3n,0,
oF06y1,0,
FD3RD0,0,
136C53,0,
A3MS12,0,
s1sT26,0,
0cT5Pc,0,
7xa74y,0,
02L522,0,
HOyHow,0,
78xwE6,0,
33A1pi,0,
4c380g,0,
16482Y,0,
J2y788,0,
Xqi37S,0,
PI54p4,0,
tHyo8e,0,
ODNL2B,0,
Y8rH3T,0,
o75n5N,0,
lf1vqf,0,
x78eR5,0,
74J4s2,0,
P04mWX,0,
XsM48J,0,
3ELKuo,0,
870d36,0,
A4TOAh,0,
3Qv6vJ,0,
whX3b3,0,
P606bK,0,
mKr464,0,
2yXaR7,0,
5SL8vX,0,
8h6o1y,0,
7S04h1,0,
D5k067,0,
4rgIIs,0,
3Y420Y,0,
j628Vb,0,
15148K,0,
Goy514,0,
8N63UK,0,
Ij05PY,0,
UuFG32,0,
2x2V38,0,
R2680U,0,
O1M073,0,
mD62Ue,0,
0Un00W,0,
qAXEQN,0,
i74822,0,
SDs67e,0,
V48D5c,0,
8FNcdv,0,
5n6p63,0,
A477X3,0,
m3x12w,0,
0t7J61,0,
0F5Vt0,0,
W0R8Yt,0,
Ug6d05,0,
kf5k2n,0,
520i60,0,
L2412D,0,
iqahV4,0,
537u88,0,
8B4Y03,0,
847Q55,0,
WP2KeX,0,
06jWd1,0,
bGA8A1,0,
kCQ2U4,0,
04235P,0,
Tv7326,0,
Kk81M5,0,
53hN7N,0,
Sd0056,0,
3h8m11,0,
07FT47,0,
c666tX,0,
k6vnD6,0,
m18101,0,
58Jl4E,0,
53D6j3,0,
2Xf017,0,
2Opl83,0,
J50L8W,0,
s0cU63,0,
33Ui2e,0,
y7A5Q5,0,
66foSF,0,
jO707G,0,
6f3WX3,0,
76xNcV,0,
82BI7J,0,
f55W61,0,
X3uW36,0,
dk28A1,0,
nb375a,0,
M65cS1,0,
4360f0,0,
6hXmU1,0,
x5J07A,0,
2w4402,0,
n7g81D,0,
0mi8n0,0,
ag1Exj,0,
3RT74I,0,
qmxKEN,0,
d85CXY,0,
RSma45,0,
l6p24N,0,
3582uU,0,
325u0q,0,
61213L,0,
B46506,0,
6DDU5F,0,
Wm6M66,0,
F3I2kU,0,
n0aFP6,0,
0r846L,0,
1hTI2o,0,
155320,0,
2u4ym1,0,
7x521g,0,
76K06d,0,
7h4s67,0,
HhDH21,0,
c2336O,0,
2N52S0,0,
vk7Na1,0,
1XfD66,0,
E420R8,0,
OH87VH,0,
R8E43N,0,
18Tkf0,0,
44l0Dy,0,
4E8831,0,
h850S5,0,
077J6k,0,
77nJs0,0,
EO454p,0,
n748G6,0,
U6773R,0,
O62na1,0,
FbDW83,0,
8t4L66,0,
4px3VX,0,
H7OK5i,0,
K018t5,0,
C64WM2,0,
747s53,0,
c7HlO2,0,
0wG2K5,0,
0N8ew7,0,
w0m3Qt,0,
66d1w3,0,
r7xmRX,0,
5Np574,0,
04433n,0,
767Qq4,0,
Dm7Xg4,0,
6SR443,0,
B7o4p8,0,
4oxHXn,0,
sUP2N8,0,
06840I,0,
62g88O,0,
o5625A,0,
aG52MB,0,
Wx3lH3,0,
4oGsDR,0,
M2fw56,0,
u24arR,0,
J55I6G,0,
78MjVk,0,
gT33o7,0,
063O53,0,
4T6C81,0,
1g5285,0,
hrvyG2,0,
l1dRXH,0,
4f83sK,0,
V3R813,0,
5J6303,0,
6WdM1x,0,
yv3dkB,0,
iW7000,0,
J07W53,0,
7t8D12,0,
nh5454,0,
275qad,0,
t3J330,0,
8H8rJ0,0,
EAtY2k,0,
B5Y8Mf,0,
8j2kBq,0,
0b8824,0,
7M4343,0,
q40Ii2,0,
fMa1if,0,
0P4m4g,0,
20734e,0,
176455,0,
Lyw730,0,
6MBji7,0,
077222,0,
441L0w,0,
a1a34h,0,
75vM74,0,
Gb8650,0,
Wq763P,0,
1q8t8r,0,
1DC8A3,0,
M4dC07,0,
AY7M0D,0,
wP0dw2,0,
717iX3,0,
irN8t1,0,
274285,0,
ly8408,0,
1yAgeq,0,
0c0AJH,0,
2a87Pt,0,
U4Qaf2,0,
nK4Q80,0,
7W355h,0,
2U76H5,0,
3166qT,0,
477476,0,
8ATqyT,0,
HR4W22,0,
qU7L4N,0,
Bl8G76,0,
0LITM6,0,
T1662d,0,
4648D5,0,
3E0l7g,0,
4YHbqK,0,
418U3N,0,
74J733,0,
vBKnGO,0,
6hupI5,0,
l8Ei3i,0,
4h37ao,0,
nOMI32,0,
YFJX17,0,
Mi25w5,0,
w8Db6K,0,
I35U7e,0,
u3B0KX,0,
820534,0,
8HhU58,0,
aYjXcp,0,
P4ta47,0,
61p6N0,0,
6FX6qT,0,
14i2HY,0,
2800Nu,0,
8WsjW0,0,
445021,0,
VssR06,0,
3SS374,0,
2e10On,0,
Nmwxt3,0,
DT3Gk7,0,
V6X5J5,0,
u6FRg6,0,
25qQh7,0,
72d1q4,0,
822pBr,0,
0Q20A5,0,
1132ld,0,
77F64D,0,
o8x4ED,0,
YeW08p,0,
4L03d6,0,
yN05fo,0,
3Krw43,0,
KP16G0,0,
68vV64,0,
F1232b,0,
22616h,0,
j8216g,0,
ePE72Q,0,
256M36,0,
4esN3c,0,
02Tvbw,0,
1a64rN,0,
0qQ033,0,
644XtV,0,
77b627,0,
iH11Eq,0,
Q58V4e,0,
7q4450,0,
3wh0xf,0,
4363XY,0,
WcrBYN,0,
452pM8,0,
yHH01F,0,
8AV8Nl,0,
81VG65,0,
5q5GGU,0,
Di318R,0,
3a5I5Q,0,
3Qep2e,0,
C86Le3,0,
G12d7S,0,
801238,0,
J0Q461,0,
3FUN85,0,
363H0v,0,
20ny06,0,
8Exi87,0,
3pHhPL,0,
865Mww,0,
pGe4VK,0,
iPJ7Wq,0,
658c36,0,
x206M8,0,
k050yS,0,
6VqK27,0,
43g4Xn,0,
Mf02tq,0,
3L8huD,0,
qr6GUA,0,
fwWs2s,0,
77ih4N,0,
1427BT,0,
bCP4o4,0,
lN0087,0,
AKJUX2,0,
15xn6A,0,
h1Ctd4,0,
6U630P,0,
Mp8457,0,
qF742w,0,
cH00In,0,
OwEYH5,0,
2a73A3,0,
kCU0HV,0,
hA2o1x,0,
8t613N,0,
7ORb01,0,
o32T27,0,
2s8F72,0,
qMr3PW,0,
7331PK,0,
yNfAk4,0,
72m6l8,0,
ER14mJ,0,
0835Yw,0,
Ey281n,0,
3l483d,0,
62j84P,0,
62T4x5,0,
0885T5,0,
0yR0A7,0,
84t61y,0,
15r616,0,
d542VD,0,
2q1432,0,
Mj5sI4,0,
3K783X,0,
J5444o,0,
2i4167,0,
K4sAY0,0,
F2580F,0,
A17m8k,0,
U26Xo1,0,
4dt468,0,
8w6WG4,0,
4pcL51,0,
723g60,0,
58Y1c3,0,
02Rr3H,0,
eY88bv,0,
3rK722,0,
g4O3o8,0,
in004N,0,
y68j2s,0,
84p3Bo,0,
kQKu62,0,
35dE85,0,
7u5551,0,
N24J1f,0,
4045AS,0,
4fWs34,0,
0K3430,0,
El6rJc,0,
N71B40,0,
4vTaW2,0,
1H12y4,0,
01220j,0,
6U4265,0,
yx0Bo7,0,
kLj6cc,0,
teI103,0,
G68nX4,0,
77w31y,0,
8w438a,0,
02H34I,0,
24PXL3,0,
6374ln,0,
MDr36L,0,
58KfrM,0,
qIo24k,0,
Ik16au,0,
3mDyV4,0,
ss2VM3,0,
4TF63Q,0,
y0dn2X,0,
By0p51,0,
01NJ3j,0,
1I01Xn,0,
k6r0X3,0,
K4EH8k,0,
J5A7e4,0,
2nk4EL,0,
lx1U77,0,
5M5wcb,0,
tUmOa2,0,
6eGPWL,0,
N0xX6f,0,
75B822,0,
Y60ms5,0,
u7166o,0,
BA7m22,0,
672543,0,
4jwc46,0,
y1768a,0,
U1742F,0,
17GdVt,0,
mLRwhc,0,
f517C8,0,
MjpJ0F,0,
7d25xS,0,
UKHxPM,0,
Q8v231,0,
8U168O,0,
ok1h3B,0,
v2L802,0,
7k72q2,0,
joD7d7,0,
gP0YiE,0,
qP3DRP,0,
KpP728,0,
S36q2p,0,
617E86,0,
Wg7823,0,
a13614,0,
O00X00,0,
4I3703,0,
d4o6Y0,0,
p1T346,0,
7XFX4x,0,
0K7DM7,0,
Y220K8,0,
7iA15h,0,
354E53,0,
314eBj,0,
2IMt7Y,0,
MH662i,0,
3214li,0,
4A172D,0,
43YYUY,0,
33e0v5,0,
F70vMc,0,
L8F3y8,0,
otPB1R,0,
E6e4Tm,0,
h2088b,0,
v7GkLa,0,
04iw45,0,
WLQf47,0,
15ldm1,0,
SeKN1V,0,
2c5584,0,
1NaQ3R,0,
6JtW4q,0,
nY32Rw,0,
Kw1g82,0,
472Y7K,0,
4LYd64,0,
2pYD3s,0,
338867,0,
0m27ae,0,
4CD57x,0,
6W6a3J,0,
E0l34k,0,
74010B,0,
123l18,0,
X4T22R,0,
q42s47,0,
5oxBX2,0,
2NeI47,0,
ocf0kF,0,
QW77O0,0,
2th4iP,0,
Qp5a4x,0,
624Pn3,0,
20V317,0,
1t0Nf8,0,
YXQMa6,0,
NQkk76,0,
16Y282,0,
2D83h6,0,
113G2R,0,
5B6KyO,0,
geMN75,0,
r1Y8eB,0,
26yft4,0,
l43d52,0,
0Wy520,0,
M7GE25,0,
8Ql064,0,
4ywB8K,0,
03A037,0,
P57UE2,0,
V7H2J6,0,
75s64j,0,
L62AMH,0,
5bs7TM,0,
vd3u70,0,
t8s543,0,
f3v5SM,0,
22m740,0,
6sQv3L,0,
B66024,0,
r460a3,0,
A87MM3,0,
T7665U,0,
30Aqg5,0,
4K81hl,0,
8f7Ipl,0,
36a81E,0,
17C781,0,
Vfry0q,0,
oG5655,0,
01GSxG,0,
513GtQ,0,
2fJ3k2,0,
bwqh07,0,
3f4357,0,
a71JR1,0,
h3M6g1,0,
Fp3654,0,
286R3i,0,
l221cO,0,
SFq2DG,0,
7W67jv,0,
u1LPm5,0,
iW4mh4,0,
3yCMSK,0,
5tjx1p,0,
7waAWH,0,
77m1p4,0,
6Gq703,0,
B7Lu74,0,
30bN4i,0,
3O04D4,0,
tx1mB1,0,
6510Eh,0,
36045m,0,
83038Y,0,
llm710,0,
2604SE,0,
3v7qwG,0,
7WvJp5,0,
0sH4dG,0,
kpH785,0,
4aUi64,0,
5hJO6o,0,
sCHJD7,0,
751A27,0,
S507Q0,0,
x7D0U6,0,
6r6670,0,
5735M3,0,
X5uT44,0,
4657Re,0,
40t16d,0,
QA37G1,0,
0U1M46,0,
8fcAR2,0,
lJP5S7,0,
jA7fm8,0,
2kSW1p,0,
0E5wRs,0,
J854rT,0,
6P82Jp,0,
4yT5x5,0,
105efC,0,
00vP8J,0,
06LJfe,0,
Qv61KR,0,
8P2e87,0,
7NK606,0,
d3868w,0,
juF7N7,0,
55007T,0,
7OjK05,0,
HHKNjB,0,
F3a30D,0,
727482,0,
4m2580,0,
5474w5,0,
84EkG0,0,
245O45,0,
U048EH,0,
5SBuOe,0,
830SIT,0,
vuRSff,0,
eF0fbI,0,
og70BS,0,
2626My,0,
167SF4,0,
3J6614,0,
J576Rr,0,
428484,0,
8XA5p2,0,
8bSD70,0,
473W60,0,
TrcC4g,0,
G4IQQl,0,
63cg54,0,
123wXu,0,
777T0t,0,
8Lb37j,0,
XaAM0J,0,
28uT15,0,
b565NJ,0,
36g17M,0,
1468OY,0,
74E6w6,0,
F25o80,0,
dF7385,0,
762Fv1,0,
510102,0,
0U212n,0,
474JU1,0,
1nTs7M,0,
B063H1,0,
L3F85l,0,
J4mV30,0,
2EC6p3,0,
N72Kq6,0,
4c8c3J,0,
582HnW,0,
4VgK50,0,
jSG62t,0,
W68t68,0,
0G67o0,0,
Q350x2,0,
1VqK4b,0,
yj6768,0,
sLeo01,0,
6H0uF0,0,
f832X1,0,
8860o3,0,
4t77rW,0,
58OF88,0,
N53Q2Q,0,
10bTrR,0,
E20877,0,
C057Te,0,
mr5FOD,0,
SJ7i17,0,
8q7525,0,
YX8K1x,0,
3162Cl,0,
64v1S3,0,
hvq1N2,0,
8A313e,0,
nUq703,0,
CWD8rJ,0,
4E2YU4,0,
34U627,0,
Fu648P,0,
f3U14K,0,
2H6e0y,0,
04GM7b,0,
R70k67,0,
EI0g1K,0,
M67605,0,
It682i,0,
08r3mE,0,
x5w68M,0,
gx28b5,0,
201548,0,
fH43r1,0,
A3bk77,0,
15G07E,0,
388843,0,
7o0KR0,0,
3H2xPS,0,
56BA30,0,
L7x0M5,0,
77Wktl,0,
M87Y85,0,
JQL8F1,0,
404efr,0,
d7f2ku,0,
qw22j6,0,
c2k35W,0,
yE73UC,0,
rH86lA,0,
hl8CUS,0,
2152Y7,0,
E144A2,0,
h0h0t1,0,
55pg2a,0,
6HGYI2,0,
6BGVW8,0,
4038P2,0,
xQ0R7L,0,
3Ee87m,0,
U6q43c,0,
62s8h1,0,
5t00K7,0,
35iCUy,0,
05X71N,0,
X7KnQB,0,
5334BP,0,
0d4K5L,0,
i37j5u,0,
55X8Ia,0,
Ry2x86,0,
3wnjJK,0,
68N835,0,
N711LP,0,
R71nBo,0,
c3v335,0,
MqucKb,0,
ns2365,0,
P5m072,0,
vB06ca,0,
qVvQ51,0,
kc2Xk4,0,
0olD48,0,
8b2qhK,0,
153n13,0,
O67dpT,0,
458vj7,0,
2H2U0M,0,
6C1n78,0,
P07722,0,
4Igg6B,0,
0CRdRh,0,
8E28r7,0,
05R5PL,0,
bgNfH7,0,
11Q0VH,0,
2px22k,0,
1G0b1H,0,
tB54Ld,0,
ysRW1S,0,
pu6sm5,0,
w11832,0,
35iE22,0,
yRS847,0,
57X0Oh,0,
Y44rOI,0,
Mo787S,0,
XJH448,0,
e08kYH,0,
H8c52S,0,
GOC6I2,0,
1MO5S6,0,
ae6hIw,0,
giv238,0,
2QIX8X,0,
Km678o,0,
2f8uns,0,
s6kY5g,0,
U62j03,0,
f45csW,0,
335CPb,0,
88sr7s,0,
x7mYE5,0,
K66E5m,0,
PWQ1oh,0,
5Eg12I,0,
0t77AT,0,
K14Hwk,0,
45Sc1j,0,
48v3s5,0,
00418h,0,
N070t2,0,
oNXL1H,0,
s34o20,0,
h4oBAJ,0,
Q422H2,0,
d45474,0,
5057aG,0,
0r8413,0,
in23Cb,0,
03caGY,0,
D1dbW4,0,
i453k8,0,
XHOmyX,0,
Op206G,0,
3vJ7L5,0,
6r43b5,0,
l68fd8,0,
0lPkRx,0,
Mpb042,0,
D5HL50,0,
p18256,0,
4D1gCJ,0,
U17QUn,0,
6bQ78E,0,
t0ej1j,0,
k0t801,0,
Co68xx,0,
541356,0,
H1457f,0,
P2OW5u,0,
4Irw4l,0,
H54Aps,0,
882u74,0,
WX3S2r,0,
uy486O,0,
Q65lY6,0,
21666K,0,
UpTO2O,0,
662u27,0,
5GhA7y,0,
qy06y4,0,
08H640,0,
rDbk70,0,
O33k2F,0,
5Y7135,0,
7i46C3,0,
xPERs3,0,
76GLna,0,
YhD58W,0,
5Pn6bb,0,
m733v4,0,
53MB7j,0,
tD24m7,0,
3GYD5P,0,
3yt878,0,
5TtMK7,0,
1553a1,0,
38E3kK,0,
Y2i10q,0,
181rQ5,0,
xUHX7K,0,
Bo76Vj,0,
G7l1pn,0,
g26xj2,0,
45s183,0,
IE3Ovh,0,
4VHg8q,0,
E321K0,0,
6d18YP,0,
3h6ou4,0,
G30o61,0,
2F5xev,0,
611G2F,0,
B47E58,0,
nS4Ntk,0,
k41267,0,
t51766,0,
G4g53x,0,
O3155I,0,
F3Qdg6,0,
7uteG6,0,
58nBF3,0,
6i4PRu,0,
56343B,0,
Tj410d,0,
08067C,0,
K54a11,0,
1Y66cN,0,
JMUT84,0,
QASF72,0,
64E16Q,0,
21q63y,0,
4PM4A6,0,
7d3Ngk,0,
75o263,0,
385V2L,0,
5H84L1,0,
516412,0,
5g347r,0,
03Y637,0,
6Kw83w,0,
2b378x,0,
311Lk4,0,
20Kj05,0,
A78154,0,
8I23U3,0,
D44gx7,0,
XQJRJ2,0,
A008yu,0,
fG86cS,0,
IWKyE0,0,
jo76B1,0,
4dHC5g,0,
LA038G,0,
88nQV6,0,
0o60R6,0,
Rf5Et6,0,
0Cr4Dr,0,
5X0D42,0,
5U021y,0,
0kFX62,0,
8s43tT,0,
606083,0,
s24b3t,0,
4Q22Y0,0,
306mkV,0,
jOT8Pw,0,
loj288,0,
mQdcY4,0,
T1i015,0,
My3v7g,0,
M6R7eT,0,
5H0DXR,0,
1Vp3L4,0,
31081F,0,
51Ob6k,0,
64MyCi,0,
lW13or,0,
442Pl8,0,
8N5B2d,0,
2b8613,0,
03746A,0,
86EFy0,0,
77UHC5,0,
X7t5E0,0,
gW627G,0,
TxC0ub,0,
F32o35,0,
yv4Gt7,0,
6380R4,0,
i34V7y,0,
08X7GP,0,
2e5sk1,0,
M372gv,0,
77vOVx,0,
l4G0xq,0,
b8js30,0,
272Dd5,0,
H0Om2c,0,
05p817,0,
U0kc2I,0,
5iBBqV,0,
3uyA8I,0,
2c7p1C,0,
bY4BI2,0,
i30207,0,
vkKdi5,0,
Vx2E8I,0,
d0C5g6,0,
756p8r,0,
bO4T01,0,
PT26X0,0,
2W31Uu,0,
0x2E2I,0,
F72f55,0,
it8H10,0,
A13RbQ,0,
I437yG,0,
3Ly346,0,
800Aq4,0,
CG467M,0,
84pEYl,0,
7ITtf1,0,
g7h62O,0,
1Iwa16,0,
1m7pT6,0,
326K7s,0,
16f5VQ,0,
07otNn,0,
Wc74us,0,
7uld06,0,
QC8SB7,0,
F062J2,0,
2VIo52,0,
6w4q05,0,
50e187,0,
6u43E2,0,
O8O580,0,
76d4MR,0,
36K7xL,0,
kmh83X,0,
0anH22,0,
5J53Me,0,
1u5IpR,0,
c1ddML,0,
et2530,0,
0t18i1,0,
3Wx3tn,0,
W7840d,0,
Ruc3l8,0,
6hdH4h,0,
O8720h,0,
68g85k,0,
132Y68,0,
e4J66X,0,
ne7446,0,
5RXC6U,0,
pIxKa7,0,
Q81FD2,0,
0NtwX0,0,
262fJB,0,
1A8UMN,0,
47646f,0,
x4wA5c,0,
Eo64uD,0,
4H3188,0,
52L1Ps,0,
14826d,0,
wjMU80,0,
41526n,0,
6QV6EC,0,
Hq0lM6,0,
0Yuu31,0,
6654U7,0,
AO2tdG,0,
83x88k,0,
R42Ogm,0,
jrenl4,0,
28NkVO,0,
QJMgU5,0,
sV62e8,0,
14s5re,0,
5L8182,0,
748rwu,0,
147IbU,0,
27s1p0,0,
EUy1x3,0,
B8ufc1,0,
8N385j,0,
6lX18b,0,
63N64P,0,
FdJ8mT,0,
7A162d,0,
Gs2411,0,
8ooG4Y,0,
q4y46a,0,
l88NoL,0,
11HY1p,0,
1r5E25,0,
C3W16f,0,
Tj307B,0,
r45w23,0,
68Yg06,0,
i4aP2R,0,
W8F1Lj,0,
kv3Eo5,0,
113AEN,0,
S076jA,0,
IbF20P,0,
2Gtrq4,0,
p75rLC,0,
qfNIU5,0,
6O380F,0,
p16c2F,0,
3x3685,0,
44GN20,0,
45D0XJ,0,
X4va5x,0,
Qt5hQT,0,
5S4N23,0,
S42ALE,0,
JoPAv5,0,
tbA614,0,
3JDt5b,0,
SH2805,0,
74irCT,0,
5N3xX5,0,
tr2T36,0,
N30t8r,0,
G7237G,0,
VD0B0g,0,
6Y5U2V,0,
d25tYR,0,
G0j3aA,0,
NQeVWe,0,
04Rw05,0,
Cn3qx1,0,
o0W3E6,0,
50ybk3,0,
W4vY25,0,
j36761,0,
77u45n,0,
4S27m1,0,
w2Gcwi,0,
188Q6S,0,
2w7w5w,0,
fM5Ow3,0,
XB8d78,0,
v1b317,0,
072058,0,
8tg2Ma,0,
hY2QOB,0,
4g4g36,0,
SO6247,0,
l5156b,0,
NL7n4s,0,
5T8W64,0,
v6lVLj,0,
B3S0E8,0,
21810u,0,
V88180,0,
G73081,0,
0188f0,0,
A6024E,0,
471bdF,0,
G6WI5O,0,
4X1p11,0,
Pm16F4,0,
sIXru0,0,
AN2465,0,
O5f8B0,0,
017007,0,
3XVlTi,0,
787D25,0,
NAGL28,0,
3mO763,0,
4336J7,0,
t2ONWI,0,
O0Me43,0,
1442sA,0,
01122V,0,
vL76Dk,0,
837m6v,0,
cF1673,0,
3005I7,0,
wjc200,0,
HwdnW7,0,
14y50w,0,
218YD7,0,
QP20g6,0,
2a8U65,0,
u3mh3x,0,
Q3c301,0,
6T23YD,0,
Q5EMm4,0,
w8j632,0,
C4k5e8,0,
0uuV7b,0,
WpQeFs,0,
6y64hI,0,
34p55g,0,
75ewd1,0,
O2K5x7,0,
0Y8U73,0,
157773,0,
vGyfPJ,0,
n6n54N,0,
uU1522,0,
v6W8O5,0,
0NuR72,0,
Yr048C,0,
2d16fW,0,
qcV7PN,0,
Q7nnq4,0,
1me6vm,0,
745y8K,0,
3b20o8,0,
A1d0i3,0,
f326gs,0,
Dp4853,0,
07XmJ4,0,
fX58iA,0,
213H20,0,
00n72c,0,
5VSMjP,0,
NH5sSq,0,
70t75V,0,
e7A4J8,0,
F2t51D,0,
wmxqG3,0,
86cS3K,0,
O7b1jK,0,
57ft74,0,
01Q4Fl,0,
n78g6E,0,
xfWvP0,0,
xO6U55,0,
5237s5,0,
Of62o2,0,
L6kigU,0,
U5h5vw,0,
351768,0,
17T422,0,
jf5217,0,
Vaf6GB,0,
edsA86,0,
3p72hK,0,
b0P6x0,0,
2A4203,0,
8aOXBu,0,
1Wa324,0,
184O34,0,
0u3m47,0,
18noTy,0,
4BU52o,0,
pl30Kd,0,
q2Vy3E,0,
wxJfma,0,
hE1gAP,0,
025Ogk,0,
pge8HQ,0,
640LQX,0,
1Ei708,0,
M64506,0,
7Y81vH,0,
e58yUk,0,
MU2846,0,
5045v3,0,
W3H40W,0,
UL7yu2,0,
dB40eX,0,
Ri5v45,0,
YIul2D,0,
72W865,0,
7n4n55,0,
wc7YFO,0,
dQ154K,0,
560Uc4,0,
yve4Ko,0,
77eLx5,0,
76147G,0,
r886eq,0,
VIEM2e,0,
tFW4I1,0,
76W070,0,
5XAq16,0,
82sm82,0,
0HRQDA,0,
q686xx,0,
4555Cg,0,
184cGF,0,
miu1E3,0,
DY02HJ,0,
F4735H,0,
R34UP5,0,
U07txl,0,
410S50,0,
8hC3ua,0,
3L4Q04,0,
676I07,0,
38uuM5,0,
46N7P2,0,
Cg66so,0,
c317DS,0,
4g0uq6,0,
aFPYO6,0,
50v8F2,0,
VW31C1,0,
r37rl3,0,
f57j2g,0,
1Ju8d7,0,
5w7LAE,0,
Px3j2i,0,
3D23L4,0,
JjNK44,0,
2V53Oy,0,
48iu86,0,
X6E8g4,0,
RV4CKP,0,
20a657,0,
F2278r,0,
Plp267,0,
MD71G1,0,
B812X0,0,
k31o7x,0,
146181,0,
57XmW2,0,
6E17tJ,0,
022611,0,
E7g330,0,
mi0Aj3,0,
32qOhI,0,
4nE24y,0,
8177V5,0,
Hun203,0,
1uDLG3,0,
U2784O,0,
DJy7Ig,0,
lv021g,0,
10371u,0,
A7t054,0,
IdO7o1,0,
7naXVw,0,
m62g74,0,
o58g8K,0,
KKn8o4,0,
7WQ27P,0,
s2Gql4,0,
63YYAT,0,
Ij0TwI,0,
4YB4p2,0,
3iNJE4,0,
q3DmqO,0,
5O0373,0,
60t3CU,0,
Spw34v,0,
1a7u6m,0,
Mb81A7,0,
456tC0,0,
l6dK7w,0,
715C3t,0,
34B2fY,0,
m1nuY5,0,
x6n55U,0,
4bOy3p,0,
5d21l5,0,
Dp0843,0,
Cp61KB,0,
L4Ya30,0,
q7N5y0,0,
8T3178,0,
M771wQ,0,
sW22l0,0,
m55q38,0,
yEC43M,0,
48IVxN,0,
30716S,0,
146Syu,0,
xvjJq1,0,
1v36K0,0,
4q1qDm,0,
bX62ot,0,
Y5k24X,0,
f1412y,0,
73x6j2,0,
i8i566,0,
3X0n68,0,
g47n5w,0,
R37hl8,0,
6squl8,0,
77GFaP,0,
75N884,0,
4G2kG8,0,
hl13I2,0,
UrbdDk,0,
aj70aw,0,
km3Gwx,0,
m0BR86,0,
67U42h,0,
42Y312,0,
7d33g5,0,
2y7742,0,
vXOWbt,0,
C60q6D,0,
13t3C6,0,
5uBb37,0,
Yg4B88,0,
yWI1QO,0,
MpXc66,0,
42BBpb,0,
f1d7JV,0,
0Q8c25,0,
1vVEMN,0,
023641,0,
25UK6t,0,
3c38gX,0,
0wmR5R,0,
77cA75,0,
7D2w17,0,
543170,0,
4035Wo,0,
5nP17p,0,
P2qJ6G,0,
j6h6W8,0,
11kUwo,0,
c3FiPx,0,
X31825,0,
43S14u,0,
teUW0m,0,
i160U4,0,
dXwr63,0,
M583S4,0,
IE5G1J,0,
lv4365,0,
JR1Dx4,0,
5152s2,0,
4731Eo,0,
21Fp34,0,
45x7wt,0,
hbLC82,0,
Vu08h1,0,
40718t,0,
q8j05b,0,
0NuN20,0,
M73H4v,0,
F17fM3,0,
B77tO5,0,
06qf8S,0,
xv467s,0,
ulC377,0,
43vT5l,0,
T4765H,0,
3rN0k5,0,
120rD3,0,
kD7K82,0,
2Pdq48,0,
c47277,0,
0Fr073,0,
4qPm74,0,
01N730,0,
k53X0i,0,
5kgV50,0,
32y582,0,
6v750l,0,
5N4sT2,0,
7iI7i3,0,
73cOP2,0,
hF0Smx,0,
83AF53,0,
78E3fW,0,
w8vU03,0,
1hgrsp,0,
876tH7,0,
2078wO,0,
30xkN4,0,
530l36,0,
1612MU,0,
435A17,0,
XL1088,0,
JM45y3,0,
yD0a64,0,
427F12,0,
1587Wv,0,
57Pj12,0,
37aAkS,0,
7IT405,0,
Er487P,0,
K8i258,0,
e7k48e,0,
s3Ck17,0,
803D07,0,
oo2xCO,0,
xY530e,0,
cO5663,0,
818824,0,
QII32K,0,
7m20rq,0,
564ji4,0,
4M4N31,0,
7H0P4U,0,
fQGT53,0,
x1v016,0,
I3X58D,0,
dlW1sb,0,
2SDt2p,0,
1kI6im,0,
63h00Y,0,
uXNL80,0,
cdaAs6,0,
56p76F,0,
5wcX0y,0,
6q0D4Q,0,
4k521x,0,
3H8321,0,
s78QI2,0,
uQ38AJ,0,
qx50DR,0,
Og5MRR,0,
r6PVO4,0,
4yBHvC,0,
075u30,0,
K0831F,0,
5kh5Y8,0,
65k041,0,
j2O7X8,0,
b0Tv3q,0,
032EUD,0,
53L2bD,0,
sm605U,0,
KybNP1,0,
o14378,0,
h6io1T,0,
fD24k5,0,
870aAW,0,
o0i207,0,
Ees64t,0,
24K74f,0,
H0Fk7S,0,
0nI7c0,0,
43Ukg6,0,
76P74p,0,
bnh248,0,
08V8a8,0,
XOn716,0,
w47nhm,0,
2kal17,0,
5P5Ef6,0,
K7DnT0,0,
07CLHQ,0,
3062o8,0,
nY7w27,0,
3gX4PE,0,
Op8bh6,0,
1Mp714,0,
rUw34y,0,
3C70h7,0,
k8yi15,0,
QTUC7K,0,
871a5Q,0,
GNkfl2,0,
J3P5r0,0,
6t5J51,0,
050m35,0,
60Dhk6,0,
8637Ii,0,
4u8y0J,0,
7lECGE,0,
82g3VG,0,
83NEy4,0,
d483eB,0,
q3k03Y,0,
U737RC,0,
B784vu,0,
77as7w,0,
414x1E,0,
SJ56T8,0,
k8BlB1,0,
107075,0,
S4422E,0,
5aJ7ny,0,
0sT1c7,0,
6wnY61,0,
bF454V,0,
47d07p,0,
3a3CW3,0,
7F8xnr,0,
6q3Njw,0,
7y5TX3,0,
UEN53y,0,
r7PsIP,0,
1CFi72,0,
1ijJ1v,0,
274CDI,0,
Tl3dB3,0,
MG2l34,0,
2J78d1,0,
Y40G4w,0,
md051c,0,
61PXum,0,
T47Jgt,0,
703wa8,0,
G03kp2,0,
038RU7,0,
77560C,0,
w76Hb1,0,
cn613t,0,
N2460V,0,
7q077U,0,
R822e7,0,
6rPLl5,0,
4W4h7S,0,
1318e7,0,
N4Jb2r,0,
51MPp3,0,
2DpWB7,0,
y2h51Q,0,
SkY614,0,
E63AWl,0,
f7v3ks,0,
rFWyYk,0,
3NyM21,0,
g7OR11,0,
2Np45U,0,
uvSH7B,0,
NuyQDX,0,
35bi2u,0,
188Si7,0,
mDjv75,0,
EivRt5,0,
w3tJ67,0,
x4K1w1,0,
RiT3T3,0,
12Dw3V,0,
3516sl,0,
uIbT0T,0,
Vjb1gH,0,
f2wv28,0,
K7aWvo,0,
4w48ai,0,
7cE670,0,
68qGKA,0,
81P5GE,0,
8U88w0,0,
30TJmt,0,
6O687i,0,
x6dyfF,0,
hor3qt,0,
112yLc,0,
0O0Y44,0,
40u61b,0,
r6ym72,0,
pLJ5u7,0,
4637N6,0,
144uu8,0,
JVTRBB,0,
616262,0,
X587l0,0,
HW3733,0,
wb4ot6,0,
Ud4j0U,0,
c3w4c6,0,
t7774U,0,
08TmsM,0,
31I4WR,0,
RY7M5a,0,
5o5414,0,
A7Rf62,0,
463685,0,
u6C36y,0,
V7F68F,0,
S710SS,0,
2Q3Q35,0,
FwBGWv,0,
CU7Y26,0,
BpnpIU,0,
24da44,0,
w4N1YR,0,
1kJD2p,0,
736gr8,0,
8u54Hh,0,
V0dX21,0,
ccdHAs,0,
q65W4t,0,
JwuOAa,0,
4lN2U4,0,
028Rf7,0,
R02078,0,
Yno3W5,0,
X35F25,0,
6275sv,0,
wkNw14,0,
ujy278,0,
od3Y3I,0,
j1h307,0,
JL8jua,0,
4k1Ph1,0,
15iwr7,0,
lx34t0,0,
r8370N,0,
60jO15,0,
dnGh84,0,
11420j,0,
7xK7w3,0,
63hcD6,0,
1TI82G,0,
2p140v,0,
04WF45,0,
C3p5Ju,0,
4E0651,0,
D5s15Y,0,
2k7wNC,0,
3aU4Q0,0,
6J5277,0,
t70j80,0,
784GPW,0,
0U27Up,0,
B66Pp3,0,
7CcqCu,0,
I5433q,0,
3e3SIW,0,
2T3fP3,0,
1Oq8wg,0,
Mv46R1,0,
N0yN47,0,
7nR23F,0,
mv47X2,0,
YP6kKP,0,
4a7ua3,0,
kg6815,0,
63i6N6,0,
5733B2,0,
7AsB8N,0,
452IMQ,0,
26731l,0,
v2rVdo,0,
0Dk2D0,0,
LNvf20,0,
oJA06E,0,
46js2f,0,
J0U2eo,0,
2341v8,0,
7Y45m8,0,
W6n126,0,
y3371q,0,
Q8523o,0,
3d6082,0,
AaNk74,0,
RG7h32,0,
73t8J6,0,
2YJvRO,0,
5R8GRk,0,
I0e583,0,
2JTO53,0,
T088Q8,0,
3g0a06,0,
2b66J4,0,
jt753u,0,
1Ye528,0,
4w352U,0,
338PE8,0,
O05Sv1,0,
Hy17d5,0,
24407J,0,
I7ePiV,0,
b21N65,0,
2e4Xyc,0,
5lA8YP,0,
3GGx88,0,
K4080t,0,
jjt4yM,0,
0qML5n,0,
GH5mcS,0,
mY14VS,0,
0354Kj,0,
icmFKW,0,
46hX81,0,
r052f6,0,
31whx2,0,
0T5B00,0,
2P6j17,0,
Db503x,0,
8w1834,0,
651SpK,0,
6102dp,0,
UaqF0d,0,
p7857G,0,
c61ssg,0,
yL826j,0,
V0c437,0,
mB221d,0,
35826u,0,
1o6TB8,0,
rClQ10,0,
1774u4,0,
854gy6,0,
yk6QgC,0,
cG7jSA,0,
iT5NBC,0,
5wm7Ac,0,
U43Q4a,0,
q3S385,0,
48YrYJ,0,
3Y0y55,0,
TgoN84,0,
X120jr,0,
qGBlD4,0,
U65LD8,0,
UU1121,0,
75E830,0,
tCVqqP,0,
B2DsDh,0,
r8O16w,0,
5kBp07,0,
wLS116,0,
2cr77Q,0,
H8t0c1,0,
Q3c401,0,
064n3r,0,
mXvv20,0,
37fr03,0,
BtH0ar,0,
4TTE68,0,
884WXF,0,
AX0lOj,0,
Kv2xfq,0,
2D7p46,0,
1Dtw02,0,
0Fmg45,0,
00D5G6,0,
127m3G,0,
a4jE0Y,0,
j77q0n,0,
L0j7l8,0,
3p35R0,0,
iGiQ7k,0,
7t88F4,0,
11d1hb,0,
0568cs,0,
4Sc1HR,0,
u0oe16,0,
H817h8,0,
7X0N70,0,
Uu4sVv,0,
u04N58,0,
dRW1p6,0,
485d21,0,
oEEay4,0,
V3454n,0,
cXfqF8,0,
pOWf1R,0,
SPq1Q0,0,
0vnW45,0,
Qi05R7,0,
y8Tb7t,0,
yX4R38,0,
6jBo74,0,
M04q8n,0,
d21WMj,0,
405thx,0,
DX24mD,0,
2QU1y3,0,
36p058,0,
8j3430,0,
2IiG5t,0,
73E6OQ,0,
4H3a3A,0,
62uNq8,0,
3871uo,0,
I3cB08,0,
An2UXu,0,
5F8Vj3,0,
Dgc1E3,0,
PpL806,0,
GU2d43,0,
t2tN6I,0,
F58r52,0,
u5f545,0,
3e8rQy,0,
8a455h,0,
K1f17J,0,
06nd33,0,
56m6gd,0,
45x1h0,0,
3162xY,0,
n5I088,0,
0L30O1,0,
1buUwB,0,
4P8dTh,0,
H1NRR8,0,
ed3246,0,
kD28QR,0,
2Stcc3,0,
5BtQ8p,0,
762e77,0,
7EW3e8,0,
jR7H08,0,
87p04O,0,
7j7w2s,0,
6Cg63B,0,
3032u8,0,
1A3K6K,0,
J70844,0,
30T2Eq,0,
5y540r,0,
F6N716,0,
6ep22R,0,
2cO5L5,0,
77h5Q5,0,
7rlsP7,0,
15526A,0,
72pN54,0,
3nf564,0,
8M35X2,0,
021523,0,
U0418e,0,
sP8ms7,0,
46121F,0,
3OlC36,0,
T2q585,0,
740FJ7,0,
3C7224,0,
TD5411,0,
656XOw,0,
fVXa83,0,
KvWw76,0,
5TSmec,0,
o5183f,0,
323510,0,
7T86xQ,0,
37WW00,0,
v5v002,0,
Hc2P5n,0,
22W8I7,0,
32Qk3W,0,
m4KG75,0,
DVK0Gf,0,
U3g1tL,0,
81Fe8T,0,
8e3232,0,
x6UHo0,0,
p2uK62,0,
nBiPAX,0,
17AP2f,0,
54qyU3,0,
gW2W4A,0,
R3A0g6,0,
N72805,0,
6Ih040,0,
0P8Xwj,0,
vEY164,0,
wt4mM7,0,
in676j,0,
c7lds8,0,
2W0In7,0,
nH18jO,0,
uYYLD0,0,
607i51,0,
1OStWm,0,
ut1SXS,0,
3B013F,0,
7jw3Cr,0,
1WBu77,0,
406vm3,0,
HE4wL3,0,
16P60s,0,
u84334,0,
o2Q6iu,0,
5yU7ep,0,
678q0V,0,
7A32ui,0,
mk4LFD,0,
vW7L6h,0,
16Th8u,0,
738TCm,0,
5Pd2v6,0,
6FFH6U,0,
h13884,0,
85Q63H,0,
8386oB,0,
KTNAtM,0,
B2Ov84,0,
44335f,0,
pfLUm4,0,
83po3B,0,
As0ru6,0,
6qa3C0,0,
8gY218,0,
1lV2XD,0,
K0k654,0,
8uH234,0,
3lHx7M,0,
hJC41I,0,
gxdyro,0,
55N7V6,0,
k863S8,0,
j1G5h2,0,
72Ms3V,0,
ho1YPc,0,
84e68c,0,
5835ik,0,
Vc80m1,0,
i06186,0,
RBdDSJ,0,
1U3H81,0,
P2T563,0,
7OT62K,0,
3TG60D,0,
328E41,0,
8M5Sel,0,
G47wi8,0,
Vs5ii2,0,
GBvv6U,0,
MTG581,0,
36v5am,0,
4N22gl,0,
NyAppX,0,
L3rSkJ,0,
5TUBu0,0,
4B23a5,0,
83a4oW,0,
1yjVGo,0,
5xJmXG,0,
FqrPT4,0,
Ysl15B,0,
we70u5,0,
AXxNbn,0,
808oc5,0,
3N4f6t,0,
3u71Nc,0,
2NxVNR,0,
4m1o8T,0,
7KN0Sk,0,
LcP43I,0,
hGOS3X,0,
24E1wk,0,
7ktqG6,0,
e812cI,0,
KR1v41,0,
JYR1pO,0,
148TU4,0,
Nh57n7,0,
B436VL,0,
868rB5,0,
iJ8N17,0,
U641k6,0,
M7754E,0,
P20mKA,0,
23iob7,0,
oFyt7y,0,
n00k24,0,
N648P5,0,
2wr0fr,0,
iEu0p4,0,
Hv0q5u,0,
Q18wQd,0,
DRq5NU,0,
Qn4820,0,
j8c7fP,0,
f3x6LO,0,
CHo50I,0,
fF8DU8,0,
6tM4cO,0,
yL0Vk5,0,
1A2C7j,0,
15k64g,0,
5j7Ib2,0,
U53r52,0,
0J2011,0,
n5R2UC,0,
wplR18,0,
8Fc3n5,0,
s0ABf8,0,
5yO471,0,
764JM0,0,
P83iCI,0,
J2Ci8X,0,
28P2bm,0,
5t8o22,0,
0dD4e3,0,
118ap2,0,
3wmy61,0,
724B3R,0,
5oXG2R,0,
24e7R8,0,
eG20MR,0,
r433x0,0,
8o6p6O,0,
lTR32B,0,
87H2Y8,0,
Elik23,0,
T4P6mA,0,
Wh7bV8,0,
8U8Vq1,0,
K2XF2v,0,
CPiwyl,0,
8d15Wx,0,
2v31D3,0,
lAY32m,0,
xm5mo4,0,
463t4J,0,
2S31SX,0,
3O5G2a,0,
Q1JbFE,0,
7sRy7t,0,
IaP0Q6,0,
C0Y522,0,
oi6s42,0,
0363Vq,0,
4o17JC,0,
Q5v67O,0,
n245Qi,0,
k61l31,0,
b83X0Y,0,
28748d,0,
KeX4a6,0,
GR77g0,0,
o45G3O,0,
C12J5a,0,
be1033,0,
824mS6,0,
H801p2,0,
nA8l0t,0,
2T1dcd,0,
m6t6j8,0,
83lx66,0,
e025I5,0,
lC350e,0,
5x464V,0,
T44FWK,0,
2KOEU0,0,
760847,0,
15m00h,0,
MT5C3G,0,
O1GP78,0,
8733Dl,0,
mPn454,0,
yK8A2p,0,
8jLa58,0,
JN1148,0,
H85k83,0,
1rod0I,0,
X253G7,0,
a73b43,0,
E3VV6N,0,
a8q52P,0,
MLj4Yk,0,
w4hR7T,0,
64MCLH,0,
xIPFW8,0,
5id180,0,
571O27,0,
j5kDyb,0,
c0QU5U,0,
u0x4i6,0,
13Nb70,0,
26620M,0,
kX8F8g,0,
2e8Ubi,0,
bbxS1l,0,
8m8164,0,
2jktQ5,0,
Fg22B2,0,
3347KM,0,
5AhT0J,0,
N6632I,0,
ekA3O6,0,
WRnDXA,0,
luL512,0,
3n0i6t,0,
1oq43v,0,
3V2keb,0,
66l452,0,
xrVyg7,0,
Cjek73,0,
0fVn20,0,
2VoWS5,0,
J0610t,0,
cNwxN3,0,
f3P2R5,0,
m34faU,0,
aa0w8e,0,
RNWx51,0,
86m026,0,
17ry63,0,
rfQ3o1,0,
83B0Ga,0,
Sj7c0x,0,
47V78y,0,
5H83ME,0,
8m43EK,0,
2gUU4r,0,
5uhIEC,0,
2647C1,0,
WP64pS,0,
X2bn57,0,
tENdor,0,
t522T6,0,
MU877j,0,
2KCeBc,0,
y35hH6,0,
7U1U3T,0,
hy0HCv,0,
7640wU,0,
aA5th1,0,
QcqR5q,0,
16Y8h7,0,
R6f44n,0,
L071V1,0,
3n7m3g,0,
i18xVS,0,
Ol33f2,0,
ic5546,0,
e503TS,0,
6Q3eV0,0,
G57HNo,0,
2KBS50,0,
h55iM2,0,
1Lk6mT,0,
g50RT8,0,
YsmDTD,0,
7QY3m3,0,
578634,0,
ICjF5e,0,
G68722,0,
67DG13,0,
05s858,0,
r36nd7,0,
5817xh,0,
84Uno1,0,
c6PS6o,0,
l3007n,0,
53EQT3,0,
Lg0135,0,
ivf570,0,
28COE3,0,
51NRru,0,
Y1d661,0,
E8c042,0,
L174jA,0,
R560B2,0,
36yHr0,0,
l8Htm8,0,
4j0p68,0,
ppn5G5,0,
vO686w,0,
62hRr0,0,
4C42K6,0,
43Vfy0,0,
320848,0,
CJ6508,0,
62G4fO,0,
qnI7k2,0,
5b0g5D,0,
0DwM05,0,
28x7k6,0,
sf7M1N,0,
4fVj8S,0,
YW8Cc7,0,
3lie2b,0,
YMXJ71,0,
7uA1ms,0,
X22d1I,0,
dg8cyY,0,
34j06s,0,
r415RJ,0,
68K885,0,
aLwt16,0,
l77WEv,0,
8vbBkP,0,
8oNs15,0,
56x0j2,0,
FxSDdK,0,
834G43,0,
Jq4qnF,0,
3dq57m,0,
2tiv26,0,
fW17kM,0,
T6tJG1,0,
3Y13kX,0,
4r2n87,0,
74pCmM,0,
wStd83,0,
a3UC7q,0,
cnHRtR,0,
3xgqhA,0,
CI7nl2,0,
gO2e04,0,
786421,0,
0K4161,0,
qolgIk,0,
api8qB,0,
3741T5,0,
3474rH,0,
5veh07,0,
018642,0,
t8K7U1,0,
0DIm6B,0,
oV4563,0,
2387oG,0,
0j144m,0,
i5235E,0,
kEgT42,0,
KRb443,0,
00t543,0,
201cH3,0,
45B6HH,0,
t51dqJ,0,
N57Ap5,0,
fW504o,0,
73b0cS,0,
J6Q8NT,0,
Qp80Xt,0,
0p2B3h,0,
A45Wub,0,
6Ue55X,0,
DY8V4P,0,
LN4226,0,
7KxPdY,0,
5M57G6,0,
312G28,0,
FC6KKI,0,
7H1ECy,0,
V25gs8,0,
6S4Dvc,0,
4j5Ohu,0,
41a2qF,0,
i520LR,0,
3Vm84J,0,
e8D62f,0,
A5Qik6,0,
GCxo33,0,
07l6i2,0,
xj81dj,0,
ymBlf5,0,
407NES,0,
3t264K,0,
MQ76p2,0,
gURlj6,0,
B32w1p,0,
I678D2,0,
0Tl2w3,0,
8md608,0,
0A2g5X,0,
B7T632,0,
036tMm,0,
107YQA,0,
33UH8c,0,
468K0q,0,
X51Rhd,0,
77mk08,0,
87B16R,0,
F68jp3,0,
ug38o8,0,
mil3rX,0,
3476C2,0,
dDP86e,0,
Y02vs5,0,
A5014r,0,
B4JhY4,0,
84nls8,0,
Qg702F,0,
05i6d0,0,
1w3878,0,
6L2c72,0,
585Eh2,0,
252010,0,
sKt576,0,
i41FY7,0,
F14RoK,0,
S2p172,0,
25Kare,0,
Iil6qy,0,
beJ163,0,
mv18f2,0,
13Lhmq,0,
0e54qa,0,
4T8E28,0,
fsw5d6,0,
6Rd13H,0,
KW2O72,0,
k3kEjc,0,
1E0Km3,0,
3028aJ,0,
uk5xpR,0,
MF8868,0,
J3CVvB,0,
0t837m,0,
sA05sm,0,
b05H4F,0,
4V3kO4,0,
5084t6,0,
wGdI4k,0,
0o1lE2,0,
J5T142,0,
m6wPV3,0,
Q05QW2,0,
3174Wq,0,
QL281i,0,
626k00,0,
16vf3a,0,
L1k5N6,0,
B3H8T6,0,
3qyqa4,0,
1n2D3e,0,
Gh6e1k,0,
wso7ED,0,
8i2ru3,0,
41I2hT,0,
P08WP2,0,
Nsr1e3,0,
32J1b2,0,
774CL2,0,
85Ia78,0,
7qbW1Q,0,
340yHW,0,
48r6C1,0,
1x0K05,0,
T2kq45,0,
n465ht,0,
ln012t,0,
12MNT0,0,
kL50u0,0,
A71HYj,0,
1uFf80,0,
44IN84,0,
75rm83,0,
54D403,0,
6t0T68,0,
r208gT,0,
SO18gW,0,
hby61D,0,
630762,0,
uTlx53,0,
16Dcru,0,
4mAx1n,0,
728758,0,
s66o7A,0,
6M4Vh2,0,
rC28g1,0,
L725O4,0,
vaWv5F,0,
4571YN,0,
38d8eA,0,
87236v,0,
370707,0,
54CIFd,0,
5020J8,0,
84n21T,0,
C4t1U7,0,
4VFSQT,0,
r738iD,0,
xaM6p7,0,
4KA80N,0,
2h83fL,0,
3wy745,0,
q4F85q,0,
o4n0I7,0,
L2s0su,0,
k45g25,0,
A5a50L,0,
exS816,0,
14tsvR,0,
v1CCde,0,
b4E53d,0,
AU5gpK,0,
G33HUj,0,
80e8sc,0,
4xRjPf,0,
2q5n4p,0,
1l381o,0,
7wxoKE,0,
2O5WM7,0,
8A7shE,0,
N70oN3,0,
34631E,0,
f1Le65,0,
71G401,0,
7QC3Tl,0,
Io4an3,0,
S326P3,0,
x74KfW,0,
054JIV,0,
U2if1t,0,
10S1Ik,0,
xL552I,0,
4P0lbf,0,
17sUYg,0,
v1cAi6,0,
r0768s,0,
RHQ8v8,0,
X36G18,0,
tHY846,0,
617B4b,0,
66E5I7,0,
M46WG6,0,
8w3584,0,
N8Y133,0,
s5TO6l,0,
4h7di1,0,
1C51ka,0,
Wj7E68,0,
74t14s,0,
vnp241,0,
18o8x3,0,
2P73hU,0,
m2p6LO,0,
Dk45PY,0,
LF6A2K,0,
1tDy2K,0,
168F0d,0,
KteI6L,0,
nnT0YT,0,
2U31Y6,0,
Enda1m,0,
xPC162,0,
y0JU26,0,
cP372a,0,
U358fJ,0,
57W271,0,
C81N28,0,
J47H1s,0,
18S2P2,0,
jQ0oC6,0,
5MwC1U,0,
CXKfy8,0,
POd60G,0,
f1335O,0,
OKjO1e,0,
TvJV6S,0,
88iG62,0,
5v3243,0,
6v8H6O,0,
pdaMo6,0,
o52d64,0,
3O3PS6,0,
aWbtad,0,
3N0644,0,
JFRXEV,0,
725ohI,0,
0eIeD4,0,
5N4RI3,0,
7dN028,0,
F0u2Mf,0,
u3ep76,0,
556l28,0,
t40n30,0,
Ts3584,0,
J85463,0,
5W8Stt,0,
024yTx,0,
It1135,0,
f0c0B2,0,
44dFqE,0,
22eUfX,0,
b0e370,0,
P1mu30,0,
Q38286,0,
3a3WX6,0,
5851ET,0,
Pbso68,0,
1x75b2,0,
21D1pe,0,
k6Uh54,0,
4J36a0,0,
5GxsFr,0,
n4gOau,0,
0ax0Q5,0,
2c2704,0,
n3h02Y,0,
4kNe23,0,
1M404r,0,
eu1jl8,0,
5vs520,0,
5f4Cxo,0,
v0R82W,0,
TcoX58,0,
cmbvtQ,0,
AiSPQ0,0,
4175qq,0,
j2612y,0,
5M30b2,0,
078O5m,0,
fJKDa1,0,
R7Uw11,0,
i0Gr8e,0,
0m4LyV,0,
l23D70,0,
634aT1,0,
255lA8,0,
t4c61k,0,
J4NwLN,0,
68Y276,0,
0JCbi4,0,
WDn114,0,
L437Cx,0,
6q46Q0,0,
548U7e,0,
f733Y8,0,
1c681K,0,
I4Q8WB,0,
3o0Jk4,0,
q61F31,0,
48w3Pi,0,
5xQ31M,0,
qX5225,0,
Ua2Jfi,0,
5MV2vu,0,
8IPf11,0,
u0778e,0,
1AluS8,0,
6QwmYT,0,
3ybakI,0,
M2u53r,0,
EFnkfC,0,
7ab1j8,0,
068712,0,
7iKe5G,0,
5QAk14,0,
61P7E4,0,
614FW7,0,
A60J5U,0,
7C7we6,0,
vjJXW7,0,
1dgyyM,0,
eTk07d,0,
84530D,0,
1e120b,0,
Y120V7,0,
n8Ci48,0,
3b50RR,0,
8YE1Tk,0,
150rvE,0,
1ceMTL,0,
PVY4n8,0,
iEW0Eo,0,
aw30C7,0,
f18HYl,0,
0wHO5b,0,
e3SG4l,0,
i2aB5t,0,
623cW5,0,
452370,0,
0503V7,0,
7403nA,0,
2MCg6J,0,
T8w471,0,
633Jfd,0,
4g858e,0,
831553,0,
8HM31h,0,
TB1YD0,0,
1K564L,0,
74G86F,0,
k0feBN,0,
2Uo2x3,0,
6463tp,0,
tgJKVi,0,
V7715U,0,
Q6dTui,0,
5DH4n4,0,
686V00,0,
1oyy3c,0,
Bm0eR1,0,
qeFo82,0,
KF8v61,0,
Lx134N,0,
EjY2Ye,0,
107166,0,
0I0W5S,0,
4QEkA4,0,
7I8pEx,0,
27K6r1,0,
Y24naK,0,
1a7k32,0,
5pt287,0,
4Pc1C2,0,
6W47I7,0,
382640,0,
5761Rp,0,
5R3V42,0,
3t8RMG,0,
Kf1G23,0,
634L2C,0,
PFAF26,0,
b4oj1d,0,
1W8Ygy,0,
2c0B8w,0,
l4e027,0,
0l0645,0,
Y20njA,0,
1Et821,0,
w462cw,0,
3E6dBY,0,
43H0y0,0,
DA5W6W,0,
vb130F,0,
8888Jn,0,
jY6oNb,0,
iuA7eA,0,
PXT5B5,0,
RA5Nb7,0,
u6GxE4,0,
7b047U,0,
Sn5vbS,0,
6833U4,0,
hBN23y,0,
W61a0i,0,
87k2yy,0,
2Tk8mj,0,
QX0H48,0,
7WjX3g,0,
521178,0,
8ud376,0,
j282A5,0,
v8226r,0,
65DRHT,0,
7525is,0,
a57Sr2,0,
y7p74Y,0,
j54DFa,0,
671Iv2,0,
13S32r,0,
78y3R3,0,
PWqAjp,0,
WxOp03,0,
44d6VK,0,
8n56Gy,0,
26sB0R,0,
84mK12,0,
n2v46n,0,
p10r8Y,0,
4t581v,0,
SxD3bN,0,
e25WGH,0,
E3Bq1s,0,
572Oav,0,
027jQR,0,
v8M236,0,
wijia4,0,
48A53d,0,
4u2k75,0,
155303,0,
0s8Aa7,0,
87CRR6,0,
p3711X,0,
08m36B,0,
l5n3KX,0,
kfw5V6,0,
OL512G,0,
6267tv,0,
E42G26,0,
7g11ls,0,
86oG06,0,
A17JB3,0,
LO3585,0,
504Y05,0,
836711,0,
cX38Ne,0,
eW7U55,0,
i50s13,0,
5551O3,0,
E342a4,0,
CW4Fhk,0,
8bhKf0,0,
24RDPV,0,
0013j2,0,
0eONSB,0,
U203us,0,
4080Yt,0,
VRx0x4,0,
L5J3Y7,0,
8S1y1Y,0,
Cs3c06,0,
502C57,0,
LhEV0S,0,
1Cn8L3,0,
3wmj2s,0,
M2nRL4,0,
55eIf5,0,
h26c20,0,
My63ww,0,
4m2cf5,0,
y8mno3,0,
Ha77p0,0,
0Nc8yv,0,
I204ql,0,
L27IC4,0,
T2anJ3,0,
pr480J,0,
N6uwXq,0,
R1yhH5,0,
07Ja76,0,
O7hgc0,0,
P3gY3e,0,
50b62g,0,
46t8r6,0,
p7P638,0,
4o3QAt,0,
6VFLr0,0,
yWUd20,0,
72X8OV,0,
MB3I61,0,
f12kTh,0,
L71031,0,
I28VNO,0,
F3856E,0,
24652m,0,
012w52,0,
0187e4,0,
fA8J83,0,
5Yle71,0,
665i5b,0,
IP3n15,0,
Jr5xr8,0,
Gu6337,0,
n44j86,0,
I6B62v,0,
6nlhwI,0,
13mm77,0,
Pd8700,0,
t52Nv3,0,
42Q718,0,
VE16XS,0,
jRc7x2,0,
6x38v8,0,
4ctL05,0,
Re5p85,0,
Kv6NHL,0,
EO13BX,0,
4v8274,0,
D75Mdd,0,
57nO8s,0,
5N0746,0,
8808Bp,0,
Dm54s6,0,
c6Wd6J,0,
0V87R5,0,
18Xi28,0,
0a282R,0,
mV8w6s,0,
1JUe13,0,
X6y0Er,0,
614063,0,
w4I1U5,0,
kC52S4,0,
3KDdUw,0,
0E7ylr,0,
ftksed,0,
Par1H4,0,
3156X5,0,
6md611,0,
vE562O,0,
071Hr3,0,
6o26Su,0,
W4KMI5,0,
YSm0Q3,0,
aO25UJ,0,
g64614,0,
04614a,0,
23CEs6,0,
232nk4,0,
1yH2l3,0,
6sA43S,0,
V17625,0,
304r40,0,
14W787,0,
58V71T,0,
7n5n5U,0,
7piT5q,0,
206LK8,0,
M76dj5,0,
N602Tk,0,
1C7v38,0,
M1288j,0,
64a3NM,0,
6G7u6i,0,
838g3Q,0,
a383jx,0,
13Q12S,0,
rS3V21,0,
634015,0,
27F76J,0,
1573ph,0,
M1qtJk,0,
MXivx0,0,
3J5842,0,
11522B,0,
G745u5,0,
51xFa1,0,
rX4KyD,0,
4YE717,0,
lT0D12,0,
t3404S,0,
6l3og7,0,
B1vI8r,0,
27O4F7,0,
0006gY,0,
11868S,0,
UGp1YP,0,
Eo5052,0,
62F853,0,
75MEaO,0,
2540Au,0,
26I8W1,0,
nA2561,0,
35478T,0,
8YrbW5,0,
Ee48P4,0,
UQ60BN,0,
0A7y35,0,
w35qL1,0,
ia72vm,0,
Tp0J6T,0,
1n6k1D,0,
r7T62X,0,
C7RW3o,0,
62E777,0,
0tEUdN,0,
gad5th,0,
76B0e4,0,
aUg1B2,0,
dL8445,0,
7pKg5i,0,
00rl4O,0,
iVtQPg,0,
H5pKES,0,
TX6762,0,
HL0i53,0,
5521Im,0,
1I6552,0,
xX62BS,0,
OA38s6,0,
l1C1t3,0,
F071Qx,0,
0gQ242,0,
VFw8b2,0,
T52fEH,0,
j24e17,0,
L321vA,0,
yhVQ30,0,
162521,0,
E1C057,0,
680853,0,
47ox8K,0,
p60f6D,0,
7eGejJ,0,
4S502q,0,
7j734v,0,
622Xer,0,
n6Hy0h,0,
53Ksh8,0,
s2vf08,0,
V65u7R,0,
F2210P,0,
jG3527,0,
H63iPy,0,
B0H87g,0,
uUuJ21,0,
nC660M,0,
7q2b4i,0,
6XY3t1,0,
H71Q10,0,
x86A32,0,
3ekXhG,0,
5m67m0,0,
6e7Q12,0,
EOpx3C,0,
16Y6P5,0,
WS081b,0,
15P8fu,0,
8tgSC4,0,
q621v0,0,
F486Jq,0,
083w1Y,0,
43G6H7,0,
n8hXQ5,0,
57g287,0,
0F2LR1,0,
11fY87,0,
4y20bM,0,
124SdJ,0,
J3dM1i,0,
Wf467b,0,
yXD1Ki,0,
0Q4ldW,0,
7W27i8,0,
51F8tS,0,
650cwt,0,
5bu32J,0,
671W85,0,
570t25,0,
N420rt,0,
DKu837,0,
iHB815,0,
8t3y73,0,
4L4tMP,0,
1M8E04,0,
x4G608,0,
430151,0,
l8vpn1,0,
1B3uc0,0,
7L3sw4,0,
5k5GH5,0,
OoEx21,0,
8q55go,0,
NRJl1S,0,
wi6J4Q,0,
Of2265,0,
L48mcP,0,
3q0HOX,0,
Jtw1nO,0,
7pf158,0,
F77332,0,
X8WmIQ,0,
00wII2,0,
6g47f7,0,
aKkwO7,0,
w4h4Qk,0,
N0cssC,0,
Y4s145,0,
pt03Ff,0,
07m87l,0,
5t2p8J,0,
6fx114,0,
3Ne52H,0,
K52a27,0,
i17Qt0,0,
6347J2,0,
xu2o37,0,
Y6y3SC,0,
67hqs5,0,
42He4h,0,
780234,0,
BkuE3O,0,
WM2766,0,
Du83P1,0,
Lm126R,0,
K7TkE8,0,
R2xoWq,0,
Bs6q7q,0,
84M7Pw,0,
t45313,0,
8DY1UF,0,
n8OJ01,0,
G83TE7,0,
7nn0x0,0,
jyK0LR,0,
5H6dtt,0,
Oq715J,0,
A0AQW1,0,
L53GC1,0,
4U0S5c,0,
4Uq2dV,0,
3A4M6T,0,
ER5387,0,
t6kI3Q,0,
52825g,0,
0mx320,0,
514413,0,
45E582,0,
jgx5E7,0,
1j6lU7,0,
J1A88R,0,
xxd227,0,
1B1LGS,0,
4Cu0G1,0,
IQ1Yjk,0,
MD3ETT,0,
0GkiC1,0,
l4U5k7,0,
t5M8mw,0,
2BW8D6,0,
113825,0,
ixajg1,0,
870Q55,0,
Q5EvJ6,0,
50838y,0,
h68T3b,0,
QhO6UQ,0,
5l28Ps,0,
2ky266,0,
qxq6C5,0,
52vW17,0,
X80nr2,0,
63314Q,0,
M5w1R1,0,
N0866P,0,
83u36x,0,
5532u3,0,
6802n7,0,
NKU8yc,0,
8tl744,0,
hkJ724,0,
81H1g0,0,
7qDVOo,0,
76H47d,0,
WVK8Qq,0,
760810,0,
d83Y4k,0,
L132Q7,0,
Hh5g66,0,
tGa1PR,0,
37S7lC,0,
BEnGJ8,0,
n4A4g1,0,
R7c4H5,0,
ao23l6,0,
nD6E15,0,
0Ea32b,0,
a7B1jQ,0,
L281gb,0,
2ceS25,0,
FJ6ts7,0,
b27627,0,
kV5Y06,0,
4lx7MH,0,
7JDXy7,0,
0flE31,0,
7orV5x,0,
6iR3gd,0,
55H8G2,0,
A57BCP,0,
ODl45k,0,
eUN7I5,1,
x235x6,1,
4DOGpI,1,
7Wy22n,1,
27C6G4,1,
kG17cx,1,
d1UWhY,1,
3Vwylp,1,
4DX47V,1,
jP6306,1,
A5GARr,1,
kr2Ig7,1,
g88d17,1,
5OXuI3,1,
sv0K7D,1,
Di54a4,1,
8sW1S3,1,
a820v7,1,
4L5TRv,1,
QVG76i,1,
xR8N16,1,
Iqy13J,1,
21k88y,1,
qM6C84,1,
263574,1,
2770RU,1,
v2g27C,1,
4fuXad,1,
RlW52y,1,
Enh6Q3,1,
v17j8R,1,
057qW4,1,
0O4042,1,
1H00ho,1,
s555nd,1,
73SAoK,1,
4P0DAG,1,
0046N1,1,
U31177,1,
or6vS1,1,
p80SX5,1,
75XhhC,1,
XYnVJm,1,
8108nC,1,
341l33,1,
Q87l50,1,
4voJf8,1,
5Qos7M,1,
Wba75N,1,
X52S01,1,
3cju31,1,
8h40er,1,
m47254,1,
T8GQHg,1,
sc4YSF,1,
7ps880,1,
ssl3C3,1,
31UTlI,1,
JlAtEw,1,
4OB1k3,1,
7HGi58,1,
87h28Y,1,
h04onQ,1,
By48d3,1,
U10765,1,
I357D3,1,
mT6453,1,
3x8eA8,1,
6A3me0,1,
8h2s8E,1,
tE4348,1,
LNk17H,1,
fV67k6,1,
6mpF13,1,
8206j3,1,
dF71N3,1,
kAp3Pj,1,
i6M5q4,1,
1WyFQK,1,
5m31c3,1,
bd5M0H,1,
HnXtus,1,
4K26Wg,1,
75188y,1,
0q80I2,1,
2eD3GV,1,
CF2q80,1,
TV330p,1,
X8eP8e,1,
ge0En2,1,
87T85u,1,
yr644q,1,
R83w37,1,
x5185S,1,
S1d0iN,1,
Ga3851,1,
2552k2,1,
11kH37,1,
k245y5,1,
y1Rh0q,1,
d86221,2,
8716iW,2,
5753Lj,2,
2257ua,2,
JMj8vV,2,
DJUJQ8,2,
70Q01Q,2,
3C881x,2,
U186n3,2,
8lt7e5,2,
1uks76,2,
TYb250,2,
T23y77,2,
GvM8a6,2,
6Fm626,2,
JA73ds,2,
w737F4,2,
N3ja54,2,
2727Jq,2,
T11144,2,
aHf8Pg,2,
172Sy1,2,
87m56a,2,
2Qj1ei,2,
g02V3W,2,
37216d,2,
i8Y38s,2,
04ch1a,2,
33Ojh3,2,
3Y0113,3,
61t550,3,
4p158f,3,
rAa1rY,3,
14JvAh,3,
3ARmg8,3,
x7j34l,3,
24FE3l,3,
45H0T8,3,
3172Uo,3,
720730,3,
b0wF34,3,
5v0QO1,3,
7Q3I44,3,
u2D3I8,3,
YiO77r,3,
563i7q,3,
uG8820,3,
A4C043,3,
Cg7uT2,3,
5Jyh31,3,
2778lo,3,
vk0I8M,3,
R34235,3,
4S22W2,3,
Io3p12,3,
d3778p,3,
2va513,3,
K5xAvY,3,
4qpN7f,3,
55cTiM,4,
JT0aTy,4,
2Fq7BD,4,
2a221o,4,
01TMT7,4,
32I3b6,4,
wVJ1V2,4,
625kB2,5,
Kb75K8,5,
203724,5,
Lk5R6L,5,
3WWu74,5,
14b5F7,5,
KQghk3,5,
635844,5,
Yodf34,5,
5k8326,5,
62bp14,5,
3S010l,6,
6w0600,6,
3A2bmU,6,
B71j67,6,
cRL0o5,6,
YH5f00,6,
jEIc7N,7,
51F1ej,7,
2aV53F,7,
102ggJ,7,
nT5J5X,8,
0p26p3,9,
18Ms68,9,
k80l2l,10,
a1VW45,10,
2X7323,11,
60JvEK,11,
W16r68,11,
ATC1Tj,12,
v3Wk82,12,
78h8mD,12,
4672e2,14,
67T3EB,18,
01Kc62,18,
w71O4P,24,
