request type,RIN,
1NV3E7,1,
hf66h2,1,
40764W,1,
f3FYEI,1,
iuj0X5,1,
V57Aqq,1,
T4730f,1,
0r4K0Q,1,
728tee,1,
8P5mML,1,
8afb73,1,
46f6L5,1,
4d6U2v,1,
v36l6L,1,
coTjXh,1,
SNeIqf,1,
780FD0,1,
540U4x,1,
S0w44E,1,
f88805,1,
4156Mf,1,
lV3jw0,1,
u7u121,1,
67om8F,1,
86O46d,1,
5IW07B,1,
xvdiCJ,1,
0KQ342,1,
7r53l3,1,
6350G5,1,
oI84q2,1,
8MW64D,1,
740h27,1,
Owa160,1,
1R38on,1,
g5yH54,1,
nG5nHm,1,
83beWg,1,
Ef76E5,1,
Q703lk,1,
rhe3hs,1,
t56Y70,1,
5Br304,1,
7C38Aj,1,
mW7ruO,1,
c42LC2,1,
16l724,1,
N5ks7o,1,
6251II,1,
77S40s,1,
o8sbYl,1,
mrJ867,1,
gv1750,1,
70U6Ht,1,
x1O1M6,1,
xoE4s2,1,
vV88dX,1,
438d3t,1,
12Rwt6,1,
45ll37,1,
j545mm,1,
i6Oc52,1,
i517e7,1,
L845a1,1,
6Fh47a,1,
n738Wh,1,
57mG0T,1,
vyD7A4,1,
138Cb4,1,
p740I8,1,
RptWLD,1,
6056rS,1,
32nLSI,1,
PRP3I8,1,
3813LS,1,
47X6xb,1,
JawW3R,1,
251155,1,
i51F3M,1,
Tx06Q7,1,
niGYx4,1,
n78x50,1,
7r1KeW,1,
63Dg77,1,
1bD6iA,1,
30dU57,1,
0523Bu,1,
1HC61I,1,
6Lq2Qj,1,
1F1Wj4,1,
8u7NG1,1,
5Y760s,1,
XW241N,1,
23om16,1,
7DiTd0,1,
C884Jh,1,
G05y53,1,
R4J4De,1,
5272p5,1,
7828i8,1,
5U2NDn,1,
0dG007,1,
cRd812,1,
8rl5O6,1,
n3F5L6,1,
74B847,1,
162d85,1,
55oQ61,1,
LDx443,1,
ePU1vQ,1,
odbkEG,1,
a553t0,1,
08a231,1,
46S0bm,1,
Lwp0e4,1,
V850Td,1,
N60ICe,1,
2w8a78,1,
00FKAo,1,
C35J2f,1,
x0y7iI,1,
p2m26w,1,
8Cd4gx,1,
mf883k,1,
10wcc6,1,
Y2uj1U,1,
8D5tU4,1,
3Vm4n5,1,
F748a2,1,
cW5i0P,1,
5fAm5S,1,
2M12cM,1,
KXM4Oo,1,
40e8Mf,1,
hr6ufS,1,
k0S3t7,1,
2baK6S,1,
s6f7f0,1,
12Y781,1,
85cpsI,1,
5cFDw3,1,
j3NpmD,1,
o8K384,1,
uM7AS4,1,
vHKs12,1,
6kk5HV,1,
45X2f4,1,
5Q7fE7,1,
83503X,1,
1U5874,1,
H3c8DD,1,
P31gg5,1,
5PnN6p,1,
1Tg0Mx,1,
hAX78i,1,
eVcn6W,1,
32Ma3d,1,
35VyDW,1,
66eOmB,1,
A0666T,1,
b55qLR,1,
U75K3o,1,
DF41qh,1,
T8C1Ia,1,
PdI4t3,1,
8H124v,1,
6Xqd2s,1,
S15iuw,1,
luA51T,1,
u046Ae,1,
8O3Eea,1,
Lx56N1,1,
70T7FT,1,
B8tA3E,1,
YI7745,1,
c3Skb1,1,
mu1So5,1,
n6ESb7,1,
H6057P,1,
CSe64c,1,
BR723g,1,
qf12lE,1,
BO700Q,1,
4eGVoG,1,
4J50v5,1,
uUX782,1,
v0w6Y1,1,
480p2b,1,
7UJ8tW,1,
d0j6G6,1,
Nphui4,1,
7HHb8O,1,
0124IB,1,
5pn8u1,1,
B4sfa3,1,
Li3h64,1,
lq8QL6,1,
Lx58XL,1,
6CJl85,1,
A364E7,1,
5BiHc3,1,
y6Lv6Y,1,
3551S6,1,
TaPl41,1,
f7B3qu,1,
6U14Y3,1,
vW6753,1,
fFP0vw,1,
142y34,1,
nSoKhy,1,
h10PsJ,1,
R6v654,1,
2Q8Aa0,1,
0QX48K,1,
SBoQ04,1,
8cx1IF,1,
43lpTQ,1,
W82i56,1,
5111mT,1,
8Q3007,1,
5480j7,1,
uruPd3,1,
537PdK,1,
136pd4,1,
wKa4I5,1,
p8333T,1,
l46j86,1,
q0K2oU,1,
qL1QD1,1,
0O01Xx,1,
WnP06E,1,
32bb6G,1,
T4R430,1,
0nxjfc,1,
k48U8C,1,
0KT7G6,1,
731561,1,
8L5Ck4,1,
STKP61,1,
ptYWA3,1,
58O5RR,1,
56La10,1,
558pw6,1,
M6k2qG,1,
o4P520,1,
qo75N6,1,
Q15v71,1,
8367q2,1,
02eWu4,1,
45k1gg,1,
L0tK52,1,
7ClSO2,1,
aj8dN1,1,
c5p6g7,1,
1q62T3,1,
42kk86,1,
T5L10a,1,
n72TX8,1,
b2Kp54,1,
20w6cM,1,
d0LR27,1,
T7r20l,1,
K84s6G,1,
gaEE27,1,
b05CH3,1,
3SnQ04,1,
615T1e,1,
8xT85O,1,
6358vG,1,
7D7872,1,
C43t72,1,
31QXu5,1,
1sGt78,1,
U6qIdX,1,
2E7C86,1,
445u4K,1,
61gaxC,1,
67utM8,1,
NR6s4O,1,
21H1A3,1,
528f27,1,
ac4KsW,1,
1k0r6q,1,
1615xA,1,
1jvK58,1,
tCc1M7,1,
024AIp,1,
T0llTB,1,
p1w32h,1,
QCr86r,1,
r5tUI0,1,
Bp8Q2d,1,
5EF11T,1,
SfQvKb,1,
07x08O,1,
2077J1,1,
WxNF5T,1,
302762,1,
E50jg0,1,
8Y8Es3,1,
cR2X7y,1,
D7V417,1,
df0G6D,1,
3G427J,1,
C66LL3,1,
HA5yc0,1,
q2RBLr,1,
C05wi3,1,
JTEPhs,1,
16y84l,1,
6G8k23,1,
AI6Epc,1,
785Mtp,1,
47E08o,1,
l823H8,1,
q33Y6a,1,
07myR2,1,
D1M72K,1,
7Q274b,1,
5uc3k1,1,
v48qC1,1,
ua8577,1,
O56330,1,
6r2IH2,1,
4l0SX5,1,
n26213,1,
84WeBh,1,
0xN4ot,1,
53Yn5w,1,
k882ft,1,
I754ad,1,
b6J4a7,1,
UoP2iY,1,
rpP342,1,
2jWVBP,1,
1H3s4H,1,
E23s8Q,1,
vX68t4,1,
uyfCQt,1,
E74Bt8,1,
w3B026,1,
068q02,1,
X00l8d,1,
2RK0I4,1,
4QB488,1,
1C65iX,1,
v7gy51,1,
734l4T,1,
7Q45v8,1,
J2m6B8,1,
2M8h4J,1,
8188rb,1,
2t00W7,1,
4V0507,1,
U78u0w,1,
AGc5d4,1,
663V17,1,
3S23Ot,1,
0A4K44,1,
N1XF75,1,
3O8283,1,
ml1451,1,
10F2JU,1,
7Dn8h4,1,
xt04Ei,1,
8y2J47,1,
an6828,1,
nDD132,1,
87Qe4O,1,
n1Kv1b,1,
54Ue2l,1,
70t2v0,1,
S1321n,1,
jC324A,1,
4H1s72,1,
7h3G4Q,1,
B53006,1,
B1ALI8,1,
3i6l3e,1,
iqtNJ5,1,
sj8104,1,
1R3785,1,
2PSg4l,1,
1j55KS,1,
8GQ26K,1,
56N361,1,
2Css6f,1,
PU767n,1,
Tb8dTM,1,
y10sI6,1,
8TV2n1,1,
O7S8L5,1,
vs4U7o,1,
i7a1Y3,1,
n8QY42,1,
CCU5Xk,1,
Pf42YE,1,
qH2h8J,1,
7pqM2d,1,
04D5g1,1,
67iWE8,1,
W31016,1,
Lr66p6,1,
k540uA,1,
iyC012,1,
o3w78C,1,
TM5mvg,1,
x6F80A,1,
4851A3,1,
00UeO4,1,
0F2263,1,
kKl23n,1,
4QF3PC,1,
5327qa,1,
px1N7B,1,
1K8U22,1,
y11IRb,1,
sg7lK5,1,
po13d7,1,
WmVc3n,1,
7y00N7,1,
c3GE66,1,
u3BI80,1,
5t4F60,1,
EkYGw5,1,
R6Cx02,1,
k0uXkG,1,
367m76,1,
Q246vd,1,
hP3J2j,1,
2tPt27,1,
658828,1,
Ym6XLc,1,
U0UN4D,1,
3054Y6,1,
3702J8,1,
5767vR,1,
7m8Op3,1,
11kY67,1,
bimqbB,1,
bY03r3,1,
8PU2m7,1,
pJ4SOD,1,
0mE66n,1,
V3LS0K,1,
E4t7I1,1,
nKSC2t,1,
Q17c7o,1,
rONq62,1,
BEr210,1,
364YFY,1,
6Pn3yX,1,
65b016,1,
J51hsF,1,
13U3U7,1,
mlYWA5,1,
TF6g1h,1,
8Jwsfp,1,
7XK133,1,
bY71H1,1,
h8533r,1,
1dR56L,1,
7l5d24,1,
j41W63,1,
57C0L3,1,
5mCLTE,1,
42423J,1,
aT5fB4,1,
PmT8Qq,1,
74U53c,1,
612go0,1,
Hm1207,1,
NH1xDx,1,
6CH4X5,1,
2c342u,1,
l62u84,1,
3EmCW0,1,
bq46Tw,1,
o7P6I3,1,
0T6E3j,1,
RTn0r0,1,
2Y708P,1,
82est0,1,
w8r18M,1,
d6lyKQ,1,
2n86vL,1,
8l3y0C,1,
1DwLm7,1,
vx7p1k,1,
2206a5,1,
051epV,1,
KKRe42,1,
RCu02L,1,
6820hY,1,
K6J613,1,
m30jqg,1,
55ALC6,1,
F86w2W,1,
tqu33L,1,
f54Ten,1,
dS0orS,1,
8ea785,1,
c620U2,1,
u6O8hk,1,
70F26c,1,
8eq8R5,1,
4sH27q,1,
8S0c48,1,
s51177,1,
mb4805,1,
wB4HlX,1,
6Ab0Eg,1,
W8nHaN,1,
PsM2h4,1,
B73xO6,1,
y3bqg8,1,
Rsj651,1,
tS3450,1,
Is2Mex,1,
788262,1,
u641fG,1,
jy44i8,1,
f5672y,1,
2718Aa,1,
a8Dh5o,1,
74LB0A,1,
c4TI1H,1,
ST01Kf,1,
3k18WO,1,
83v6RS,1,
T0g380,1,
wxs6tJ,1,
5X0g82,1,
j350T1,1,
y07MH3,1,
C23OG5,1,
Nwf5Eh,1,
2u8pT0,1,
4878m4,1,
4I4S81,1,
P1l245,1,
6Rb7Q4,1,
c071X5,1,
Pks57x,1,
7vc35l,1,
rT755m,1,
qD1CDV,1,
suHYh0,1,
1670m6,1,
18j07a,1,
431OA8,1,
2By8Fr,1,
231q81,1,
IT71OQ,1,
x8vK4B,1,
3KLVRy,1,
7cI170,1,
e07Pjm,1,
p1ox5w,1,
0885W2,1,
6kM2Ve,1,
83s328,1,
w83L35,1,
Nw2jw8,1,
l3c0W1,1,
8K33nr,1,
R22iYt,1,
0IrBd5,1,
KtCvPL,1,
3wYY25,1,
7XH852,1,
o3l7D2,1,
3s06M2,1,
w0W387,1,
QqCe4s,1,
NBq0FV,1,
vKc4i7,1,
y385vP,1,
Y6147y,1,
5b713E,1,
820535,1,
d035B7,1,
1c330l,1,
SrbdV0,1,
g58lR0,1,
a7J5b0,1,
3aNM3p,1,
bWP3c8,1,
6FJ075,1,
3ATnsK,1,
o34c2k,1,
Pq7Lv7,1,
X6833l,1,
731D4x,1,
1376RA,1,
3O5xmg,1,
1bwqul,1,
fWb4K3,1,
rHLBhf,1,
vKb68a,1,
38e52h,1,
gOt7NE,1,
A7D40Y,1,
6eT530,1,
40J362,1,
2wfGFM,1,
2kqP01,1,
I82g3j,1,
QKY815,1,
5J0MqY,1,
0J4E8w,1,
1PUBK3,1,
84ip11,1,
Mc5giB,1,
1FEF2d,1,
vE0u48,1,
j31yKy,1,
J31064,1,
xG5GJ1,1,
3SE3vo,1,
8U8pJQ,1,
3s3RNy,1,
552x2Y,1,
s38U83,1,
Y1V1Q2,1,
3W05u0,1,
61BsO1,1,
80704V,1,
Phk3Xt,1,
342H1v,1,
0k74h5,1,
n2LI5n,1,
ta7420,1,
NBdbCu,1,
5hs0hW,1,
NG14SE,1,
H81QqO,1,
221Er5,1,
1XGr06,1,
4443o1,1,
0H2LXH,1,
p01o36,1,
2su138,1,
g82gN4,1,
c63oTs,1,
k1msy2,1,
711A64,1,
207Vm5,1,
XdxF63,1,
313R2L,1,
Q687T3,1,
64Ul18,1,
5l0gY6,1,
7Phh68,1,
88l6g4,1,
of430L,1,
VGtT63,1,
38s37p,1,
H65084,1,
AQ2c3H,1,
D8E764,1,
UYa270,1,
N3UeeM,1,
xWgw35,1,
4M77tH,1,
8F755F,1,
rYs100,1,
4M563S,1,
81hPc8,1,
48Y462,1,
GNWWW6,1,
g5PVe2,1,
7yoijH,1,
YV36G7,1,
t40h8p,1,
0621pu,1,
45w01v,1,
l23A00,1,
wpJD63,1,
T2e1ov,1,
5DlM1d,1,
26HWYn,1,
803745,1,
0p31DJ,1,
608wD8,1,
20jfI3,1,
L3cob5,1,
2E0633,1,
l5rOU3,1,
1Y3q0G,1,
3371h7,1,
3mVeR8,1,
0003vQ,1,
d12C67,1,
263o0f,1,
a2c11N,1,
lMq3h7,1,
Esl7U1,1,
wEt48e,1,
31Na24,1,
uFO872,1,
h418n8,1,
8EuY41,1,
18747g,1,
5323Ik,1,
Oc3cAv,1,
02oXu6,1,
V376aX,1,
80AT00,1,
o0Ljlk,1,
d7a75a,1,
83W07j,1,
o1w68S,1,
006I7e,1,
y2G305,1,
83M3wx,1,
4QcDqv,1,
q5TNt1,1,
771XF2,1,
AVQnVv,1,
ey4HG3,1,
LFQy00,1,
G6U1N2,1,
JQCdi8,1,
i81645,1,
2CSCr8,1,
WkQ0kP,1,
tT5d00,1,
C4A6xL,1,
fr47SB,1,
0e35RW,1,
o0B301,1,
4d0c36,1,
Hl2G68,1,
2Jq7MU,1,
S6S2l7,1,
AR244l,1,
dO773T,1,
hr8P72,1,
2I28DR,1,
21Cv1q,1,
D767X2,1,
KAN118,1,
3j7723,1,
0OaUr4,1,
Sw4MHR,1,
q7nDpE,1,
Kn15B1,1,
2jDbl7,1,
1386il,1,
X2YoJ3,1,
hliPL8,1,
828H64,1,
755R70,1,
S65027,1,
0y6a53,1,
8o3i8u,1,
14w3af,1,
77UpYq,1,
vI2I62,1,
771B7o,1,
0458Vx,1,
e85023,1,
q84lS7,1,
73548D,1,
5vR841,1,
Vh78M8,1,
b6FS01,1,
a8514x,1,
35Rx05,1,
q3VSb3,1,
7y65N1,1,
5riHg0,1,
13kjkq,1,
66Jm11,1,
4p562R,1,
056rup,1,
0m32G6,1,
732NKw,1,
4K5n60,1,
4cgn6F,1,
TQn6Nj,1,
48343c,1,
X3548b,1,
2B7827,1,
h0A38i,1,
03fx17,1,
UR401Q,1,
6Hq200,1,
e34450,1,
81tbaq,1,
2nM7dm,1,
Ot480I,1,
3SVWa3,1,
qRR5x3,1,
ss4Pf7,1,
WvAie5,1,
85Y5l3,1,
x5HfS3,1,
sAY5YO,1,
ss0SQf,1,
388651,1,
Rtl328,1,
Y23S6N,1,
7832b3,1,
r256pw,1,
0H4B56,1,
Q8770v,1,
qA01w5,1,
0021H3,1,
141gcR,1,
5h75h7,1,
G75314,1,
Vc8rg0,1,
32C58n,1,
420jC4,1,
5T4l25,1,
515WG0,1,
13Y5wL,1,
VB74d1,1,
sRF4Uf,1,
dn6sur,1,
72XpyY,1,
PhK125,1,
14427U,1,
aSMOkB,1,
m65R4L,1,
6m4775,1,
hT5m65,1,
QwT25s,1,
5V46f6,1,
Ac7p70,1,
422Y38,1,
3P03R1,1,
8K17G1,1,
158g2G,1,
8V1XRb,1,
75nUyS,1,
65762v,1,
762k5E,1,
ow4q3H,1,
244Ja7,1,
meyqS2,1,
Ji875f,1,
T51qaA,1,
3W8375,1,
b4uS6f,1,
M6t010,1,
53730w,1,
1f176y,1,
LChMUF,1,
66K442,1,
18HvnG,1,
88J66r,1,
0t3821,1,
8e5HK3,1,
g76FWf,1,
a73r6G,1,
dU07DC,1,
v1rvX5,1,
B3132V,1,
Pvhb2y,1,
61xI04,1,
77Y8uP,1,
J314FB,1,
041862,1,
2m8600,1,
806i1A,1,
812UV8,1,
3KLm3D,1,
216286,1,
6M7888,1,
481b5i,1,
dl27d4,1,
2Pa215,1,
Ly0wMb,1,
713y1J,1,
qR444r,1,
5pH62v,1,
l3aiBo,1,
PnL1iP,1,
f52515,1,
220BX0,1,
X3jN11,1,
b61244,1,
v00X72,1,
8O8fmS,1,
x85646,1,
2U216g,1,
LRp487,1,
v68173,1,
55r3a1,1,
t45YoX,1,
518Ax5,1,
W4Lm4h,1,
0s4257,1,
J660C6,1,
0suRo0,1,
75x67V,1,
I6k71b,1,
Hp4630,1,
N1gmRm,1,
Mpv741,1,
nY1m6D,1,
MV378H,1,
oN2D4e,1,
128248,1,
5M6gUK,1,
b470Nd,1,
kNSn73,1,
srljsX,1,
sY3GwH,1,
25EK52,1,
6742cm,1,
3887Sn,1,
75pU8h,1,
21lA6s,1,
ab3kQg,1,
702d5e,1,
C3R0w4,1,
8l3i4E,1,
5q2OWP,1,
2EGdn7,1,
2I5vbK,1,
362y8G,1,
B7c3W0,1,
I22A43,1,
le2k77,1,
4273bV,1,
h146Y0,1,
57se3s,1,
34L6Ef,1,
7HLO74,1,
3b334h,1,
0s6T76,1,
GB64p4,1,
3h7Qmg,1,
w1l1i8,1,
qgQd8d,1,
42M51l,1,
2MQ38O,1,
htOn24,1,
h24i80,1,
151731,1,
1JT382,1,
i6S4qL,1,
6u8luh,1,
L1dJa2,1,
56Ob1D,1,
0K810u,1,
Q342g8,1,
7lE71f,1,
qRK4bE,1,
rfp33p,1,
N0IPic,1,
5KF811,1,
3S42v2,1,
qeQ4F0,1,
J37mI6,1,
B3stdm,1,
SI2B7D,1,
14880O,1,
10f1u6,1,
80Pg00,1,
xr5u44,1,
53h8pd,1,
V67114,1,
PR736E,1,
oi06a1,1,
FQc33A,1,
C4TAm1,1,
2KCJQ7,1,
dW7s5c,1,
385601,1,
PHooj8,1,
rctN25,1,
S7L42R,1,
2W0xM1,1,
BYhOMP,1,
I36CC8,1,
6Rti7F,1,
w2n5UY,1,
cM7x15,1,
i4023s,1,
Kk8na4,1,
7D6203,1,
r8o0d7,1,
621Xkj,1,
6Q06FF,1,
8584R5,1,
6H6v44,1,
213256,1,
y25g4d,1,
xjSvRG,1,
3QN2d1,1,
v241DC,1,
d2AeI2,1,
257lG3,1,
KW1PYQ,1,
B6cw2w,1,
ld64CO,1,
j8751Q,1,
6W3qs0,1,
onlsF5,1,
shg1RK,1,
7X0yo5,1,
L4335v,1,
8K7a32,1,
47661U,1,
885M51,1,
CV3r0B,1,
wK2MJ7,1,
P2c875,1,
bn1me0,1,
1CKwl2,1,
QkOd2W,1,
obND66,1,
7TFpd0,1,
1005G5,1,
8Tery5,1,
T54c46,1,
0g7hBq,1,
c6VKd2,1,
NfKo55,1,
A76A31,1,
F8y6f3,1,
DtW1C2,1,
2A08Mx,1,
3i2J0Y,1,
oG03Xv,1,
6528VD,1,
JMJ24B,1,
gS007X,1,
W806n2,1,
ny06lI,1,
188xFy,1,
tTuNgp,1,
rt3687,1,
65knU0,1,
7g3bx6,1,
EA7f6K,1,
canuEd,1,
abiXhO,1,
12Rj05,1,
5ur275,1,
V2QJ41,1,
8l5W6J,1,
02f03U,1,
a53nOA,1,
17k013,1,
7VNHCi,1,
3g6i43,1,
145XxA,1,
85W2y4,1,
K26N3Q,1,
oe38o4,1,
kyO8n3,1,
308dk3,1,
425821,1,
B2131H,1,
S5EYO5,1,
UY27K3,1,
480c6a,1,
E55F28,1,
JoW2oF,1,
27MT61,1,
B168V5,1,
2l7mNS,1,
0100Pw,1,
L66Y6M,1,
82bg41,1,
41OgK6,1,
847Pj0,1,
unvdr5,1,
34or81,1,
24vqEM,1,
n626u0,1,
74M21p,1,
37gD3u,1,
uOp1Dx,1,
542N13,1,
Qby146,1,
Yh48S1,1,
4bM4D1,1,
H0J7BV,1,
JVHuRT,1,
EU2XEs,1,
65LHaT,1,
80E5D3,1,
2M7Gpp,1,
6kTYv8,1,
86l443,1,
278RYc,1,
XEMo27,1,
26Jpux,1,
33Y520,1,
67I6T1,1,
10D00y,1,
blJ06I,1,
4oU0b1,1,
1Y6UDR,1,
ab0045,1,
2cj064,1,
W1qo31,1,
78Wo23,1,
1i7705,1,
738c77,1,
750bBE,1,
cIJgrj,1,
NI7Y67,1,
b0472j,1,
40pHN6,1,
31r5Pg,1,
4OtO73,1,
34A0D6,1,
87W87y,1,
01I8jK,1,
q27p83,1,
8q2cNO,1,
338x42,1,
33232V,1,
8j6K18,1,
0557KA,1,
PHPP82,1,
BLPhr7,1,
2l8S26,1,
70DITs,1,
6DnsA7,1,
20r5c6,1,
1ldv02,1,
61h05j,1,
0Ds522,1,
0n5ryt,1,
140D3B,1,
4G6470,1,
Je8286,1,
048386,1,
40rM2l,1,
8REv7p,1,
8l6FeA,1,
3i2n47,1,
716w3A,1,
NE0D77,1,
h3854D,1,
G4E75i,1,
C2OiFy,1,
f722x6,1,
58n0hk,1,
wn4o0V,1,
1s21n8,1,
43k2r2,1,
akl4uV,1,
3r1v1y,1,
3s6Bxa,1,
302Jrk,1,
E1Q1xf,1,
8yGWD3,1,
XP8737,1,
6dSk52,1,
B2Y655,1,
k7qdV2,1,
5TYjpW,1,
50s226,1,
O73033,1,
6C02Qx,1,
8Kl03t,1,
7QNLwX,1,
r4n3o2,1,
c44A04,1,
i1S384,1,
53Qo7o,1,
7YbO27,1,
g776rB,1,
083nD7,1,
65nR36,1,
44CaYl,1,
425J0U,1,
v4AQ26,1,
4k4EPa,1,
v5pPKL,1,
ny1u71,1,
qD24e8,1,
62R51p,1,
v536wu,1,
328gNB,1,
aAF123,1,
Sy144b,1,
dULjjr,1,
14N63f,1,
gri4wj,1,
0e5885,1,
6110nl,1,
T37752,1,
45N71S,1,
i0780b,1,
64Uo7n,1,
GYKgEd,1,
H62ihu,1,
S4rj33,1,
47860p,1,
52dGfy,1,
00yc0t,1,
l444N6,1,
r5uWK5,1,
ILB3nJ,1,
bQO4OC,1,
Km1Vgw,1,
l0682y,1,
8Lo83N,1,
5eO452,1,
Wvfm53,1,
A1C0Q2,1,
As035y,1,
gCm2bI,1,
85R8b8,1,
54NcV6,1,
7M01aW,1,
C67Mv0,1,
r731Ik,1,
2J3f7n,1,
bUJ0o6,1,
I1O4v1,1,
1N0oK0,1,
2BXx6L,1,
tg46G5,1,
k3q303,1,
4254Xu,1,
5sHh68,1,
7d8NSU,1,
0e7423,1,
cD7nV6,1,
3vR4iP,1,
2IWTY0,1,
x1Knh0,1,
46l12o,1,
C62474,1,
G1470Q,1,
tlq622,1,
2O4wch,1,
j8nQpN,1,
I57H1n,1,
S5A6JO,1,
5y5lv7,1,
g665YY,1,
0dAcWl,1,
4TOgOE,1,
Q640N7,1,
us6415,1,
g334w1,1,
42s0V2,1,
c2xVl5,1,
rXTPsk,1,
18s071,1,
r10WL7,1,
06g45D,1,
2Q42F5,1,
5l1GS5,1,
6765w6,1,
nL244H,1,
70OFGN,1,
00134P,1,
0L15c8,1,
7owUW2,1,
kU38j5,1,
6280B3,1,
27CG0T,1,
vkOyHF,1,
6ku230,1,
YV68p7,1,
12EPuW,1,
KlOSnK,1,
2wR464,1,
M4108u,1,
G51gn0,1,
I7K800,1,
7Jj434,1,
2358Nh,1,
76t61p,1,
e6P3m6,1,
743R77,1,
1p068U,1,
4gQ53G,1,
57236V,1,
331622,1,
0210Df,1,
U3knrt,1,
4147c6,1,
ufX3uG,1,
xW6rLL,1,
N6fl1a,1,
FA83S6,1,
hETq74,1,
W12564,1,
6X026A,1,
n82125,1,
J6324S,1,
jjB8WK,1,
818Qn5,1,
7f14kc,1,
2Xyx70,1,
G3dfuY,1,
45MuTi,1,
1A2p6G,1,
255l72,1,
jJFd2G,1,
s005g7,1,
S8SJ70,1,
fa6Y1R,1,
e24k33,1,
D6S35I,1,
637i3x,1,
Q816jo,1,
3ecaf3,1,
vohphO,1,
574K0N,1,
48n5D1,1,
74n6bx,1,
7678WO,1,
4tn4f1,1,
I2tKu5,1,
7R216S,1,
248jeg,1,
Cqac81,1,
78617i,1,
63F5P7,1,
v304n7,1,
1C2E1X,1,
1ViC63,1,
Kksy30,1,
k0ygw4,1,
8N30F1,1,
J2LcHY,1,
5U5O41,1,
64FK33,1,
Rc3YdN,1,
6v8b23,1,
41oUdY,1,
fkq170,1,
l56hd7,1,
pdV1Xi,1,
1203G5,1,
J484e5,1,
UYp768,1,
6JJ248,1,
67U2CW,1,
L0eh07,1,
nsTFtP,1,
imY3W5,1,
680Cxk,1,
476335,1,
25g6y1,1,
Dd0os1,1,
2L22qF,1,
M18012,1,
1wK4I2,1,
pTAFic,1,
cW43Wj,1,
76j605,1,
50D5I3,1,
02PiC6,1,
1VY3Ck,1,
112Y01,1,
6oG71S,1,
v83I4q,1,
643Ghu,1,
B3bl17,1,
q4e53I,1,
d7am00,1,
WA0dCL,1,
i0n1k3,1,
xk4857,1,
sUH7gL,1,
68vqm3,1,
jL13S3,1,
K68G7d,1,
Bhgv7j,1,
h0B541,1,
ym0s3k,1,
V3H762,1,
NHDG4O,1,
j4k1Ie,1,
fev0EM,1,
535i6W,1,
jmD0t2,1,
Bw150Y,1,
n71f3E,1,
bj7D4I,1,
2W2PM7,1,
ABtbj0,1,
5q75G1,1,
248o51,1,
Qu6826,1,
L836hd,1,
N1351T,1,
46x86k,1,
DeixT2,1,
3F62v0,1,
0h67Mc,1,
q0L18J,1,
8hMKfV,1,
4eXslX,1,
02FoA7,1,
5SyN4K,1,
2bF2wh,1,
428qm2,1,
7iV0Au,1,
88Tc76,1,
0n40u5,1,
C686BQ,1,
7w63g3,1,
Dj05p3,1,
w67KC6,1,
1D03y5,1,
u38321,1,
D01121,1,
1b8373,1,
3Q8lN4,1,
I31f2W,1,
Ub65t4,1,
462w5c,1,
2imfa4,1,
07A12f,1,
2h86vP,1,
ORy7CD,1,
03S3jt,1,
52you3,1,
E5Ec36,1,
S83T12,1,
qY8UbM,1,
tUyF62,1,
t8tQgp,1,
tR8203,1,
4nT0XT,1,
722j7y,1,
b12I6W,1,
PC002F,1,
50Bu75,1,
1jacV5,1,
01J6e5,1,
Xd6vFO,1,
5rm0Xg,1,
i43376,1,
Jib433,1,
06S301,1,
Y3AP87,1,
FA62h5,1,
W08853,1,
sMb8dm,1,
gp8i70,1,
01885r,1,
0I2V31,1,
pJw367,1,
J6JJ2x,1,
s567k6,1,
5C06AD,1,
6C8H1c,1,
C7dC21,1,
oi5862,1,
F7158G,1,
4f7hc2,1,
pfs52S,1,
Q20176,1,
8c002J,1,
6282Im,1,
M0W3E6,1,
4dNXs4,1,
HuC7E1,1,
01gf53,1,
M1m84A,1,
j74J32,1,
v4X2Q5,1,
k5XyPW,1,
3mwrmL,1,
0L71k1,1,
MQ1bwj,1,
n16FB3,1,
7HX607,1,
41jS5I,1,
Qg6e6J,1,
57By58,1,
YGawD7,1,
JBXHf0,1,
aJ4l7u,1,
5UL22R,1,
8H5Q84,1,
1a3Hc5,1,
d014WX,1,
40118g,1,
7GPN76,1,
34nsn6,1,
BE3fOV,1,
24K5fE,1,
430r0o,1,
4wT6UI,1,
c046EB,1,
507Q16,1,
7L280g,1,
k6337f,1,
wS1677,1,
733B30,1,
3BI7I4,1,
438E8E,1,
Np7Fb3,1,
6U3KQd,1,
mNl1v6,1,
116067,1,
lrooRF,1,
3Cm32Q,1,
5xe773,1,
jJLrbN,1,
Fr014D,1,
3737u1,1,
0hy040,1,
5mo576,1,
3sI6yu,1,
B5e885,1,
DEF3FT,1,
oPY20C,1,
137xDb,1,
6Ct804,1,
24258l,1,
e26B7t,1,
pP36s4,1,
A76ag3,1,
fV1rV4,1,
U3y76g,1,
X28Dc5,1,
4cL6G2,1,
E7Y2dC,1,
L70Kmr,1,
d50gOY,1,
1Ap174,1,
75E5F2,1,
dn0t8s,1,
y8Oe1b,1,
Uq7h4P,1,
O4fPEA,1,
51SV3e,1,
jWaVPs,1,
812340,1,
3Y31h1,1,
8bGim1,1,
ex5j13,1,
3c3I17,1,
i8Y3v0,1,
5G6130,1,
g7rhtX,1,
Vd3F56,1,
8F34KS,1,
p2LuM7,1,
6a247S,1,
I76i74,1,
pj1N7d,1,
4T0C78,1,
IW2JQ6,1,
1xo33Q,1,
2Xx02D,1,
fLYl1L,1,
2O67sj,1,
08k4aX,1,
1n61y5,1,
0N7okG,1,
G4AJAf,1,
6WQcA2,1,
BXDthh,1,
6278w3,1,
6772Q2,1,
7258Xf,1,
653T6G,1,
7f5403,1,
5n21KD,1,
0ad44E,1,
WR8DHS,1,
d62N6Y,1,
dTmd0I,1,
YXDm66,1,
RC4kd8,1,
H13lDg,1,
5G2RO8,1,
384B80,1,
4sB7Yv,1,
m0O5xR,1,
slK02o,1,
6J351A,1,
227R6j,1,
24NI3y,1,
xm280R,1,
Ge6F52,1,
I30f78,1,
0HRRAV,1,
27URoT,1,
wGq8vA,1,
141dW4,1,
t5rA8H,1,
8H015m,1,
58qT27,1,
tj2263,1,
n63o2W,1,
G7gcUH,1,
6Pm2xg,1,
lcE141,1,
7SVF14,1,
jXAW64,1,
E08Q2R,1,
8X8K21,1,
X7T4DM,1,
053geu,1,
1F48nV,1,
0G4E88,1,
8FV0tR,1,
nBO752,1,
03ij2b,1,
Qq8HS5,1,
hFe2on,1,
Q2841n,1,
4556Gm,1,
wM1mgE,1,
02OK7r,1,
P7yC5W,1,
y4sXUR,1,
C03laR,1,
SDfY4o,1,
5251y4,1,
6v223l,1,
YVpnhf,1,
VE1b7Y,1,
jx33i0,1,
3n3pMF,1,
4q277Q,1,
tJrK0f,1,
anWaV2,1,
d220na,1,
h4pBGC,1,
75oS6H,1,
70g8bX,1,
0I4XDI,1,
tw4f54,1,
8u541n,1,
2CCV55,1,
1R66e7,1,
C87Q3i,1,
04Jw27,1,
56vcp6,1,
S3reCC,1,
461d44,1,
NF1B58,1,
5H8ei5,1,
40436s,1,
834503,1,
An6N1F,1,
2D6iI2,1,
aB2KX6,1,
3KYLfJ,1,
C84A78,1,
6077P3,1,
42OU70,1,
86f20v,1,
x78JaX,1,
T6x2w8,1,
R27p5S,1,
65kDt4,1,
FJb6qu,1,
M284w5,1,
3220y8,1,
c16qJ8,1,
3LWuS2,1,
h4BA65,1,
b3AsFk,1,
k1J3ny,1,
bXs263,1,
2s30w7,1,
dM7WQj,1,
4i2VMg,1,
5712EP,1,
602YJ7,1,
1140ha,1,
8I1p62,1,
x7jLdC,1,
4wLIq7,1,
78P188,1,
4og25q,1,
KFxi7E,1,
65IF2H,1,
8482sl,1,
6b33n1,1,
5ygbL4,1,
1o42x1,1,
t7hFqc,1,
61i5o8,1,
8ie1K2,1,
w25hcO,1,
2J8r7Q,1,
52DA12,1,
s3y5g2,1,
m21h16,1,
0n5pE1,1,
yJl06u,1,
ujKR55,1,
0Q53sd,1,
3k0M6r,1,
753y40,1,
3mg880,1,
5tf048,1,
45338W,1,
805U15,1,
5KapSH,1,
42E04l,1,
BNV6m1,1,
e66876,1,
c2R054,1,
kM0kxP,1,
6CV5K3,1,
N53mP2,1,
485q0y,1,
3w1IlV,1,
15b8h3,1,
E4083X,1,
2R01aI,1,
57383r,1,
3b0526,1,
5MO746,1,
1D5m21,1,
8E43n3,1,
3A13f1,1,
8M3dK1,1,
0756S5,1,
i640d4,1,
0257LF,1,
02F4E0,1,
y753T6,1,
1653Uf,1,
i8k4pO,1,
mup510,1,
1CR20h,1,
D76mcM,1,
u3Kx2t,1,
o73H64,1,
BF8w64,1,
cY1L2E,1,
852dOu,1,
20Ed4o,1,
6K852D,1,
4p4330,1,
72al57,1,
P17F8u,1,
F7D287,1,
iOU7yu,1,
8v3c8y,1,
aR0L55,1,
fJJ48d,1,
gH7G2j,1,
m02cRu,1,
22Du55,1,
3S8QYx,1,
672aJf,1,
OJ2870,1,
h8bic4,1,
ml06Kd,1,
ct2j6E,1,
M3dDy7,1,
logL3E,1,
5an832,1,
4uWBQV,1,
828is8,1,
3E2eCr,1,
CCYJfp,1,
633G63,1,
5RsGy4,1,
BKbb6b,1,
53R5B5,1,
38e2bQ,1,
jwr3B1,1,
viM78L,1,
61747o,1,
7d487v,1,
2vPt54,1,
h8je13,1,
EL30i0,1,
pyYq8P,1,
7yvaD2,1,
5JxR1T,1,
w6F2eQ,1,
l444ga,1,
BACmw3,1,
pbUo55,1,
s3DJ41,1,
jbS573,1,
6f7504,1,
5o53bT,1,
o055un,1,
G24566,1,
26270t,1,
472G0e,1,
t8gY6P,1,
3v6XYj,1,
R3P8d8,1,
hSBD1H,1,
0p7723,1,
04m0Or,1,
4DFfo8,1,
007YXE,1,
K5S580,1,
UP5U2R,1,
I3f312,1,
46n36l,1,
868A7h,1,
8Qh1G6,1,
gY7QV5,1,
5W5E41,1,
6NuUY1,1,
E45e44,1,
7E5ib6,1,
B52WBY,1,
22OYp7,1,
3P41PR,1,
w7x3Ub,1,
F7G12H,1,
331018,1,
B5537p,1,
534BgL,1,
3Ka6Q7,1,
2d17DB,1,
1wRVO0,1,
mck461,1,
8DUv11,1,
s2W205,1,
XmrN14,1,
M32spi,1,
6kdc47,1,
t3icBm,1,
543H43,1,
b74oJ8,1,
35fcR3,1,
X42pXX,1,
4G672o,1,
64L3kP,1,
sp12oe,1,
l3365R,1,
0v87h1,1,
UOm022,1,
F2Qf33,1,
6fbedO,1,
X263MD,1,
337U68,1,
Q315D4,1,
8g1vTL,1,
543333,1,
2lso50,1,
wt0k68,1,
NB75As,1,
8k8wQY,1,
1K35l0,1,
m005b6,1,
0X3184,1,
WJ82G0,1,
677uoo,1,
l1V4FC,1,
784100,1,
Px67D0,1,
155756,1,
8PV747,1,
5f66XX,1,
l01261,1,
T267TP,1,
2TjF65,1,
e5624v,1,
p037TM,1,
47L1o5,1,
M488EM,1,
6D141w,1,
ly3s75,1,
Peh726,1,
71AVt2,1,
Qp0WbB,1,
1215MQ,1,
4443Ry,1,
678CMo,1,
11j4Lr,1,
3X6oH4,1,
633g81,1,
M14JMb,1,
5F3Cq1,1,
5t3b2j,1,
0260Hn,1,
814pR8,1,
U0o531,1,
74611Q,1,
o8h71U,1,
wS0247,1,
ONy654,1,
e540O2,1,
8E8f83,1,
7lc48v,1,
w7p748,1,
4XAIGE,1,
p5T0Q6,1,
1P1O71,1,
xX4Bx5,1,
u573Mi,1,
k44P37,1,
1505wf,1,
V18pb6,1,
y61GX6,1,
X7S2i8,1,
A3GrjK,1,
57y665,1,
0443O0,1,
osm0h4,1,
qqi885,1,
JVU5L6,1,
r7UxU3,1,
NQ8hQ8,1,
1l2i75,1,
d05s06,1,
F76Q24,1,
2X6Bs6,1,
Y03877,1,
8xjfFU,1,
b732S3,1,
y2n6wU,1,
5FVck0,1,
5785y3,1,
r61On3,1,
82l4Gg,1,
TV720c,1,
haVCF7,1,
65036d,1,
es081k,1,
15Pssj,1,
64Mn3o,1,
vu6dKc,1,
S2tOv4,1,
6130ny,1,
8u7wH2,1,
346400,1,
776885,1,
2J6n78,1,
Kq3M45,1,
Q63aD4,1,
25pv36,1,
1KH60E,1,
O21e78,1,
Jsq5aH,1,
Y4l6ue,1,
F33H8L,1,
700381,1,
32tuK3,1,
8J44f5,1,
fwxpr6,1,
Vf3376,1,
68Ql68,1,
1PF5f4,1,
0sbCds,1,
NvRI6X,1,
0n5kCv,1,
1D028x,1,
72ucW3,1,
KUbUhm,1,
Xl7T52,1,
b04MaD,1,
vj54K1,1,
kkVpJ6,1,
445f5N,1,
4n1HK3,1,
6E5c70,1,
Y6r57n,1,
2hf80O,1,
lpi65k,1,
A3r4l5,1,
6li823,1,
25M165,1,
4l2321,1,
72b16C,1,
o1Vx11,1,
N00H0s,1,
QM82j6,1,
13c6qu,1,
44L14m,1,
WoruXh,1,
4n86e0,1,
y763v2,1,
KI1E5F,1,
17mU01,1,
VHV6To,1,
U71y5D,1,
32qG21,1,
iXk654,1,
mn7417,1,
IYFIDs,1,
F651Yo,1,
72bT1J,1,
xUr06d,1,
4E83xv,1,
1Xh577,1,
32342d,1,
ug45F6,1,
5675G6,1,
d73K66,1,
ShwV38,1,
1736UL,1,
V847wi,1,
2r5Qwl,1,
xpYD8L,1,
80wa32,1,
EN87u3,1,
g0mw3t,1,
11B8kd,1,
L406SK,1,
sqsaN4,1,
N60AO6,1,
aH64k8,1,
64Ef30,1,
6243Pe,1,
sehOia,1,
62000b,1,
302Q74,1,
4P61O2,1,
V7AB06,1,
BLi48T,1,
QHLfQu,1,
4M28BQ,1,
710JmJ,1,
G3568n,1,
du1565,1,
3l08Wr,1,
442537,1,
825XFB,1,
8l73Wn,1,
68D2ym,1,
CV63E4,1,
x82haB,1,
hb3C30,1,
RD268G,1,
48u4HC,1,
s318hL,1,
n0apk2,1,
7GcO55,1,
P0ud1T,1,
Rs2r04,1,
3t731G,1,
8vUk0o,1,
e1Wn4s,1,
68RDjL,1,
C45gmH,1,
XC6l0y,1,
45Og25,1,
14630x,1,
VNM305,1,
674qF5,1,
105K0M,1,
5Y47RV,1,
6x6J65,1,
RIlhVR,1,
L8B08U,1,
b2Qxwa,1,
141323,1,
S0M005,1,
Q3kX61,1,
772xKX,1,
30ERd5,1,
4O1vve,1,
32hX07,1,
VrFwbc,1,
d1v248,1,
4PXJeG,1,
pJE47S,1,
25D2vw,1,
s68806,1,
4Dt083,1,
LMcSk5,1,
p3TtaS,1,
656pu6,1,
SWU758,1,
Yyu1x6,1,
lXKO28,1,
4K4p61,1,
588UEW,1,
jh0S7s,1,
47288h,1,
v2ScI0,1,
1f5257,1,
125PLx,1,
6081u4,1,
G000sb,1,
1n63hT,1,
3lNqSH,1,
8cje2g,1,
o0eE01,1,
36k323,1,
mQ883Q,1,
AmvI0h,1,
1uYVE1,1,
6iSI3S,1,
3Hj1HM,1,
3f51IQ,1,
l2e25P,1,
8v288X,1,
61In1L,1,
86Y30m,1,
4544l1,1,
k641W1,1,
R8PyE1,1,
K32W8Y,1,
BV2wx1,1,
4mqL7n,1,
04G4t8,1,
37Q822,1,
3K0117,1,
1BB5OE,1,
l1BV45,1,
q2e0yb,1,
Q4UFoD,1,
58G6eh,1,
00O1Wk,1,
V0uh6d,1,
6jkWQ1,1,
P1b5no,1,
5v2775,1,
H62684,1,
5lN74o,1,
b13lj7,1,
Pchdgg,1,
SG3DKi,1,
71S2w5,1,
6q0s64,1,
e25wu5,1,
fo4h34,1,
64ly0k,1,
5c3uwS,1,
Pw44rU,1,
651763,1,
61eW7M,1,
37d014,1,
06Mn45,1,
0yUUoi,1,
uLs4jW,1,
25511I,1,
58l41H,1,
y5k5Bn,1,
8LH22k,1,
jB08j6,1,
Db563R,1,
6302tj,1,
8Fp8nc,1,
c37x61,1,
10L5b2,1,
cw45V8,1,
d3aWMv,1,
5t8al5,1,
43h1b1,1,
UB48n3,1,
26c5GH,1,
lp5303,1,
10W15Q,1,
567ig1,1,
2rm6S2,1,
m783oV,1,
U0567p,1,
2m85Y1,1,
c1U8DH,1,
E62BtH,1,
230b7n,1,
7c1Qeq,1,
LE8238,1,
p177Jl,1,
e8Rmiv,1,
POYFUQ,1,
2a73J5,1,
4344mN,1,
7I8k0f,1,
41881N,1,
v8G21M,1,
258D43,1,
16R468,1,
7l8KR1,1,
S567Lf,1,
fqsG10,1,
s01k34,1,
jaoVwk,1,
7351V2,1,
pTS0j5,1,
07vD56,1,
Y1S07W,1,
88612x,1,
Lt2qr4,1,
Rc5hlf,1,
nnDX1d,1,
1UA4ve,1,
6v34k2,1,
183700,1,
0U51g4,1,
C8Mu6R,1,
62247L,1,
Gis3O5,1,
n81321,1,
6pgChE,1,
60GRo4,1,
pML17M,1,
637t1Q,1,
l6318V,1,
jO6tft,1,
3FG07Y,1,
4P41DX,1,
LM1MF6,1,
hNrrN2,1,
P7yQO6,1,
687Xl2,1,
o68s3J,1,
g2KVk1,1,
3Om1J2,1,
2CxMQ4,1,
Xf74sB,1,
2p1P8c,1,
rlpk5r,1,
6r46O5,1,
Fg80c0,1,
63wo0S,1,
4g8c2Q,1,
16m35i,1,
80r760,1,
Q813he,1,
PWlF05,1,
CPS227,1,
Xi62W7,1,
Fb3O6k,1,
blroA2,1,
W747r6,1,
VxUBAw,1,
16470O,1,
5i46HX,1,
p8uP0i,1,
B53I20,1,
GNlw85,1,
EJAnV0,1,
t824Lt,1,
mGU7Kv,1,
7d8RV6,1,
NHmuJ4,1,
7g6aT8,1,
831oUa,1,
51520K,1,
P54A70,1,
7426KM,1,
7hq8fQ,1,
Ya40Rw,1,
6f7Um6,1,
Q075cl,1,
d5xps6,1,
g0X085,1,
m5A3Yc,1,
2i3B6t,1,
x026I7,1,
5tB21w,1,
MD1FCr,1,
L8xb1X,1,
2GT26h,1,
LMji11,1,
0SW0kR,1,
60KO5k,1,
S080YJ,1,
R3E716,1,
J7g4c4,1,
mY7w6j,1,
wSa2UC,1,
YOFOUg,1,
4GHGUx,1,
4G7s3k,1,
2gUs83,1,
108d8E,1,
7v8763,1,
J3052X,1,
2507B4,1,
Op1Q6m,1,
bW4554,1,
04UQrp,1,
5eCo37,1,
PeQR78,1,
0HGQ13,1,
K83nGU,1,
Q3Y01l,1,
14L73X,1,
i438E8,1,
V1dMGx,1,
5t3oR6,1,
G17857,1,
5LO28m,1,
o6p1Vi,1,
r360Y1,1,
72JSN1,1,
03e2T1,1,
1t0M15,1,
2RL5d3,1,
TLB646,1,
8011Nt,1,
338q7s,1,
Rf3grM,1,
v83bH2,1,
O061lQ,1,
g3QJS5,1,
4ns142,1,
064747,1,
mrA18K,1,
27y8BP,1,
17534p,1,
A52G44,1,
71m1XT,1,
4euD3K,1,
14x2u4,1,
sH7j5h,1,
480qHS,1,
f653e8,1,
sTF673,1,
pBQ67K,1,
46s405,1,
NS25pu,1,
47kUp7,1,
TpPP3l,1,
uF2Qwf,1,
7wOkHb,1,
6xKxw1,1,
01IvQn,1,
l86347,1,
yr2n2u,1,
vI862t,1,
gI0T63,1,
RO7XJA,1,
686jV7,1,
4uNKJ1,1,
5y16cF,1,
E22w74,1,
44N7i8,1,
0877e6,1,
3i50vs,1,
ej03qv,1,
o535x2,1,
122Tc5,1,
vv6831,1,
I5c8Nl,1,
86803T,1,
256Y55,1,
6212J4,1,
3Ykw03,1,
M6Dg57,1,
elA14d,1,
134214,1,
8TAE2F,1,
01lg08,1,
l5eA4D,1,
lIQ30V,1,
4lvmTF,1,
jeCfNw,1,
7E68GC,1,
j685yw,1,
fh83wM,1,
31rXKn,1,
80If5q,1,
Dx2A10,1,
ba35r6,1,
1YMl75,1,
238LVo,1,
80Cji6,1,
y7n573,1,
55tD3A,1,
eSVsjn,1,
g2Kx48,1,
sLPU57,1,
M24VB6,1,
D8NQ40,1,
a108a3,1,
5lJG84,1,
7xAjES,1,
BcPe31,1,
KU0D2u,1,
0Y24rY,1,
862AW4,1,
Dxh82k,1,
sTEiX2,1,
85D877,1,
388PrQ,1,
oge1u2,1,
07BtP4,1,
3pm17E,1,
dai2IE,1,
KQYj1g,1,
5pNjCv,1,
1H5d25,1,
60h582,1,
QG85gM,1,
a06L51,1,
8derKg,1,
70JDR5,1,
70cdS7,1,
lRm5IF,1,
E35NT2,1,
21784W,1,
3L3B3f,1,
7f6A7x,1,
M6A4wy,1,
6PvDk2,1,
4483W8,1,
4wd33e,1,
34326j,1,
0jNsN6,1,
M21k5a,1,
2a285j,1,
2hpY2H,1,
528KJT,1,
IJ58H2,1,
38y58x,1,
fS0l8Q,1,
kl0180,1,
UQT4Vr,1,
Tb32YT,1,
5M62y5,1,
T2MF42,1,
YQH6YJ,1,
10i7v6,1,
J760gQ,1,
1308x6,1,
Y6874M,1,
H4WMA1,1,
WfXm1M,1,
4sQ0h5,1,
41sS2u,1,
g20W70,1,
7F4815,1,
0oL8vv,1,
fUM7b0,1,
cRa76J,1,
8H56n2,1,
47W5O4,1,
D82840,1,
6885M3,1,
6D1w5M,1,
26foBK,1,
J4070s,1,
dQO43g,1,
5mRc4R,1,
81euqO,1,
522144,1,
71ySkv,1,
V578r0,1,
nQed16,1,
0UV0Gd,1,
E3KiI5,1,
KqQtVP,1,
T6j03e,1,
68N7I6,1,
N2rINu,1,
d7Jq4E,1,
ik7rK3,1,
85GA5l,1,
803nO4,1,
oi0Ys1,1,
yKy565,1,
51P050,1,
02l5CY,1,
84Yaw6,1,
6124br,1,
A7T865,1,
0S27TG,1,
5665jy,1,
6bp46s,1,
Ts6D5Q,1,
JDS35K,1,
77c4no,1,
144h1U,1,
6T07IA,1,
yNAONd,1,
S3x248,1,
384426,1,
n2a0Kk,1,
N22R60,1,
s8HPJn,1,
4E5WAw,1,
h46F37,1,
6M61l4,1,
TV5MU8,1,
1U0n6L,1,
87107I,1,
478ug1,1,
bc7134,1,
4jQ5eF,1,
m0g71q,1,
Uf54n3,1,
nU7qL6,1,
4tJ85k,1,
4VTN50,1,
fiCugl,1,
kE14Q0,1,
sc7717,1,
c56P10,1,
72LTs1,1,
3yU487,1,
7g1eOa,1,
7wv281,1,
3Bg3n5,1,
5q33eT,1,
153BND,1,
7qv4QB,1,
3LP3G2,1,
46sApG,1,
535m0a,1,
10q23L,1,
e5KW6e,1,
0UF846,1,
Y44r6m,1,
7IR412,1,
7pa35u,1,
kI51Na,1,
a1677v,1,
6iQ5PC,1,
5A8fP0,1,
r5014C,1,
DQbI4u,1,
nCix2O,1,
3T3p45,1,
8R8351,1,
438U04,1,
n43K64,1,
35VY62,1,
0YKjiL,1,
5kdE6u,1,
6lf2Ec,1,
8R46U1,1,
w5CPh7,1,
jlKW27,1,
2HIaQ0,1,
6W1oL4,1,
7xh0L5,1,
060DG1,1,
UECR1u,1,
PS0173,1,
52n38j,1,
F7d86r,1,
ol73d3,1,
84K2rU,1,
54m2uk,1,
21Q70X,1,
71u0rF,1,
QB46lw,1,
M13556,1,
0Exc7c,1,
56A5F2,1,
7Q3K18,1,
GXnd25,1,
0j6MF6,1,
5WX16U,1,
NnF010,1,
n5N72r,1,
U2Bb4w,1,
38V4R5,1,
120224,1,
I80e7H,1,
87mn01,1,
52bi8H,1,
6g4R5p,1,
35kO62,1,
e3s74d,1,
tu7h65,1,
YDEl1x,1,
01L5SM,1,
d56jLW,1,
Fj07ot,1,
qSFqo6,1,
2s83yl,1,
8y7L0L,1,
WgC0C8,1,
SynFgY,1,
7y8wq4,1,
Q6I7V3,1,
37J324,1,
4P620V,1,
N52crm,1,
jr3L8k,1,
iAhU0k,1,
j57B64,1,
58263e,1,
6F0m36,1,
f20Fke,1,
6n4t7a,1,
5lj616,1,
0rv23q,1,
5f0s07,1,
I5w1vf,1,
5j01b7,1,
7TCfE8,1,
0M42Y3,1,
55N0Hu,1,
44tyxA,1,
cQ1cD5,1,
U38760,1,
kPEwB4,1,
7h6F8E,1,
5u381p,1,
686s1o,1,
1Do4U0,1,
Cc60IE,1,
65R6q3,1,
48VN62,1,
W7SyCR,1,
A10QH8,1,
KB8l24,1,
a7FhKv,1,
5H5P7L,1,
cEV773,1,
1671KP,1,
Q7D070,1,
8i1812,1,
N1QB4A,1,
n3BCT6,1,
m2qC80,1,
41L12g,1,
0rj3r3,1,
3k7t4d,1,
728Sr7,1,
C7ogBX,1,
el224R,1,
63Gy01,1,
LgQp72,1,
0T08l0,1,
Q7045b,1,
8076s6,1,
788150,1,
p12qOI,1,
0T0Q8Q,1,
46EH3i,1,
tqk61R,1,
26nYuF,1,
2fHF1G,1,
355K8h,1,
WkE7F7,1,
0Tm7Y2,1,
2bfyA8,1,
Y30q68,1,
47OD06,1,
254F20,1,
H8hQ58,1,
0I85rg,1,
qo82Mo,1,
P618u0,1,
63fq1D,1,
650H56,1,
TU543C,1,
S1RMka,1,
7U744B,1,
PRoAmK,1,
52A0q4,1,
x4m3jU,1,
N802J8,1,
3603CM,1,
dN77R0,1,
013m6q,1,
2kGh37,1,
048l83,1,
7JFCB7,1,
6mN56q,1,
8LTYv7,1,
i7EGai,1,
E45Im3,1,
8C2E27,1,
x0M888,1,
to8603,1,
mb4fxA,1,
QnK7Gw,1,
35451U,1,
1pr5ys,1,
75iT2j,1,
887Y1J,1,
023dJ3,1,
730X4p,1,
41C4jn,1,
K7WaEy,1,
51msd3,1,
852101,1,
710I66,1,
6377x7,1,
323530,1,
6N4huM,1,
1e2C32,1,
1270Jq,1,
42q126,1,
t36Lq1,1,
xSYhSg,1,
1i8o70,1,
8i7TJt,1,
3d1a01,1,
W4r1QA,1,
K014hJ,1,
1A2550,1,
31A3v4,1,
60O652,1,
63NT3r,1,
Vl7071,1,
0eJ1l6,1,
5S8h87,1,
DKJn66,1,
X152k7,1,
mJm3dX,1,
0MX75h,1,
A141H0,1,
wONonS,1,
EXO5dB,1,
rIpru6,1,
5vy276,1,
4103V0,1,
L64461,1,
x5l87X,1,
Os011a,1,
86k3M1,1,
0g37VF,1,
5778QE,1,
7qnMyJ,1,
eGqF28,1,
IFa020,1,
3VR26j,1,
a77y40,1,
071k26,1,
sr0550,1,
B7E81m,1,
xn1v64,1,
03KB42,1,
0oW542,1,
D420r4,1,
4Wm02r,1,
Axp308,1,
25866F,1,
yoJ5I3,1,
OJ8A0G,1,
XeBGCB,1,
MLG3c0,1,
hR03a3,1,
01KT3E,1,
32en00,1,
537tg4,1,
r8wbd3,1,
u861F7,1,
WS8m40,1,
Rdlem5,1,
0I1iGO,1,
Yni380,1,
a63W05,1,
6o2561,1,
E0L03H,1,
jv02QA,1,
Q7G2Ka,1,
1D3E3Y,1,
mH804A,1,
AuqNK5,1,
Q54b2O,1,
70S1x1,1,
HT64Yu,1,
r566SM,1,
3T08JW,1,
107I6t,1,
06v5hP,1,
8Hj7KV,1,
24674E,1,
84gtB6,1,
t50M6W,1,
tn7AY7,1,
63s730,1,
Vi1283,1,
1L5384,1,
GYm421,1,
l5d144,1,
N5Mk34,1,
84O12C,1,
52d803,1,
IE0L48,1,
7Hoigh,1,
7G8s22,1,
C46a4v,1,
oU82fM,1,
W7k87T,1,
tBWKn2,1,
62s2p3,1,
484516,1,
6stq7v,1,
8SXk0P,1,
36871p,1,
8hdKW5,1,
2125TG,1,
s68p71,1,
b20WPD,1,
o6s106,1,
SiGE3u,1,
dj2cqh,1,
J48Gn8,1,
18r6r6,1,
h187dl,1,
1A764r,1,
OtCsE4,1,
ns3321,1,
r6K2Qs,1,
j684XO,1,
7Thw1D,1,
7Yof84,1,
peo7s5,1,
T50ua8,1,
KK70ve,1,
87UE7x,1,
1FHi0J,1,
1wT2KL,1,
q4ISll,1,
gI6s01,1,
Ru226V,1,
b6T24G,1,
3Wch4b,1,
263283,1,
4252Jn,1,
55IoCw,1,
3S868Q,1,
uLVwlk,1,
T357I2,1,
T77S2m,1,
C0g61N,1,
E77FDY,1,
203f0d,1,
N4rcj8,1,
48374S,1,
8ATf4m,1,
34c2qi,1,
41OG0d,1,
2JfB06,1,
kv74DY,1,
4m51J4,1,
bpu766,1,
04KdB3,1,
x1651m,1,
nH7EdC,1,
08o4gx,1,
Xpw0eu,1,
1I77tT,1,
m2cC51,1,
a24Dbc,1,
384MNc,1,
OiFBX5,1,
UCDe8R,1,
313TA0,1,
4Ptd41,1,
BH6i23,1,
n7t1g0,1,
i45Xj2,1,
5g52N1,1,
7A4XJq,1,
55tM00,1,
4rvDV1,1,
jVllGT,1,
JPBejj,1,
2BaT77,1,
20VRp2,1,
y0Lm0P,1,
eRwXH6,1,
mTA2I1,1,
s6Qc56,1,
2Hm0Pr,1,
Vpa208,1,
208T7x,1,
PKVs57,1,
13VJ14,1,
L0M8KF,1,
4H7xLk,1,
J14tBK,1,
4gP3Ln,1,
5DG1w5,1,
508dI7,1,
3ye4S6,1,
JsF8Fd,1,
us813X,1,
Fy7V4F,1,
NeJ3Hb,1,
62MqR0,1,
dv2ty2,1,
gmE4c0,1,
B2XFYu,1,
HKeVS2,1,
07U0X3,1,
10f1F1,1,
Ew067U,1,
Nj1Wj3,1,
112J8q,1,
AW4X34,1,
03ssv5,1,
V1yeg1,1,
K3kXI6,1,
734337,1,
GJ282U,1,
NiS6wk,1,
aH4DAx,1,
Y77BU4,1,
32o21e,1,
kfLv3R,1,
5O527p,1,
pUeKyw,1,
1Fgxeq,1,
227t6w,1,
A7lwXk,1,
P84G65,1,
p70J22,1,
4M3xS6,1,
Q6NQ10,1,
gL00n1,1,
4USqF7,1,
5J4vd3,1,
np7aN8,1,
1j55t5,1,
3K551o,1,
UC270f,1,
2ag140,1,
rKfwMF,1,
4qp821,1,
15W3y5,1,
4w2L46,1,
e27wmI,1,
R8wd5h,1,
1nfyb8,1,
n1B70t,1,
C4473L,1,
423606,1,
2Vm8V1,1,
8by108,1,
gR7n13,1,
B6V17t,1,
4r10iG,1,
nB83tp,1,
rNb5ti,1,
0066jw,1,
tu6p66,1,
280xM3,1,
84nb0v,1,
7KoThl,1,
24f544,1,
hop7e7,1,
8OHnl2,1,
m3bd7J,1,
Js33Gw,1,
3136e6,1,
o77jr3,1,
F50A3e,1,
O614md,1,
Rock8T,1,
6u20lx,1,
UlAQn5,1,
1682vq,1,
6hR051,1,
1lU2h6,1,
8nk8G5,1,
nw5v68,1,
13YXAE,1,
1D1J1P,1,
Q65YM2,1,
F876I6,1,
Hw81l8,1,
O825Gt,1,
G8O13f,1,
p6HiYg,1,
0ORp6i,1,
1Wmf50,1,
nLH3p5,1,
w02PL0,1,
aG2LcU,1,
G0a3Fo,1,
7V8Ji0,1,
1Slh0k,1,
ihIxa8,1,
Jm8f12,1,
66E7F0,1,
0mBn7B,1,
005GB4,1,
xh4fu8,1,
gY5XC3,1,
482H38,1,
07848R,1,
5aH5A3,1,
772j4r,1,
wH2475,1,
1YEC63,1,
313716,1,
88uU4Y,1,
S8i1UR,1,
f51cQu,1,
5IYVhH,1,
3Y6H67,1,
56GmTl,1,
2177gB,1,
f66I8J,1,
0P315h,1,
76un4i,1,
o027l5,1,
I38FTM,1,
451O6o,1,
MfU0F1,1,
2exE48,1,
G7M7g7,1,
83o4N7,1,
yQ601k,1,
G42700,1,
BRH148,1,
oN2sFO,1,
MilJDQ,1,
fuOC78,1,
C4DaiA,1,
6IFp13,1,
813RGu,1,
j30q1j,1,
O7Cd7J,1,
46hE5J,1,
k10s16,1,
JJ1QJ3,1,
YGDj58,1,
hfX73U,1,
B4RC8J,1,
23UH51,1,
61P60S,1,
2y486s,1,
7oK4NM,1,
601T06,1,
15kyrc,1,
f208F4,1,
vP0Y7r,1,
63332u,1,
C20t36,1,
5682l2,1,
05YE1S,1,
3R6103,1,
b143ad,1,
44xrN2,1,
33b354,1,
oB8c0G,1,
is0QjO,1,
15NK64,1,
28YXWA,1,
1kM5bm,1,
6226DU,1,
C1665e,1,
7K433I,1,
rLM7PE,1,
X50YGV,1,
N15503,1,
5FON44,1,
31TP31,1,
Uv2D5m,1,
5t71gp,1,
Y2OLw2,1,
GV6X3u,1,
2286cN,1,
Gk7W64,1,
57k34Q,1,
f6uVL7,1,
x3G05f,1,
01oIRi,1,
yV808u,1,
io147g,1,
41mg8n,1,
f778m4,1,
3UgjOk,1,
p5oSv2,1,
FhSR36,1,
5oy50G,1,
7s354N,1,
8v1YX5,1,
663363,1,
6Oj253,1,
Jy17IG,1,
0Y4n3c,1,
7I4C6J,1,
621Y12,1,
F4l2K7,1,
102C7Q,1,
3B73Ir,1,
6AO145,1,
2TVU8s,1,
281tv0,1,
cHSc16,1,
13X3V7,1,
W6L66O,1,
7oFL0u,1,
30s53v,1,
PMD2A5,1,
78C11G,1,
7I3eby,1,
P21IwN,1,
Sbl153,1,
gVDILo,1,
Xue8mF,1,
623n7Y,1,
4375oU,1,
0uEQ5G,1,
4H71ol,1,
s55c11,1,
P7nl06,1,
Y0mchU,1,
iE422X,1,
dWJ661,1,
M64NY1,1,
6672mQ,1,
F8i1i5,1,
ksnc74,1,
60hc57,1,
7c1288,1,
7lEK45,1,
14480H,1,
v2OGH8,1,
414Kb4,1,
KLj28T,1,
272o5d,1,
1h3N8K,1,
DPVSXW,1,
G1y433,1,
nA287p,1,
p5LuKC,1,
2C3875,1,
Y7jIFn,1,
31MO7I,1,
SW40yD,1,
ky74c6,1,
6R41Pc,1,
gm5dC2,1,
7m54NO,1,
4UPb20,1,
b10p3Q,1,
24G0TR,1,
rG7567,1,
56Y3S7,1,
p51s68,1,
05gH22,1,
77c315,1,
2N1475,1,
bNXyi8,1,
Qo6i6M,1,
qF6j7W,1,
i6d251,1,
7yxsY5,1,
U0B86X,1,
3mNN07,1,
tmhR7s,1,
6ak56o,1,
Tq8B7I,1,
60su8T,1,
7w4212,1,
IPXr43,1,
Y8A6DF,1,
50SE87,1,
j7B7S6,1,
228KP0,1,
4y2C0Q,1,
JrY5X3,1,
2V5A60,1,
044556,1,
w0b53a,1,
HD1171,1,
sj1Juj,1,
OEdL2B,1,
h37VQ3,1,
7E2DwG,1,
267nQ3,1,
qH87e1,1,
834376,1,
l0cr2u,1,
JH661I,1,
Cl4W27,1,
71a76W,1,
031PU8,1,
4L850V,1,
7KAh43,1,
30c14u,1,
q2327n,1,
w36TT3,1,
A31Y7K,1,
2Y1p34,1,
46E405,1,
2bQ583,1,
01bfHl,1,
44Ynii,1,
oDxuf7,1,
8GJ3L6,1,
423631,1,
15qr6I,1,
1v5VHD,1,
0bq23H,1,
7u1O51,1,
fHRf8x,1,
p3Jj0S,1,
U1ih7R,1,
6i2O1h,1,
kc7xV1,1,
S65153,1,
XIR3SX,1,
RRXUi3,1,
Ok87yI,1,
88FP2H,1,
miH41F,1,
3Wfl0O,1,
U163B2,1,
o8hkNt,1,
Cw05c0,1,
8724PT,1,
G765ls,1,
L71l60,1,
bBB1i0,1,
66Y6iD,1,
pSt0pT,1,
20RFhc,1,
08Aq44,1,
tCx7OI,1,
I620L4,1,
l574I7,1,
785Y27,1,
3V252a,1,
ob1J35,1,
407145,1,
dFBf5o,1,
1wjM22,1,
e0B3a4,1,
j34B4e,1,
b4I8ck,1,
83150I,1,
a2kX0L,1,
16185H,1,
I8d5b1,1,
ps1TR5,1,
1B6H0q,1,
757Wy7,1,
0I48Pg,1,
WUk5m2,1,
37Do3d,1,
sa3x07,1,
HT1C40,1,
diEBnj,1,
O5537x,1,
8W88fp,1,
4l5yd3,1,
1s5AJ5,1,
JE22KR,1,
e0584e,1,
Sdwk68,1,
3401sd,1,
8W17P1,1,
k5y3G4,1,
JgH0M1,1,
622o83,1,
nPji7i,1,
MtTO32,1,
W480fl,1,
bJ1M5W,1,
40wj8X,1,
swQv04,1,
17443I,1,
q2F473,1,
1S7jO8,1,
612W7D,1,
1uqmWD,1,
7S588W,1,
lJywiP,1,
LtW400,1,
4F33Jl,1,
3cm4Tc,1,
l5JS0P,1,
8Alim0,1,
r47f7d,1,
5G5cdu,1,
PPWM2h,1,
7I4uYQ,1,
6ig108,1,
2w3U2m,1,
EFRh11,1,
1InwiW,1,
l88647,1,
5nd3lc,1,
Mok4IK,1,
76BMIx,1,
eQ62UI,1,
y62562,1,
O5F1Q0,1,
016Uie,1,
736B32,1,
kpF1CT,1,
52QJT7,1,
Wav6nr,1,
5384x5,1,
Yr31gn,1,
m5a65G,1,
H1F6be,1,
Hd32Q7,1,
057602,1,
5N338I,1,
2u1Gse,1,
3Ln500,1,
4C61J0,1,
520Dv3,1,
0x8o2V,1,
uhf3d2,1,
eg56PL,1,
5700jQ,1,
63cPcR,1,
5dN780,1,
8D1MMD,1,
mjD3xK,1,
C676V6,1,
134D2A,1,
W83LB8,1,
0ijN2o,1,
is3KVX,1,
2kl18V,1,
fN75JP,1,
27C100,1,
x63603,1,
635NWA,1,
0I361h,1,
gM4T78,1,
668nIH,1,
F51l2m,1,
26V854,1,
8J03V5,1,
pe54EW,1,
V1G6Y0,1,
y6O37F,1,
b3H37D,1,
u67A8X,1,
mu572G,1,
77X60P,1,
rr1170,1,
Xq2214,1,
4AHy5u,1,
540y1c,1,
3T6062,1,
W70QlB,1,
G2qU51,1,
4t43V3,1,
e7D648,1,
815o6r,1,
c2D326,1,
MmE2wq,1,
C0a652,1,
5hm2qv,1,
1E3Rfw,1,
47715n,1,
KH3672,1,
41X18L,1,
VOa34Q,1,
U4x56D,1,
18CCY6,1,
341OPs,1,
t5F1f3,1,
03Tr0e,1,
4uV06O,1,
XU673q,1,
E428Gc,1,
8LLJ28,1,
4C56N5,1,
7K2VO5,1,
jO4407,1,
330312,1,
vL43aJ,1,
PFA383,1,
0RwwAb,1,
3PLIMW,1,
510y5f,1,
71h2Mj,1,
U3aK12,1,
sN11VC,1,
0eLq14,1,
H10Ho0,1,
4rqRU1,1,
nT5l1S,1,
2Hk12T,1,
U27Q1B,1,
8fq60L,1,
07l00P,1,
G1173b,1,
aIW71W,1,
1RKG5c,1,
12k73f,1,
7010s3,1,
NqAre1,1,
k15Q3A,1,
r41S1u,1,
428Wrg,1,
4NFL3N,1,
3L1HeL,1,
Mi4W52,1,
AJOt66,1,
H3p16F,1,
L005T2,1,
6gNq2n,1,
087uML,1,
255Li0,1,
5nmpt0,1,
467x6Y,1,
u64W48,1,
68xa36,1,
45561n,1,
x4tR2d,1,
mTT014,1,
V371E5,1,
7TOp7Y,1,
IL7o30,1,
ay8yPS,1,
62H0b3,1,
f5R20w,1,
48735e,1,
q6mU40,1,
A41f1P,1,
641cbp,1,
cB6D24,1,
2014qP,1,
2iOn5h,1,
1b2378,1,
p5ND2J,1,
pX3JFc,1,
4B43gO,1,
3Uk0No,1,
sV3l3s,1,
675qL1,1,
dvx178,1,
t4nu17,1,
p3n7y5,1,
M2782q,1,
7vbitn,1,
3T1k0n,1,
d6g1l6,1,
7Ekw3u,1,
530254,1,
T7cW52,1,
WGPNP4,1,
E03IfC,1,
640006,1,
l8R537,1,
tV4oI1,1,
52v6jt,1,
y764Mc,1,
5h4643,1,
DD314k,1,
PaD58B,1,
82300h,1,
x5w04F,1,
N76634,1,
n03d70,1,
5Vff0k,1,
5sI883,1,
6L6UhK,1,
tIRxux,1,
6l60j6,1,
76K8TO,1,
2IO0Le,1,
88nVo4,1,
0mt60P,1,
341O53,1,
BqW4tB,1,
l365c6,1,
w17l5g,1,
i18pu1,1,
3283iT,1,
em5PkX,1,
10JP51,1,
ETT4Sf,1,
a4O1un,1,
yA36td,1,
3V1NV1,1,
0V2IEr,1,
S88qj4,1,
1es305,1,
ta2Y78,1,
13685y,1,
5KRDJn,1,
47Mnae,1,
h44J6H,1,
8u8EQ7,1,
8RU6jj,1,
pN486I,1,
mu628k,1,
0UWUb3,1,
0S5836,1,
cNjiQs,1,
7dm686,1,
6CH51B,1,
u6C6BB,1,
37K284,1,
54Y1px,1,
luT6p0,1,
05l741,1,
c2W274,1,
27d126,1,
ME5G68,1,
4P3A5W,1,
Bv0A7X,1,
f4q480,1,
pY08WK,1,
22f232,1,
y042yN,1,
A1V3N8,1,
2G4in8,1,
S00l75,1,
17IfH2,1,
448P6c,1,
2TL32R,1,
n40180,1,
56Ww7v,1,
gS5u1e,1,
7j7k1m,1,
A12t3P,1,
KT6XJ4,1,
t20Od8,1,
F81alB,1,
D5wWy6,1,
M2sCrI,1,
4MjX8T,1,
JhEc6N,1,
YI50Q4,1,
2S48t7,1,
p6Hcgp,1,
cW40ML,1,
h5K6kq,1,
186Gaf,1,
dD41k5,1,
35l3dw,1,
206M36,1,
h30f51,1,
c4ak6S,1,
7um0mO,1,
1773vA,1,
p150y7,1,
600387,1,
25x7q1,1,
1m7E2F,1,
3HgGge,1,
477KVc,1,
O42Xh3,1,
bKhE65,1,
558yw1,1,
1TF133,1,
c8Vn83,1,
486x6v,1,
0aLN1l,1,
632Khb,1,
t5O0Md,1,
4420P6,1,
0jPpcu,1,
i4014y,1,
Ub8Bis,1,
pQDD2E,1,
6I2uAj,1,
sW5830,1,
ui46P6,1,
4G3bS0,1,
4v7UuE,1,
255e64,1,
4T04MV,1,
1668l1,1,
TOT575,1,
U8P7mH,1,
mO5Iil,1,
S57p23,1,
24336j,1,
6Ga763,1,
2T5u8s,1,
m14XTt,1,
g7MH11,1,
w67166,1,
50ci4V,1,
n1A65y,1,
523L3h,1,
3v224g,1,
aWAyJ5,1,
26vh5Y,1,
G0P0Sl,1,
07E375,1,
QC578q,1,
AqUY68,1,
N731iG,1,
W28664,1,
vOR45l,1,
l476O5,1,
234oON,1,
1pP3He,1,
I45g27,1,
P1403j,1,
HPq014,1,
07gQyn,1,
1Wne28,1,
q21UeM,1,
Mq21p1,1,
rr342E,1,
755B1b,1,
25i5Qr,1,
00qW16,1,
q8YqLv,1,
52f3wV,1,
R87Idj,1,
05Ak54,1,
YsY2t1,1,
V81wSL,1,
2Q15Rw,1,
50yT26,1,
GNcoVy,1,
py4o43,1,
4n7yhV,1,
h3D053,1,
u46war,1,
87Bi8u,1,
DN212y,1,
taD660,1,
nT8216,1,
MrS2Wf,1,
oWe5dx,1,
3HV4J6,1,
w16523,1,
44q32o,1,
u1v3F4,1,
wxs7ln,1,
3QM257,1,
m4dB73,1,
w781n2,1,
FN4186,1,
5Obs2e,1,
A1L344,1,
yAUkf7,1,
70w513,1,
X7l768,1,
y6Q2L5,1,
7Ce84O,1,
gQ3x4S,1,
57QU5k,1,
23H800,1,
21lxe8,1,
5Qygj6,1,
503J7e,1,
4A2256,1,
c17c01,1,
I0806J,1,
o25Vms,1,
36vk42,1,
2NJ4jq,1,
0708JF,1,
NBwM41,1,
l5I307,1,
Iy27X6,1,
7kt3O1,1,
xY36LV,1,
62184n,1,
06r3Mp,1,
8672Is,1,
5D4BX3,1,
3rk7H0,1,
102888,1,
f8D1q4,1,
aaJV15,1,
30qO5G,1,
6MI4Vh,1,
Ka6NWc,1,
Ir3H56,1,
7h885P,1,
0n3jX4,1,
g6Syg2,1,
5InLQA,1,
UR1o7w,1,
M74GXb,1,
a1J6c3,1,
6c7G22,1,
1Qdb47,1,
Y8pS2X,1,
RIc251,1,
J1n7iw,1,
lrHwJ2,1,
711w5L,1,
wo3UBO,1,
NcDG7Y,1,
0C4pJI,1,
51iNuK,1,
51b33q,1,
47jtSN,1,
q28J10,1,
RlHD1Y,1,
556J54,1,
0Nr06R,1,
336vh7,1,
0L2pCN,1,
24hlUN,1,
qE676d,1,
q331CO,1,
0CIbcB,1,
7C3s84,1,
57336l,1,
m4j8a2,1,
l21143,1,
050MnY,1,
03lj77,1,
3ybKU6,1,
q37PAH,1,
628s2R,1,
8V185C,1,
D517Er,1,
88C483,1,
ku2xKY,1,
bv1156,1,
Y53l2S,1,
2I6wwo,1,
rPPFU8,1,
257632,1,
BUg4uY,1,
B2yo22,1,
cPx073,1,
pR0piW,1,
pcjIS5,1,
8426CF,1,
5Gjs74,1,
7cI5C2,1,
4QO51S,1,
3VVH4C,1,
5Qq005,1,
00547L,1,
24p361,1,
122j1A,1,
kI4181,1,
F4g06M,1,
vYAP58,1,
R8auV7,1,
8L34Q2,1,
fHbf61,1,
S0oXib,1,
1m8Ym1,1,
1x75qG,1,
1u8j21,1,
iq6800,1,
48QF6w,1,
t8d7j6,1,
N044E5,1,
dd47Bv,1,
7NT4X0,1,
DOET3j,1,
6mmDQ8,1,
0ws44C,1,
EjK047,1,
0j453E,1,
3ura5k,1,
D1DL3t,1,
7Gy4c0,1,
K7y42F,1,
WP8Q71,1,
sA8368,1,
XU13g5,1,
gKjc84,1,
cL265S,1,
kG352h,1,
Q7rKp4,1,
8Q16o8,1,
gPJA55,1,
841aSV,1,
vQH0M5,1,
4Y4438,1,
b6362B,1,
Wu7T4m,1,
cl2031,1,
bwb4S4,1,
1jl2iW,1,
51b0h8,1,
FnN5IN,1,
6V4qA5,1,
5W70wS,1,
3HyYx6,1,
31hwD7,1,
j7xT10,1,
2033y5,1,
72lPA7,1,
rmH247,1,
V440gE,1,
v0T84w,1,
uk2d7H,1,
oHmh1k,1,
3151h6,1,
82p67m,1,
t8y81b,1,
s31s7T,1,
klbrCD,1,
4G530D,1,
384qg3,1,
4T4IUW,1,
4Ko246,1,
h67788,1,
7L0600,1,
55f67K,1,
ced568,1,
fqt03B,1,
633435,1,
61U0I3,1,
r086EA,1,
1jQqh6,1,
1bsyo7,1,
r753mG,1,
Y8062T,1,
22d8hs,1,
dwTEbL,1,
1dD6kv,1,
310bSq,1,
075M52,1,
64bHUa,1,
J6VXXW,1,
4r87ox,1,
4tn7o4,1,
y6GWPX,1,
gW3Muy,1,
lBKj2b,1,
rK74t2,1,
H31Gx2,1,
2378C0,1,
03e7a8,1,
o0b036,1,
oG0E5G,1,
SrA282,1,
3DD1dm,1,
5gX5R4,1,
r031LG,1,
JcFQ5I,1,
7P142E,1,
6845b3,1,
k7B6gH,1,
Ff7QXm,1,
51554T,1,
5tM6MF,1,
N1625G,1,
8201b4,1,
O885uV,1,
Oypv8K,1,
3BH1Q6,1,
51N174,1,
BK8h1Y,1,
Gln38u,1,
tPivPd,1,
t305H5,1,
bI6X08,1,
j7300O,1,
gqABCq,1,
g4l1N4,1,
3135ln,1,
42wK0F,1,
5W2c67,1,
87ll52,1,
b45p27,1,
xA2KEA,1,
0N1p21,1,
4wTh35,1,
uuU2HS,1,
ue2RhS,1,
Wi4Q27,1,
I0a702,1,
VU66O2,1,
Egn60i,1,
52761Y,1,
G7p34R,1,
882R34,1,
644481,1,
L4eXQ8,1,
i41Mup,1,
3pG6Q3,1,
4h4fF6,1,
66s3S0,1,
6635u6,1,
UEDU02,1,
0O0wQ4,1,
x6l6r8,1,
s5405n,1,
8553KS,1,
l33Wr3,1,
u7J2Y6,1,
817J88,1,
02sK2B,1,
D68k65,1,
82P7Ld,1,
m7B5yO,1,
4l0QH8,1,
0R67xw,1,
4ucwbx,1,
CwR0FY,1,
LA36G8,1,
x46grj,1,
w53q1J,1,
5unar8,1,
a1215G,1,
6W7LhB,1,
hJBd1W,1,
J3F882,1,
FO674C,1,
0yyn4G,1,
D3hr28,1,
84IdO2,1,
kLxp87,1,
JE4H72,1,
Cwc7V1,1,
24WXC5,1,
BU12D8,1,
2ub4Iy,1,
cI3T8U,1,
Mh6s4P,1,
O6n687,1,
3Q4rx7,1,
74G120,1,
034w40,1,
6A85Ei,1,
LF20Tp,1,
800K4V,1,
g8E7D8,1,
dU77xP,1,
60aE31,1,
6346Vc,1,
2H1t7G,1,
6d0qp7,1,
18863i,1,
S27KK3,1,
1Np47e,1,
3I3E23,1,
2xvIP7,1,
8w6Kli,1,
S8hE8b,1,
s24221,1,
U28IxU,1,
775y86,1,
gcy8YV,1,
Fw05kM,1,
u3JW7F,1,
NF4pOh,1,
0680i0,1,
UKHdF3,1,
723Q35,1,
Dcg8tG,1,
0Vr0q2,1,
v1Fp81,1,
tp8c81,1,
41uNG8,1,
000033,1,
148yO1,1,
BkIQ78,1,
0qDU0O,1,
3Dtm2U,1,
7y3j21,1,
2L0S85,1,
7K767h,1,
e3G74D,1,
L168Io,1,
iin467,1,
7Qjh52,1,
DgN150,1,
f27o3p,1,
8B6D44,1,
0SvJjJ,1,
331u88,1,
kI52ju,1,
wvbx1P,1,
3AKaE5,1,
0i0lQu,1,
ri2588,1,
J34b5L,1,
6n72gt,1,
7xfq0m,1,
2kce0D,1,
TIIjrq,1,
4w34l7,1,
h1208O,1,
638Ipg,1,
251J28,1,
tW81DI,1,
DVll8f,1,
G64l5J,1,
X3kV80,1,
TYHXdw,1,
828kRx,1,
1I782V,1,
0E2xst,1,
qk3807,1,
rD14CO,1,
iIP285,1,
5F57TY,1,
CG1U8L,1,
l1447M,1,
445412,1,
c1x4g8,1,
Q680O7,1,
T06240,1,
8X2p42,1,
S6r54t,1,
6i042d,1,
1y21R7,1,
u41878,1,
IF5H5t,1,
5O21se,1,
8RgX05,1,
62e80r,1,
yQ2lvW,1,
5XDC77,1,
8s438m,1,
y8404s,1,
5D4L70,1,
2W573r,1,
cXuoBq,1,
t8r6pC,1,
1IH515,1,
3UU4Cc,1,
N4FOks,1,
N117Mm,1,
RFUoC4,1,
8500y0,1,
CY1kG2,1,
Wy51lh,1,
65732d,1,
A34R5V,1,
33q648,1,
J2UXC0,1,
13M0lC,1,
6550u8,1,
aB6707,1,
7Oh008,1,
7a2q1E,1,
3y3yIO,1,
4p7STw,1,
M0b3o4,1,
vRn3P4,1,
S61a85,  ,1
oqx6h0,1,
fs0YDQ,1,
14nG73,1,
it5E43,1,
4l4KSd,1,
E5Ek60,1,
d07a3T,1,
173C40,1,
1012G1,1,
g4Ph17,1,
B748y2,1,
JbFCb8,1,
I4H126,1,
k78ec0,1,
5P771C,1,
8FY4OQ,1,
W6Pk66,1,
v5E53c,1,
D85nI0,1,
8j4184,1,
D16F62,1,
0CR17A,1,
2eHqo8,1,
Y44ra6,1,
418DGU,1,
4F84Er,1,
2v5Bqo,1,
71S22t,1,
57E112,1,
o4c060,1,
64377I,1,
Fcm538,1,
0XU5p1,1,
a06411,1,
n1NLP1,1,
8R1WHh,1,
WBN27p,1,
X7yO8m,1,
G0y23N,1,
s3D4ii,1,
k4xe2k,1,
glDQr2,1,
4h6865,1,
5B7ERM,1,
3tc0k3,1,
4S8hW4,1,
3YI1dA,1,
vUQ458,1,
1K8BfB,1,
HRIi63,1,
h5e6uC,1,
1UO11i,1,
25B1hl,1,
72c7Id,1,
0116QY,1,
DbV0PX,1,
02lS5d,1,
21l2JB,1,
08rWc1,1,
B6V3MT,1,
M6N1X7,1,
I515Uf,1,
8081IQ,1,
O4aKN7,1,
3ay42A,1,
0Um845,1,
6DMiqp,1,
In1Xag,1,
737628,1,
eN2618,1,
5261ex,1,
ICKGqK,1,
ybO0CL,1,
O6156j,1,
e77t08,1,
5586rQ,1,
MO2etp,1,
3G32FS,1,
5c4f3W,1,
N3fv0l,1,
e7d842,1,
Y2wIaU,1,
6PFE16,1,
Gwh206,1,
3s825w,1,
u020Dt,1,
8x01h1,1,
o1h1k2,1,
8QnEEa,1,
838Tc4,1,
w6M511,1,
2u33y8,1,
x26jvG,1,
3e8270,1,
5v31y4,1,
A7KcIl,1,
7EQKlQ,1,
QPQ6a4,1,
18224f,1,
HA02F5,1,
516410,1,
r4arI5,1,
P6Gw8W,1,
wPQ7Av,1,
Al53m3,1,
1kbQ04,1,
fo3O3k,1,
tA55I2,1,
qNRpyf,1,
050B7N,1,
571f4A,1,
l725K7,1,
KKtx4W,1,
5851H2,1,
6471wr,1,
4wJ8T4,1,
QL0C8d,1,
U4poh3,1,
XC38c4,1,
0xPAgf,1,
P3q312,1,
7086t6,1,
2NA8gI,1,
pirJ05,1,
n3gw12,1,
8S7V1j,1,
6eP282,1,
XP7cQA,1,
2eH771,1,
42A5Bh,1,
Pwg822,1,
5in744,1,
3lUH24,1,
f1UG5y,1,
76Va4y,1,
r1367U,1,
7N3BR8,1,
A8rB7Q,1,
p0VILi,1,
5u3q81,1,
fq41E3,1,
671265,1,
73e65G,1,
0OH3yG,1,
P3a888,1,
Bn54kv,1,
16pk70,1,
xk4nC5,1,
O3Q45Q,1,
yg4lI4,1,
U128B5,1,
ldTW27,1,
t42e58,1,
gL3H24,1,
1sj838,1,
jcW63X,1,
cMmyq7,1,
718725,1,
Sc32GG,1,
M8u830,1,
Lr03Xp,1,
cY0hAH,1,
20G041,1,
2757ok,1,
quKT31,1,
RS1288,1,
5vmw2o,1,
l80q45,2,
e2j675,2,
014IFC,2,
nM3673,2,
p1W83B,2,
J3513o,2,
yb63F4,2,
53bH43,2,
00KK6f,2,
ev1m23,2,
U27ceh,2,
24er2R,2,
00I56k,2,
FTq248,2,
0A6llq,2,
g37Vu5,2,
RS6627,2,
Spg88r,2,
1mm1nE,2,
T7J86D,2,
CSF21h,2,
855dW0,2,
B2rH13,2,
B2jjp3,2,
os560I,2,
6361B8,2,
kG448a,2,
263112,2,
o0x5C2,2,
2116R0,2,
2LlB86,2,
6w04L7,2,
O475go,2,
OMYih3,2,
333282,2,
cR4PGg,2,
v06A6V,2,
462633,2,
2335NE,2,
8Y8046,2,
fj5A03,2,
3158Nw,2,
80U704,2,
kmxm65,2,
Rt0w3u,2,
a18Ux7,2,
i8721p,2,
r546Of,2,
8O3vp4,2,
lFOo22,2,
k52P25,2,
36f615,2,
vQwj8M,2,
7i7Se7,2,
1h6OH7,2,
37gwV4,2,
761Lt7,2,
12mX3Q,2,
Y10G83,2,
2Fo62T,2,
SDmC8B,2,
PN03D4,2,
Tk7VoO,2,
ly4eb4,2,
02tom6,2,
dqsK41,2,
6it47N,2,
5TQol5,2,
64KGu2,2,
Hy86c0,2,
111340,2,
04062L,2,
12V748,2,
hD888V,2,
7soo44,2,
s8NHqG,2,
85Tp6L,2,
81n6t7,2,
UR52l1,2,
FwpHQ7,2,
B4LA4o,2,
184muH,2,
7l44U3,2,
M26a3H,2,
OWj0C6,2,
441f06,2,
2x6x0n,2,
53OTPd,2,
0bmBh2,2,
2737gk,2,
mH1v3t,2,
553Jf4,2,
817r8I,2,
Hj3f3P,2,
7oY8NI,2,
4Bd26h,2,
22jy8w,2,
K0J7D2,2,
G4j4M2,2,
Vx4014,2,
k8DE2l,2,
4fv53F,2,
N214bp,2,
GNuxfk,2,
3t5w77,2,
R5e5qo,2,
2l4QYy,2,
81tBw5,2,
G7k2ub,2,
2pd3pu,2,
3Gk5d3,2,
07c70n,2,
Q71NG2,2,
10i208,2,
c56wB1,2,
c4J6t0,2,
JFs3Gb,2,
5K451D,2,
k1ceDc,2,
28xR70,2,
lN3A25,2,
Oh1450,2,
6m8LAV,2,
M212E0,2,
bnu4iA,2,
12dmxA,2,
kH2g76,2,
CMk4p8,2,
HkkO8i,2,
4pw125,2,
J0yQoC,2,
4R1ntH,2,
aU61X0,2,
m655O4,2,
T0S1L6,2,
7L511N,2,
Mv4T5c,2,
u557M3,2,
4p5e1i,2,
t6b222,2,
7gt5GD,2,
43X1o6,2,
c824L3,2,
yRY55G,2,
rI3571,2,
OgxWB2,2,
D46NWy,2,
m08o53,2,
e6hkv0,2,
r4Wa44,2,
0R806I,2,
m5d064,2,
06uTx2,2,
84116A,2,
v53tpN,2,
eA5634,2,
J78ixf,2,
6J7473,2,
5w58Hg,2,
0A86lQ,2,
xeJp8M,2,
7V0006,2,
W0u811,2,
4n16h0,2,
5Ugm3i,2,
0G77Q7,2,
e72sM1,2,
4J6jL5,2,
53N065,2,
441eEA,2,
6f473v,2,
Xp2L7s,2,
S5o4F1,2,
4k55m8,2,
6pq217,2,
3j87QM,2,
66p71I,2,
eeIb01,2,
Pc7wSJ,2,
h16Y7h,2,
K2686n,2,
84858k,2,
q2i0pe,2,
6A01mJ,2,
x53mce,2,
45rP4Y,2,
i64pa8,2,
i754W3,2,
04pA0a,2,
v6D0sU,2,
p3p4X8,2,
27uY4L,2,
41u171,2,
4aRIs7,2,
bQRh88,2,
51F6I1,2,
R3x6U2,2,
Y82G5k,2,
oIvSTk,2,
sE3mkD,2,
7ld126,2,
XhLjnT,2,
SU732a,2,
j476g4,2,
WF8570,2,
7VJ8Ex,2,
lo3W2g,2,
U25UsC,2,
07k2L7,2,
641vQ0,2,
k74280,2,
oOL5nJ,2,
20yp5y,2,
40L6M7,2,
1QAK5o,2,
406yCo,2,
j7hpG8,2,
mv7670,2,
44WAec,2,
B26P6y,2,
I2d50J,2,
I16TX4,2,
QUHH5f,2,
gLj343,2,
YqxF21,2,
880Hq3,2,
8G2X8E,2,
05bLD5,2,
542100,2,
4PL3Q5,2,
JXm82j,2,
Tx4K13,2,
k1y42w,2,
I34675,2,
733p4B,2,
ia45Tx,2,
7H62Tt,2,
63Asgx,2,
1Tx158,2,
J7vf4B,2,
A635RG,2,
82bbPb,2,
5315F6,2,
vQ1lhy,2,
YmM385,2,
Q45Jp0,2,
5v265M,2,
a28i68,2,
H4c81R,2,
25f3D4,2,
w2OH05,2,
5Llc02,2,
6IO1WM,2,
To5v3A,2,
5LGa51,2,
M44176,2,
O4K071,2,
43aNjD,2,
c4O00S,2,
r7641f,2,
f0S52I,2,
cR2741,2,
K5s2i6,2,
R1B4B0,2,
35lMaI,2,
727A60,2,
32612F,2,
3x0683,2,
7P1LF3,2,
L881o6,2,
5XVQjS,2,
F7WjSE,2,
86a3UA,2,
R70rmO,2,
7O67K4,2,
8t0ifa,2,
R547fE,2,
1yA0lw,2,
vGK8ad,2,
Ra316F,2,
s7u0NJ,2,
2pOx2I,2,
Y3XkQ4,2,
25D68y,2,
57K7w8,2,
TSAlA8,2,
27kT0T,2,
38o42c,2,
41r4nf,2,
M706J8,2,
i7vx8D,2,
6DbBd5,2,
5RX5b1,2,
L12vbo,2,
1Y3eXC,2,
51P62C,2,
6hXLf6,2,
72W3nk,2,
Pr2P40,2,
0rb622,2,
16hQcN,2,
qjcLvX,2,
QV211o,2,
BdKR30,2,
o335r7,2,
ck5irb,2,
Urc33y,2,
561ps4,2,
885A56,2,
04GW4C,2,
1M1q06,2,
eH0hMl,2,
76A67V,2,
JN7P6F,2,
6e4578,2,
IH7xXc,2,
01UFeS,2,
E3M3Pt,2,
yMfB77,2,
64x33J,2,
045j2I,2,
1h83IW,2,
Xf73Ek,2,
2028yY,2,
e2166F,2,
oRJD81,2,
eF4G46,2,
ImR6HO,2,
lq37XP,2,
5XPN5g,2,
VK3727,2,
71T0jD,2,
8U3lG8,2,
e3p1D5,2,
f21410,2,
Ycb0NI,2,
c1l131,2,
y6D37u,2,
dPlbl1,2,
V6EeI3,2,
e3Q42O,2,
4q7j53,2,
xMi26F,2,
m5L5uC,2,
0GVY32,2,
gQyjB0,2,
jIR733,2,
61yk21,2,
8QD1l6,2,
61lq1f,2,
8Pfrg2,2,
2X610n,2,
43vjwi,2,
206yj8,2,
2xA3T7,2,
1Ca3aC,2,
x6N7oo,2,
M85dMd,2,
J0ikaM,2,
P4Ab10,2,
e838Qr,2,
Y7Q800,2,
2C3mfB,2,
dsm6w1,2,
B8pk0b,2,
Q4726U,2,
O0Q0Q2,2,
rUCb4y,2,
J88g63,2,
njuTCC,2,
G0F2p7,2,
x7JttE,2,
E1ps88,2,
4arcTp,2,
AX42M0,2,
8gI728,2,
45420f,2,
Xq75F1,2,
wu7714,2,
wL7g2M,2,
J10w01,2,
Bh1O34,2,
775b3A,2,
8D4u25,2,
a2L78m,2,
GE54p5,2,
d527Dp,2,
eY05HF,2,
U5H2RJ,2,
6837M2,2,
1EB21j,2,
d5v0h2,2,
e5740s,2,
166H88,2,
8a3Q7s,2,
4N2nou,2,
uYaq7K,2,
621f40,2,
1hsw1Y,2,
Ep71or,2,
37v6y8,2,
17D6gu,2,
61u67q,2,
sju6Cq,2,
Uq011n,2,
R8i017,2,
p0B52r,2,
FIg6lE,2,
eHiU71,2,
tK31r7,2,
70GSc1,2,
4P7006,2,
C8nYkS,2,
085v18,2,
2TPBj0,2,
h6AAPl,2,
qo24M6,2,
1R1ws8,2,
43Q7S1,2,
8GaDO3,2,
7E50Q7,2,
42U22H,2,
wM58LK,2,
y660ae,2,
A8d50a,2,
YD446b,2,
D026Ee,2,
aYo3G3,2,
PJqpD7,2,
438I6W,2,
iv3874,2,
P78728,2,
JKk61S,2,
2I57s0,2,
XKo346,2,
gc0V74,2,
q7J0SY,2,
Cc2bWJ,2,
43lcv3,2,
x1368k,2,
moOP30,2,
7882NM,2,
M7QPia,2,
127e3i,2,
iSvPD2,2,
86d7Ft,2,
C3aK23,2,
8Q5j32,2,
S8Pkjn,2,
j86717,2,
27y783,2,
US1721,2,
a6D54o,2,
734ayN,2,
X6h1Gt,2,
27C26b,2,
4o12pr,2,
8351C2,2,
3312w1,2,
v3d6p6,2,
p3J20E,2,
a54566,2,
BF44K0,2,
qGpfrU,2,
D8Fbc2,2,
7Hl7pv,2,
B7266L,2,
4SS45P,2,
LSmk70,2,
03g65e,2,
U35N51,2,
66a4tn,2,
sRg7F7,2,
t5203E,2,
6123Id,2,
4b48F4,2,
w78sw3,2,
67B5dw,2,
lW2oNM,2,
kJ16s8,2,
3E50y5,2,
iyQ4b3,2,
4lXy2u,2,
Fr0G7H,2,
S7a574,2,
htddLd,2,
3387o7,2,
7a1H73,2,
8e3C20,2,
g3ww31,2,
e72K0H,2,
6L64a7,2,
Ret51M,2,
5ciw1e,2,
vC2410,2,
XKKEu3,2,
P6Yr25,2,
5xk4ly,2,
QPF658,2,
0518p0,2,
q3C225,2,
hW50f3,2,
5fB5d5,2,
457wc0,2,
16b8Y1,2,
JKP0g4,2,
75N435,2,
4vv223,2,
AhVjd4,2,
5880yh,2,
C8Bh3e,2,
n507u6,2,
i188fe,2,
211724,2,
n1575a,2,
t4785w,2,
15fq10,2,
H15EAj,2,
8W718d,2,
ccpl7G,2,
P73661,2,
d42O50,2,
85rnw7,2,
dm45OP,2,
806OHN,2,
466G21,2,
3ui4g5,2,
D6bXY8,2,
33yO7w,2,
303XE8,2,
Sm8biq,2,
2f3lt3,2,
w74ilg,2,
t4eF85,2,
O88E12,2,
0c6DWd,2,
3xtGIK,2,
Pw6UJF,2,
43o0q5,2,
285a2i,2,
d03748,2,
757O2b,2,
I2a0dc,2,
O81437,2,
N4513C,3,
00nEM3,3,
i0MT1y,3,
47RtHh,3,
5e8PdP,3,
k0d56L,3,
rnw501,3,
q6Hg43,3,
0b11v5,3,
7I17Ap,3,
8D4fuQ,3,
gMVe6B,3,
u56qLf,3,
02586E,3,
qwE61d,3,
nbM8A3,3,
45dBOh,3,
g6AP0i,3,
6k56x5,3,
D7aAj2,3,
5YLw51,3,
88AA73,3,
21o382,3,
Md7811,3,
81pme6,3,
Xx5185,3,
C8Obk2,3,
U7qnVm,3,
Dxh6Ov,3,
00Fq4P,3,
xT0753,3,
R8j3N7,3,
26eM12,3,
Ww74C1,3,
511DcS,3,
030Q4g,3,
Ba66EG,3,
8L7cVI,3,
38fnq1,3,
wv8543,3,
D38374,3,
o0gu5m,3,
HEm171,3,
5Ei652,3,
0ikX7X,3,
g654cu,3,
0FK25D,3,
6wvh17,3,
3Rbn4S,3,
T8622K,3,
1O3bIR,3,
2Wly61,3,
Q3NT4r,3,
y13kXk,3,
j17158,3,
qK74Ua,3,
7XM123,3,
Oj42W4,3,
S62285,3,
2V78wx,3,
r73D00,3,
I64eK1,3,
mU8Clt,3,
MF2344,3,
P758SI,3,
e245h8,3,
1D8Du1,3,
L7e35q,3,
DDQvdn,3,
Xn1tg7,3,
nw474N,3,
CX777i,3,
t054w1,3,
h522Rb,3,
04lF7I,3,
u3AS82,3,
e4xa0D,3,
gK24MI,3,
J5cGW5,3,
67m07M,3,
YO41T6,3,
607g6m,3,
63170P,3,
4u5727,3,
6X36WY,3,
c43V5d,3,
J5425I,3,
32558o,3,
054q26,3,
ltaeK6,3,
7Qfk65,3,
5M2704,3,
863461,3,
E23o0t,3,
0h5NF3,3,
D68UQ1,3,
0084ER,3,
681747,3,
774T74,3,
iP2oPF,3,
KW8c3e,3,
mQ0m3f,3,
I3802j,3,
nB31oM,3,
85gF6A,3,
T27j6h,3,
vU53xo,3,
6o5pb0,3,
jm21a4,3,
0H5wV2,3,
PnpK12,3,
j5M202,3,
8y48aE,3,
5Ig3w5,3,
E38s0W,3,
05SB5U,3,
q8014W,3,
4y8t08,3,
1LshQj,3,
GMxMm2,3,
UVGc00,3,
01331g,3,
mPq06W,3,
T2Fbf7,3,
i61X85,3,
IcT772,3,
F5J5ym,3,
u708B2,3,
P687KB,3,
46rW46,3,
1r50fO,3,
7F0707,3,
6E0EcU,3,
07D4O7,3,
2I1030,3,
56SY06,3,
konP8k,3,
J3o321,3,
6U807O,3,
6781bu,3,
TgVp2i,3,
8w44nv,3,
GKe58t,3,
ruwQa5,3,
A1j0BN,3,
esd3B8,3,
Mf168p,3,
0L6B0O,3,
gYF0sD,3,
invy4t,3,
25T70x,3,
b8ss57,3,
1xY7JE,3,
5s27YK,3,
452653,3,
loC6PQ,3,
hrdDAl,3,
42s0F8,3,
281156,3,
850k44,3,
1RShvE,3,
uF34IN,3,
B3js03,3,
8a2ftX,3,
35658h,3,
Q15256,3,
b2e1XX,3,
s0uu8f,3,
64D855,3,
3YW454,3,
2oj0b1,3,
L5H1XG,3,
t6M206,3,
2l45Ve,3,
1iB57i,3,
44hBQt,3,
7D10SR,3,
0GY28t,3,
342r70,3,
QmBHdb,3,
7Mu2me,3,
0Ns464,3,
71uJ31,3,
UQ5Nu4,3,
30J68g,3,
k653Y7,3,
178384,3,
rH30H6,3,
w620Jq,3,
3O2X5u,3,
s320Jk,3,
581733,3,
8QEdre,3,
jY6355,3,
5nBNYm,3,
846Bqd,3,
B32lD8,3,
845A1J,3,
K0538t,3,
3TDea8,3,
4767y1,3,
06A0m0,3,
75Ve1U,3,
r22OWx,3,
gT3d50,3,
F107Uw,3,
Kw32ud,3,
c45001,3,
c75dLw,3,
N5a4af,3,
0p50r3,3,
AeP4r0,3,
J1E872,3,
737lp6,3,
876Tt7,3,
hq007A,3,
5oU4hF,3,
JGkQPw,3,
S651s5,3,
5XF62i,3,
PN1Ae4,3,
16b458,3,
43je5e,3,
7qDfs0,3,
0O0r1a,3,
UP246b,3,
7m6oK4,3,
37FLec,3,
yRv3cX,3,
H134cx,4,
P6J810,4,
5N12I8,4,
177C5J,4,
q15LcX,4,
2Jgq47,4,
02e105,4,
0a4G0D,4,
v4T44s,4,
280746,4,
qJT76D,4,
y2IAp3,4,
mxn30Y,4,
f2lvux,4,
S1Nh4t,4,
157egb,4,
r83e2W,4,
1634EJ,4,
4DsU37,4,
87I4cX,4,
0D35Ik,4,
pG3605,4,
8cIl30,4,
TW7vi2,4,
K307X6,4,
E02FRr,4,
X7432O,4,
vFj0EM,4,
8euM0X,4,
eog434,4,
51HUfG,4,
b3v078,4,
7uop8E,4,
v0BRv2,4,
TrO656,4,
e220gE,4,
571WM8,4,
2aB430,4,
ctE7ju,4,
e3eS31,4,
02rXq8,4,
2a27k3,4,
4D63j0,4,
55m831,4,
1DHNMT,4,
wI62p2,4,
01YXsC,4,
TC1PEc,4,
5P47m7,4,
7378D2,4,
DyS6d1,4,
8P855K,4,
028ggt,4,
5fbHo7,4,
5GCc5M,4,
850O72,4,
vI48Ld,4,
74wqY7,4,
y1j0gE,4,
lH866Y,4,
N6H5wr,4,
7U6gr0,4,
meo0Ac,4,
C1d6Sd,4,
55w7Pb,4,
6RR5uM,4,
hp402T,4,
y3c2O2,4,
WAd0v6,4,
R146Ie,4,
10356p,4,
1UcI7T,4,
1shUK7,4,
7hk21g,4,
s55Xrc,4,
6S3stt,4,
2k2g3O,4,
73ny0y,4,
h3F00w,4,
I4V33b,4,
Q7738N,4,
271u5A,4,
ff307n,4,
a6S12G,4,
4H5P6s,4,
qB0H27,4,
R8l5TR,4,
72148W,4,
234VLj,4,
A62Lj3,4,
UL500t,4,
6Wd160,4,
dfdS0M,4,
417640,4,
4xK627,4,
U878o7,4,
o6Sj4L,4,
4NTwpe,4,
P0wBPy,4,
H7085A,4,
214GL8,4,
3MpR5n,4,
13763r,4,
4d8131,4,
4oxO7q,4,
V03hU7,4,
H02x17,4,
1ni802,4,
W5wH58,4,
X5H5BR,4,
555D64,4,
YL66wH,4,
r4i721,4,
2607x8,4,
g7aM0W,4,
4587LC,4,
866pd8,4,
r3lBOm,4,
81X16v,4,
77C38S,4,
Hk7507,4,
WXy000,4,
5w7V62,4,
68543M,4,
fp26vu,4,
0Y4los,5,
434RD4,5,
27Tam2,5,
IBr56k,5,
LdKhb0,5,
0xCS30,5,
7LYIuJ,5,
Aa1448,5,
38JBO7,5,
7Q86J7,5,
NlI3Vt,5,
Sus0wh,5,
7M38f5,5,
K21622,5,
F728vs,5,
1qX146,5,
a5U01D,5,
Gck867,5,
GDk164,5,
758Mdk,5,
4nEXSD,5,
80y1Ru,5,
CR8OFB,5,
0YOsJP,5,
5X3783,5,
88Jbn8,5,
Telh10,5,
NRNgdi,5,
N8pA30,5,
LQIn2u,5,
16022d,5,
6eeh4a,5,
727k22,5,
45U0KW,5,
u770F5,5,
2U7R81,5,
01Xl42,5,
551J0a,5,
4j2eL7,5,
14MCVL,5,
OfDcF2,5,
ujb2An,5,
h500yt,5,
f11U7T,5,
q25w34,5,
686030,5,
XUE32L,5,
m6gg33,5,
5TX63a,5,
5yDeaj,5,
jHSr2N,5,
P6vff3,5,
Jqn240,5,
G5r43P,5,
TF0L31,5,
158040,5,
l37612,5,
NrTCq1,5,
82n562,5,
833786,5,
1nc1H2,5,
5T2V6p,5,
jE7A8o,5,
256eiI,5,
eWJld5,5,
l4uK22,5,
03fxH6,5,
IQ336v,5,
Q3cA5H,5,
Q4w622,5,
wc20M3,5,
TP7l73,5,
R08014,5,
0X21w4,5,
F24tpI,5,
5I54Ap,5,
2B7wCC,5,
c2084U,5,
3jSi3N,5,
836su8,5,
Wkb78D,5,
2O61l6,5,
S4dM43,5,
7XK048,5,
7011p0,5,
p1C363,5,
03U7GK,5,
5f4577,5,
07M8F3,5,
5Yj11a,5,
Xk3qR4,5,
5HTDrK,5,
b1O6R8,5,
i3XHga,5,
or5623,5,
48Dx63,5,
C71U88,5,
FF54H2,5,
uF0D4E,5,
ac4745,5,
Mea3O5,5,
386U0U,5,
714Vj3,5,
Eha107,5,
584E50,5,
83Awl2,5,
2wp668,5,
17wx8W,5,
880l73,5,
d43fg7,5,
0Tpu5U,5,
k6R258,5,
383Y24,5,
Lj0LV0,5,
65q2VE,5,
rf217J,5,
516tCC,5,
V855c5,5,
523mLR,5,
1OeAb2,5,
72vDJ3,5,
LrTp0x,5,
7kY2k3,5,
GP33kC,5,
0D3SJ3,5,
uGYe0j,5,
B47W3k,5,
S2Bf16,5,
5Dcrrd,5,
T7WHI7,5,
Pq6NoI,5,
4846um,5,
1aWu76,5,
5VLuR5,5,
Ao1Ypn,5,
6Vqs83,5,
7bKL67,5,
22B4N7,5,
Lrq52l,5,
X3Y3pa,5,
63BTfe,5,
7V8Ird,5,
55j2L2,5,
J76f8J,5,
0345d3,5,
G8G8P7,5,
0E51Tf,5,
jSn0k0,5,
e485jv,5,
b3i33D,5,
000278,5,
B2MKU2,5,
57Sol5,5,
q52M5P,5,
475B81,5,
6aF7k5,5,
u743d2,5,
0k2xoj,5,
Bup1j5,5,
mD70Q2,5,
040B05,5,
1p56u8,5,
0wqaJ8,5,
8m853g,5,
e3i11o,5,
feLT84,5,
2AFxPG,5,
3V8q27,5,
IdYa35,5,
3275C5,5,
UG0V6S,5,
4BB4c6,5,
ov75a1,5,
p42e8s,5,
20O1av,5,
XkDXg5,5,
P3GQ6c,5,
42XWW2,5,
0xXJB8,5,
O5422h,5,
68vF27,5,
54GXmG,5,
60Tr5d,5,
0M7560,5,
l7e62m,5,
0gu3Ym,5,
tw0bSp,5,
3qS7c6,5,
cmX8i8,5,
1HpA56,5,
MH7lMA,5,
LmPEl4,5,
H1ntXm,5,
083G2w,5,
20yy07,5,
Ew2137,5,
p11I6g,5,
870577,5,
4486CR,5,
ygxYT6,5,
6Dh40q,5,
sTQJ1I,5,
J72322,5,
x8A1Oy,5,
a4P28O,5,
10SF56,5,
kbr6Yu,5,
a78C4j,5,
D27WrJ,5,
ig0517,5,
6Tc2b6,5,
05y3uE,5,
sb5uaD,5,
61tp23,5,
0LYu80,5,
D5If3q,5,
3y2084,5,
41un86,5,
f3X5B3,5,
74gkGn,5,
6U40NW,5,
2s0q3d,5,
x28Aj2,5,
4bT2w0,5,
5c674I,5,
L37U35,5,
nEHk02,5,
8M65GY,5,
q45xYl,5,
M55mUA,5,
G1S3b6,5,
5T120L,5,
3VREMR,5,
20A230,5,
a0284n,5,
1tB3HB,5,
l46X7P,5,
R0r7y0,5,
74S468,5,
2637OS,5,
n67nES,5,
tcBHjy,5,
7W8d14,5,
wm7Ai1,5,
t867H7,5,
Uh3Vvi,5,
7j73tR,5,
25o335,5,
Q18O16,5,
kfddv1,5,
07GY76,5,
l75B0r,5,
4CR738,5,
q4Y134,5,
r07yq0,5,
1o4832,5,
2o446E,5,
k28j04,5,
sLuI7R,5,
W8mJr7,5,
3I6Wn5,5,
s68H81,5,
1055lq,5,
CE5LX6,5,
781581,5,
4646Pp,5,
E381OO,5,
ui42fL,5,
o00V08,5,
462UU3,5,
bU2o72,5,
3W7yTU,5,
X5Uq41,6,
ehn7s3,6,
1sQ780,6,
2Um8h8,6,
U03C37,6,
4Va0Ug,6,
dQSS56,6,
Dd1Y33,6,
02dH8Q,6,
fO28T6,6,
470573,6,
6Lh4mD,6,
4bYm8H,6,
pq8w47,6,
tpR3u4,6,
Ncl7F3,6,
66A5B2,6,
5400WN,6,
5G0eIt,6,
o8aI5l,6,
513206,6,
8HcwqI,6,
37B011,6,
GTHHLE,6,
17q602,6,
kL66iq,6,
T85QS7,6,
Q18R45,6,
55N3MV,6,
i0PW10,6,
7q72IT,6,
FT5cOD,6,
351E20,6,
haXB6L,6,
5I70t1,6,
10rx8U,6,
207SmA,6,
Vl2uW2,6,
J8Pi6P,6,
J500cS,6,
41W1T2,6,
36c3hm,6,
7n5S06,6,
4Nvq10,6,
q4sCly,6,
W4f08j,6,
06C07A,6,
6Lc7Ro,6,
4CKFC3,6,
2Y5l07,6,
A5N8wS,6,
b3650E,6,
rp4DX6,6,
5321o7,6,
02J0rg,6,
16UUo3,6,
3c284L,6,
1O4L1T,6,
h8gNp7,6,
dMc05B,6,
23a8Rb,6,
822gH1,6,
Q87M02,6,
Y0011Y,6,
Vg30SB,6,
o8HtWp,6,
Q1R4Bf,6,
i1mA1d,6,
SxL0Q7,6,
433L8q,6,
62YK16,6,
F73KxO,6,
62H0dl,6,
0I4F46,6,
kmc56C,6,
51FMQF,6,
525joY,6,
4f57U5,6,
4drd0u,6,
35PVy0,6,
4DPIGe,6,
00v838,6,
71B658,6,
13H538,6,
3l6e40,6,
WW5b2W,6,
2H6m7p,6,
c3D1Mj,6,
010iFX,6,
865p01,6,
5xMWF8,6,
0dT13j,6,
OsNA7J,6,
0QU3gh,6,
m7m88g,6,
V65W0X,6,
t0NJ16,6,
84C01s,6,
25B258,6,
T2Y833,6,
4876sH,6,
6516s2,6,
36UpXO,6,
u42Q6V,6,
G5G848,6,
M82046,6,
0q2L4K,6,
66h64I,6,
23d1op,6,
78C6B7,6,
U506fa,6,
mDf4E1,6,
67m67W,6,
c0P4im,6,
833G2b,6,
p51Qcs,6,
jF2pfp,6,
215oAu,6,
8um22K,6,
67206c,6,
SR2Diy,6,
4G0b3l,6,
6U4qK3,6,
781R7B,6,
3K3Is1,6,
aNK2Ol,6,
v6Frw4,6,
601W3D,6,
IO1d4E,6,
F525ad,6,
kR30yP,6,
4g41G5,6,
21yEVP,6,
068kT6,6,
s01rWa,6,
K6417F,6,
1Y4A68,6,
tv3881,6,
S6Eihp,6,
1f6Mls,6,
3ud0GV,6,
XQ18p3,6,
a77Ojs,6,
72Wr00,6,
s7t7W0,6,
b1AdB0,6,
43W3C5,6,
EW15BB,6,
826r33,7,
1r7aTO,7,
GN33GW,7,
Y87c5s,7,
f7TJlj,7,
cUe81T,7,
587M61,7,
1e17I8,7,
1523we,7,
en8Ft0,7,
4gl4qF,7,
05D003,7,
1BGO5r,7,
XJL0nx,7,
WW4L53,7,
4fy14Y,7,
Ef4Bg0,7,
l05120,7,
84456f,7,
22q17d,7,
0NPbEb,7,
7v046H,7,
t56geQ,7,
w85tRm,7,
c46Ubd,7,
s6By8A,7,
k245G0,7,
j2PVG1,7,
6a5PPW,7,
3s3iQf,7,
2lQ4Cb,7,
1336v7,7,
7r6J2D,7,
U7d21n,7,
A6Nc3M,7,
O84Fr8,7,
2Y1O7u,7,
Igj63J,7,
Aw7Sr4,7,
T40eL7,7,
Q324Rw,7,
5KWpYI,7,
U00r81,7,
017880,7,
02281q,7,
5tv365,7,
s07IDD,7,
t3CeGw,7,
H32180,7,
1215Cu,7,
l8o4p6,7,
O100bC,7,
60ifMB,7,
81AH23,7,
N23Y50,7,
c7e4sW,7,
Wq7u3u,7,
1x4t3V,7,
vt372J,7,
65i78n,7,
670V6q,7,
T8674A,7,
72R0S7,7,
21330k,7,
m2o00X,7,
B18d27,7,
152hL3,7,
1b3i4p,7,
74OG8k,7,
675yEL,7,
4k2k8E,7,
65YO10,7,
45635q,7,
6pSJ1Y,8,
4KY8Q7,8,
unqhqD,8,
14D6L8,8,
037kx3,8,
q5I45a,8,
88rmF3,8,
u2v47p,8,
cCNd4H,8,
G0V15B,8,
47sB36,8,
266XpA,8,
0ucV42,8,
oi7K2f,8,
7223KA,8,
1DU6C1,8,
07Ar26,8,
82Id7S,8,
t46ND6,8,
tJJS3D,8,
eB805r,8,
u6U25L,8,
M8X764,8,
b3w631,8,
c507hQ,8,
1BXi64,8,
2O1N66,8,
7y14WS,8,
vFTq2s,8,
Ronr54,8,
IH7367,8,
8I31h6,8,
Q2547u,8,
UM23fC,8,
3JVuTX,8,
I7m6iC,8,
48QpbU,8,
606a6V,8,
V5UC0n,8,
3J7iUY,8,
PtPGEr,8,
3V05QQ,8,
IG0T3o,8,
m0nl37,8,
L6OK6I,9,
07K7E4,9,
APL116,9,
QDi817,9,
HL05o5,9,
B2034y,9,
pB247W,9,
6UC113,9,
6M4s67,9,
145432,9,
338jd5,9,
5WI70E,9,
5D1kl5,9,
b31a4X,9,
04Iv8D,9,
EthqC6,9,
t271d3,9,
361N46,9,
15t07k,9,
247411,9,
204883,9,
iRe64M,10,
3r477c,10,
QSX1OT,10,
04jxr7,10,
810I61,10,
PdHwFg,10,
bN34wl,10,
U338E6,10,
2FXw40,10,
41jeNI,10,
V52xs4,10,
04qo44,10,
51fYf3,10,
534I60,10,
oc0ScJ,10,
WBvpB8,10,
I0582F,10,
6m6SFr,10,
W74d54,10,
OX5V8U,10,
WFpG10,10,
2724oy,10,
86B820,10,
6hX1sP,10,
Sp3L4g,10,
bKu0Ln,10,
2APGgn,10,
828a43,10,
0wNIX3,10,
Uu005K,10,
vC5MkD,10,
f12083,10,
Am77fF,10,
35g101,10,
8274lr,10,
FiE22k,10,
ws5v30,10,
Ou8D7V,10,
8Ql07v,10,
rT7m0C,10,
rN25uw,10,
8gDWm3,10,
6cpk77,10,
755578,10,
6B5BAN,10,
884e05,10,
D0t20J,10,
27Ft3l,10,
kFgbA7,10,
48Dc1l,10,
JqXOI1,10,
60hKB5,11,
326hOG,11,
876hM7,11,
1F558N,11,
i42Y2n,11,
am85P6,11,
PQA8om,11,
5LnLBX,11,
0F6Ff5,11,
186hhE,11,
1771Rn,11,
G3c8gA,11,
4QPO4a,11,
Kw3Pvu,11,
G6S80L,11,
34yb7C,11,
2xC56J,11,
3a2pa7,11,
5Ru75m,11,
d55124,11,
n2y706,11,
383C1k,11,
Lt37vb,11,
fL2WuF,11,
0R8KS5,11,
Bw3iY0,11,
3g1g54,12,
23Q6S6,12,
60d304,12,
V60865,12,
50T37M,12,
0i6dXX,12,
NMM0FU,12,
7nlHAk,12,
2C6346,12,
d40u3h,12,
65N53X,12,
012eL6,12,
2765P6,12,
476b0J,12,
33y3O2,12,
45UYDv,12,
y5kv06,13,
140684,13,
3B72TR,13,
tdkT1W,13,
fF84c0,13,
j71S5n,13,
866J5f,13,
KB3i0u,13,
Uy2Wh0,13,
kecy34,13,
g37214,13,
53Y7on,15,
28I83u,15,
Nj6M2W,15,
1EUN4s,15,
00Wo4e,15,
4mQA36,15,
45cC6D,15,
2wv5E1,15,
Uc135i,15,
s8o1Cx,16,
5Cl8wM,16,
2m24U2,17,
2v267g,18,
jnpR8C,18,
7P5o4b,18,
1FrX52,18,
r3Y4gC,18,
d5WDxe,18,
215VvE,18,
L15Pg0,18,
6I3873,19,
a011yJ,19,
628756,20,
c3l814,20,
6V6TXF,20,
cdS2AR,20,
B0v1si,20,
VS5240,20,
86ekW2,20,
273hLU,20,
jnb0Kg,20,
266djp,20,
86n764,20,
Qo0A5X,20,
N3S7u4,20,
3Ev8ED,20,
8Ndkf6,20,
886R8R,20,
T13214,20,
50hO8U,20,
sACi81,20,
15h145,20,
4I87l5,20,
p8Rv0R,21,
dP5D4M,21,
7rnow4,21,
eGIsbx,21,
x67e21,21,
vmXO0C,22,
f6tvd8,22,
6482RJ,22,
54njL2,22,
naW2D1,22,
aG56s8,22,
b8055o,22,
dF4tW4,22,
Og84aP,22,
72A00c,23,
4507lE,23,
g3e647,24,
E3I345,24,
Y70yq6,26,
fKk4y8,26,
eK18tQ,26,
SB63jI,26,
4CcQq2,28,
16d65e,29,
1ujDCN,29,
t007Rh,29,
7026Un,31,
U50FWl,31,
VtvyG3,31,
Qt4082,31,
0sJQD1,32,
3w8k01,32,
66JQ56,32,
0U55Kr,32,
s0Un28,33,
N5eX12,33,
V6Mgg0,33,
6LKS0N,33,
3m7OSL,34,
7WL8nt,34,
46KtnM,34,
r1s4K6,35,
55vJ3O,35,
8GPS85,36,
8lA10B,36,
W1i5VO,36,
0ciiuc,36,
73K3K3,36,
11lm73,36,
jQs4W8,36,
Jc13tY,36,
561Rf7,36,
i10d8R,36,
Uqb3a5,36,
3fY5m8,36,
8t7bx4,36,
32x3dd,36,
0Xs732,36,
81a7iW,36,
t58STb,36,
c82P48,36,
m707n4,36,
78m1qJ,39,
WibD3P,39,
v20Pm5,39,
fBUYoT,39,
88bN07,41,
8VI5lB,41,
rS6b03,41,
YGtPwQ,41,
6I5645,41,
07u0Km,41,
BlB741,42,
384Wqi,47,
pB1Q73,47,
s323i8,49,
tB0t10,49,
4h7lA8,49,
43d854,50,
8LS565,50,
A35xIj,51,
Q25g01,51,
f8F20K,51,
iOrto8,51,
B60LOp,52,
57aW1a,54,
0AF1DI,54,
E5x5W5,54,
n1680w,54,
JF800p,55,
158i8e,55,
515r40,55,
f55S3S,56,
16U43T,60,
a1M1u0,61,
dJ2HYW,62,
6b6643,62,
Heh7NY,62,
7m58hS,62,
E7rG4U,62,
M07J3c,62,
Olmw50,62,
E7GA0i,62,
ANrW8n,62,
30E6Xy,62,
6330sw,62,
He3YBj,62,
3Pmq6v,62,
346162,62,
G83s63,62,
s0Ir8k,62,
gDVD27,62,
h4HuWS,62,
42IvG7,62,
8Tm4v1,62,
67TfTN,62,
RQ536U,66,
t1jc67,66,
w5xTX6,66,
666o8f,66,
n15L02,66,
lr2p71,66,
1456kM,71,
Y47248,72,
5q4gd2,92,
MH8q0b,100,
k004R8,100,
466B4e,101,
j5372u,101,
4Ckk5k,101,
TJ2pbT,114,
M38WD7,114,
7DVV5x,114,
71Ul31,128,
23y402,144,
422nq4,144,
b4i135,144,
e8Kiv2,144,
FDCHYG,144,
uVO4I2,144,
0N06Tf,144,
tin7Lk,144,
Nx0234,170,
NO6mFl,170,
3El0V6,170,
2s81o8,192,
11O51e,192,
7pa6pl,192,
UEoX4p,218,
8Q6o5r,218,
8c0Vx3,218,
50g4uq,249,
11k56X,249,
61E4Yr,249,
0YN148,249,
1dY1J1,249,
h678u3,278,
682GJf,278,
D248g3,278,
p10863,278,
374s12,278,
eLy770,278,
1l8h76,278,
6m7J66,278,
IQX5OB,285,
7371Ss,286,
2ia13r,308,
i3fq54,327,
70n11d,358,
26yB68,364,
8d6Q4s,364,
UmD2Ij,364,
58a67v,364,
215Qs4,367,
lTu6K5,369,
1125FD,369,
6q4221,369,
3m5Mq4,370,
647k4A,370,
758g41,370,
47t048,370,
44403b,370,
W3o6CN,370,
7756m2,370,
2024lL,390,
S85G52,390,
775G4A,390,
2H1JyH,390,
MI5J20,390,
HU0008,483,
41C6kk,483,
h3Q0Yl,483,
3q423M,483,
17hbCU,483,
5o6lef,483,
53IIY6,483,
0T4j57,483,
5S41FA,483,
a4850X,483,
5EQ55U,483,
R5254V,483,
08MM4N,483,
81a147,483,
q0VA5I,483,
3G140R,483,
UqEtm4,483,
72oU65,483,
